line_id,payout_date,rider_id,line_type,trip_id,amount
PL000001,2026-09-12,R001,trip,T387403,36
PL000002,2026-09-12,R001,trip,T787877,44
PL000003,2026-09-12,R001,trip,T507828,25
PL000004,2026-09-12,R001,trip,T100527,26
PL000005,2026-09-12,R001,trip,T652027,74
PL000006,2026-09-12,R001,cancellation_penalty,T842792,-10
PL000007,2026-09-12,R001,trip,T842315,25
PL000008,2026-09-12,R001,trip,T210126,48
PL000009,2026-09-12,R001,trip,T263045,30
PL000010,2026-09-12,R001,trip,T212157,65
PL000011,2026-09-13,R001,trip,T622709,57
PL000012,2026-09-13,R001,trip,T187138,26
PL000013,2026-09-13,R001,trip,T637626,110
PL000014,2026-09-13,R001,trip,T374538,62
PL000015,2026-09-13,R001,trip,T246814,39
PL000016,2026-09-13,R001,trip,T708695,71
PL000017,2026-09-13,R001,trip,T591854,71
PL000018,2026-09-13,R001,trip,T318738,81
PL000019,2026-09-13,R001,trip,T700431,46
PL000020,2026-09-13,R001,trip,T247454,38
PL000021,2026-09-13,R001,trip,T643562,50
PL000022,2026-09-13,R001,trip,T463525,58
PL000023,2026-09-13,R001,daily_incentive,,150
PL000024,2026-09-15,R001,trip,T806171,46
PL000025,2026-09-15,R001,trip,T281726,101
PL000026,2026-09-15,R001,trip,T182366,48
PL000027,2026-09-15,R001,trip,T899772,25
PL000028,2026-09-15,R001,trip,T160075,75
PL000029,2026-09-15,R001,trip,T125761,41
PL000030,2026-09-16,R001,trip,T173015,70
PL000031,2026-09-16,R001,trip,T334651,54
PL000032,2026-09-16,R001,trip,T789819,86
PL000033,2026-09-16,R001,trip,T184467,25
PL000034,2026-09-16,R001,trip,T407799,46
PL000035,2026-09-16,R001,trip,T436076,44
PL000036,2026-09-16,R001,trip,T500650,44
PL000037,2026-09-16,R001,trip,T329179,25
PL000038,2026-09-16,R001,trip,T315033,48
PL000039,2026-09-17,R001,trip,T448181,80
PL000040,2026-09-17,R001,trip,T532408,71
PL000041,2026-09-17,R001,trip,T949736,71
PL000042,2026-09-17,R001,trip,T624621,32
PL000043,2026-09-17,R001,trip,T555226,58
PL000044,2026-09-17,R001,trip,T827862,92
PL000045,2026-09-17,R001,trip,T510475,56
PL000046,2026-09-17,R001,trip,T172347,51
PL000047,2026-09-17,R001,trip,T370919,74
PL000048,2026-09-17,R001,trip,T511080,65
PL000049,2026-09-17,R001,trip,T647724,72
PL000050,2026-09-17,R001,trip,T420080,25
PL000051,2026-09-17,R001,cancellation_penalty,T473505,-10
PL000052,2026-09-17,R001,daily_incentive,,150
PL000053,2026-09-18,R001,trip,T455919,30
PL000054,2026-09-18,R001,trip,T879497,53
PL000055,2026-09-18,R001,trip,T814802,44
PL000056,2026-09-18,R001,trip,T172800,83
PL000057,2026-09-18,R001,trip,T693145,56
PL000058,2026-09-18,R001,trip,T677887,75
PL000059,2026-09-18,R001,cancellation_penalty,T474019,-10
PL000060,2026-09-18,R001,trip,T551523,37
PL000061,2026-09-18,R001,trip,T442354,60
PL000062,2026-09-19,R001,trip,T659722,58
PL000063,2026-09-19,R001,trip,T259279,45
PL000064,2026-09-19,R001,trip,T141418,60
PL000065,2026-09-19,R001,trip,T205735,52
PL000066,2026-09-19,R001,trip,T335909,44
PL000067,2026-09-19,R001,trip,T283072,38
PL000068,2026-09-19,R001,cancellation_penalty,T429673,-10
PL000069,2026-09-19,R001,cancellation_penalty,T429673,-10
PL000070,2026-09-19,R001,trip,T478629,33
PL000071,2026-09-19,R001,trip,T180246,54
PL000072,2026-09-20,R001,cancellation_penalty,T262307,-10
PL000073,2026-09-20,R001,trip,T148607,25
PL000074,2026-09-20,R001,trip,T354758,76
PL000075,2026-09-20,R001,trip,T435269,69
PL000076,2026-09-20,R001,trip,T290050,70
PL000077,2026-09-20,R001,trip,T351431,38
PL000078,2026-09-20,R001,trip,T515272,80
PL000079,2026-09-20,R001,cancellation_penalty,T152998,-10
PL000080,2026-09-20,R001,trip,T381812,35
PL000081,2026-09-12,R002,trip,T613006,63
PL000082,2026-09-12,R002,trip,T262030,25
PL000083,2026-09-12,R002,trip,T139522,62
PL000084,2026-09-12,R002,trip,T628529,53
PL000085,2026-09-12,R002,trip,T766541,47
PL000086,2026-09-12,R002,trip,T356530,38
PL000087,2026-09-12,R002,trip,T168905,36
PL000088,2026-09-12,R002,trip,T759671,66
PL000089,2026-09-13,R002,trip,T317134,60
PL000090,2026-09-13,R002,trip,T390542,50
PL000091,2026-09-13,R002,trip,T586664,26
PL000092,2026-09-13,R002,trip,T538964,54
PL000093,2026-09-13,R002,cancellation_penalty,T321474,-10
PL000094,2026-09-13,R002,trip,T491053,31
PL000095,2026-09-13,R002,trip,T768765,74
PL000096,2026-09-14,R002,trip,T600524,32
PL000097,2026-09-14,R002,trip,T444849,26
PL000098,2026-09-14,R002,trip,T106240,51
PL000099,2026-09-14,R002,trip,T955153,79
PL000100,2026-09-14,R002,trip,T340518,90
PL000101,2026-09-14,R002,trip,T332305,25
PL000102,2026-09-14,R002,trip,T120306,35
PL000103,2026-09-14,R002,trip,T724692,78
PL000104,2026-09-14,R002,trip,T815781,36
PL000105,2026-09-16,R002,trip,T131595,61
PL000106,2026-09-16,R002,trip,T633821,61
PL000107,2026-09-16,R002,trip,T150777,38
PL000108,2026-09-16,R002,cancellation_penalty,T488710,-10
PL000109,2026-09-16,R002,trip,T738020,34
PL000110,2026-09-16,R002,trip,T900650,71
PL000111,2026-09-16,R002,trip,T963118,59
PL000112,2026-09-16,R002,trip,T852699,72
PL000113,2026-09-16,R002,trip,T707247,33
PL000114,2026-09-16,R002,trip,T584407,62
PL000115,2026-09-16,R002,trip,T613954,25
PL000116,2026-09-16,R002,trip,T823093,50
PL000117,2026-09-16,R002,trip,T386569,64
PL000118,2026-09-16,R002,daily_incentive,,150
PL000119,2026-09-18,R002,trip,T561093,64
PL000120,2026-09-18,R002,trip,T121304,47
PL000121,2026-09-18,R002,cancellation_penalty,T867996,-10
PL000122,2026-09-18,R002,trip,T866499,78
PL000123,2026-09-18,R002,trip,T557882,45
PL000124,2026-09-18,R002,trip,T368091,65
PL000125,2026-09-18,R002,trip,T950037,38
PL000126,2026-09-18,R002,trip,T267919,29
PL000127,2026-09-18,R002,trip,T164431,78
PL000128,2026-09-19,R002,trip,T539822,75
PL000129,2026-09-19,R002,trip,T775768,27
PL000130,2026-09-19,R002,trip,T178721,35
PL000131,2026-09-19,R002,trip,T465301,75
PL000132,2026-09-19,R002,cancellation_penalty,T366771,-10
PL000133,2026-09-19,R002,trip,T940686,64
PL000134,2026-09-20,R002,trip,T495156,44
PL000135,2026-09-20,R002,trip,T355993,59
PL000136,2026-09-20,R002,trip,T766613,29
PL000137,2026-09-20,R002,trip,T115964,43
PL000138,2026-09-20,R002,trip,T811644,44
PL000139,2026-09-20,R002,trip,T119462,50
PL000140,2026-09-20,R002,trip,T337672,48
PL000141,2026-09-20,R002,trip,T334735,41
PL000142,2026-09-20,R002,trip,T669446,25
PL000143,2026-09-20,R002,trip,T505693,67
PL000144,2026-09-20,R002,trip,T474797,25
PL000145,2026-09-20,R002,trip,T616645,53
PL000146,2026-09-20,R002,trip,T522005,33
PL000147,2026-09-21,R002,trip,T350342,68
PL000148,2026-09-21,R002,trip,T619331,40
PL000149,2026-09-21,R002,trip,T317217,70
PL000150,2026-09-21,R002,trip,T763999,65
PL000151,2026-09-21,R002,trip,T716812,60
PL000152,2026-09-21,R002,trip,T141627,77
PL000153,2026-09-21,R002,trip,T204279,56
PL000154,2026-09-21,R002,trip,T333450,65
PL000155,2026-09-21,R002,trip,T477520,74
PL000156,2026-09-21,R002,trip,T256419,36
PL000157,2026-09-12,R003,trip,T315426,50
PL000158,2026-09-12,R003,trip,T978997,80
PL000159,2026-09-12,R003,trip,T428685,33
PL000160,2026-09-12,R003,trip,T399604,32
PL000161,2026-09-12,R003,trip,T565768,74
PL000162,2026-09-12,R003,trip,T916785,87
PL000163,2026-09-12,R003,trip,T303446,44
PL000164,2026-09-12,R003,trip,T164942,30
PL000165,2026-09-12,R003,trip,T629258,59
PL000166,2026-09-12,R003,trip,T840064,32
PL000167,2026-09-12,R003,trip,T942497,79
PL000168,2026-09-12,R003,trip,T192736,81
PL000169,2026-09-12,R003,trip,T735918,37
PL000170,2026-09-12,R003,daily_incentive,,150
PL000171,2026-09-13,R003,trip,T536254,80
PL000172,2026-09-13,R003,trip,T860248,41
PL000173,2026-09-13,R003,trip,T205932,30
PL000174,2026-09-13,R003,trip,T574398,82
PL000175,2026-09-13,R003,trip,T146391,79
PL000176,2026-09-13,R003,cancellation_penalty,T928641,-10
PL000177,2026-09-13,R003,trip,T535034,38
PL000178,2026-09-13,R003,trip,T530402,82
PL000179,2026-09-14,R003,trip,T420782,39
PL000180,2026-09-14,R003,trip,T342076,69
PL000181,2026-09-14,R003,trip,T105224,25
PL000182,2026-09-14,R003,trip,T938982,30
PL000183,2026-09-14,R003,cancellation_penalty,T313834,-10
PL000184,2026-09-14,R003,trip,T129394,35
PL000185,2026-09-14,R003,trip,T488562,31
PL000186,2026-09-14,R003,trip,T255505,25
PL000187,2026-09-15,R003,trip,T384514,35
PL000188,2026-09-15,R003,trip,T395797,49
PL000189,2026-09-15,R003,trip,T438708,37
PL000190,2026-09-15,R003,trip,T628281,100
PL000191,2026-09-15,R003,trip,T139329,51
PL000192,2026-09-15,R003,trip,T174354,67
PL000193,2026-09-15,R003,trip,T328406,78
PL000194,2026-09-15,R003,trip,T190120,51
PL000195,2026-09-15,R003,trip,T921797,75
PL000196,2026-09-15,R003,trip,T136259,60
PL000197,2026-09-15,R003,trip,T767813,74
PL000198,2026-09-15,R003,trip,T831414,50
PL000199,2026-09-15,R003,trip,T738831,54
PL000200,2026-09-15,R003,trip,T980610,47
PL000201,2026-09-15,R003,daily_incentive,,150
PL000202,2026-09-16,R003,trip,T363940,66
PL000203,2026-09-16,R003,trip,T555414,56
PL000204,2026-09-16,R003,trip,T868448,30
PL000205,2026-09-16,R003,trip,T765040,64
PL000206,2026-09-16,R003,trip,T982500,38
PL000207,2026-09-16,R003,trip,T475769,27
PL000208,2026-09-16,R003,trip,T733721,62
PL000209,2026-09-16,R003,trip,T237801,25
PL000210,2026-09-16,R003,trip,T937672,78
PL000211,2026-09-16,R003,trip,T898582,81
PL000212,2026-09-18,R003,trip,T649196,38
PL000213,2026-09-18,R003,cancellation_penalty,T577730,-10
PL000214,2026-09-18,R003,trip,T887559,55
PL000215,2026-09-18,R003,trip,T642481,48
PL000216,2026-09-18,R003,trip,T186681,34
PL000217,2026-09-18,R003,trip,T408530,52
PL000218,2026-09-18,R003,trip,T823595,25
PL000219,2026-09-18,R003,trip,T967351,54
PL000220,2026-09-18,R003,trip,T586843,49
PL000221,2026-09-18,R003,trip,T869648,78
PL000222,2026-09-18,R003,trip,T117492,91
PL000223,2026-09-18,R003,trip,T376617,25
PL000224,2026-09-18,R003,trip,T605113,67
PL000225,2026-09-18,R003,trip,T560919,56
PL000226,2026-09-18,R003,trip,T413296,25
PL000227,2026-09-18,R003,daily_incentive,,150
PL000228,2026-09-19,R003,trip,T341492,33
PL000229,2026-09-19,R003,trip,T585081,67
PL000230,2026-09-19,R003,trip,T431940,35
PL000231,2026-09-19,R003,cancellation_penalty,T196683,-10
PL000232,2026-09-19,R003,trip,T943442,35
PL000233,2026-09-19,R003,trip,T311857,62
PL000234,2026-09-19,R003,trip,T900370,65
PL000235,2026-09-19,R003,trip,T162872,54
PL000236,2026-09-19,R003,trip,T903657,49
PL000237,2026-09-19,R003,trip,T866939,47
PL000238,2026-09-19,R003,trip,T173581,42
PL000239,2026-09-19,R003,trip,T155228,42
PL000240,2026-09-19,R003,trip,T316920,80
PL000241,2026-09-19,R003,daily_incentive,,150
PL000242,2026-09-20,R003,trip,T516842,30
PL000243,2026-09-20,R003,trip,T662970,44
PL000244,2026-09-20,R003,trip,T781466,39
PL000245,2026-09-20,R003,trip,T754672,42
PL000246,2026-09-20,R003,trip,T612846,50
PL000247,2026-09-20,R003,trip,T886798,66
PL000248,2026-09-20,R003,trip,T926334,49
PL000249,2026-09-20,R003,trip,T164090,25
PL000250,2026-09-20,R003,trip,T867667,26
PL000251,2026-09-12,R004,trip,T521765,28
PL000252,2026-09-12,R004,trip,T633200,78
PL000253,2026-09-12,R004,trip,T157896,25
PL000254,2026-09-12,R004,trip,T443566,25
PL000255,2026-09-12,R004,trip,T162362,52
PL000256,2026-09-12,R004,trip,T440123,25
PL000257,2026-09-12,R004,trip,T235308,66
PL000258,2026-09-12,R004,trip,T406840,71
PL000259,2026-09-12,R004,trip,T623216,27
PL000260,2026-09-12,R004,trip,T595839,30
PL000261,2026-09-12,R004,trip,T971380,41
PL000262,2026-09-12,R004,trip,T117596,36
PL000263,2026-09-12,R004,daily_incentive,,150
PL000264,2026-09-13,R004,trip,T976345,53
PL000265,2026-09-13,R004,trip,T806588,47
PL000266,2026-09-13,R004,cancellation_penalty,T231033,-10
PL000267,2026-09-13,R004,trip,T353787,43
PL000268,2026-09-13,R004,trip,T726846,81
PL000269,2026-09-13,R004,trip,T441538,33
PL000270,2026-09-13,R004,trip,T240980,61
PL000271,2026-09-13,R004,trip,T351459,38
PL000272,2026-09-13,R004,trip,T206103,72
PL000273,2026-09-13,R004,trip,T223081,75
PL000274,2026-09-13,R004,trip,T340180,39
PL000275,2026-09-13,R004,trip,T908535,27
PL000276,2026-09-13,R004,trip,T813565,64
PL000277,2026-09-13,R004,trip,T658594,62
PL000278,2026-09-13,R004,trip,T871058,44
PL000279,2026-09-13,R004,daily_incentive,,150
PL000280,2026-09-16,R004,trip,T962474,39
PL000281,2026-09-16,R004,trip,T119505,30
PL000282,2026-09-16,R004,trip,T653495,25
PL000283,2026-09-16,R004,trip,T396319,59
PL000284,2026-09-16,R004,trip,T150700,25
PL000285,2026-09-17,R004,trip,T569010,41
PL000286,2026-09-17,R004,trip,T151877,72
PL000287,2026-09-17,R004,trip,T784874,54
PL000288,2026-09-17,R004,trip,T724739,54
PL000289,2026-09-17,R004,trip,T305131,36
PL000290,2026-09-17,R004,trip,T140258,34
PL000291,2026-09-17,R004,trip,T886860,35
PL000292,2026-09-17,R004,trip,T292105,70
PL000293,2026-09-17,R004,trip,T234597,77
PL000294,2026-09-17,R004,cancellation_penalty,T746882,-10
PL000295,2026-09-17,R004,trip,T981507,74
PL000296,2026-09-18,R004,trip,T683414,45
PL000297,2026-09-18,R004,trip,T146488,61
PL000298,2026-09-18,R004,trip,T409921,72
PL000299,2026-09-18,R004,trip,T601337,25
PL000300,2026-09-18,R004,trip,T711062,61
PL000301,2026-09-18,R004,trip,T235096,56
PL000302,2026-09-18,R004,trip,T933365,58
PL000303,2026-09-18,R004,trip,T667164,59
PL000304,2026-09-18,R004,trip,T478820,25
PL000305,2026-09-18,R004,trip,T889703,66
PL000306,2026-09-18,R004,trip,T691981,48
PL000307,2026-09-18,R004,trip,T690992,63
PL000308,2026-09-18,R004,trip,T178256,66
PL000309,2026-09-18,R004,trip,T411560,30
PL000310,2026-09-18,R004,trip,T216631,25
PL000311,2026-09-18,R004,daily_incentive,,150
PL000312,2026-09-19,R004,trip,T122604,44
PL000313,2026-09-19,R004,trip,T438007,30
PL000314,2026-09-19,R004,trip,T623072,36
PL000315,2026-09-19,R004,trip,T725843,32
PL000316,2026-09-19,R004,trip,T529799,104
PL000317,2026-09-19,R004,trip,T228816,56
PL000318,2026-09-19,R004,trip,T988971,25
PL000319,2026-09-20,R004,trip,T495728,72
PL000320,2026-09-20,R004,trip,T814044,88
PL000321,2026-09-20,R004,trip,T357441,62
PL000322,2026-09-20,R004,trip,T951355,77
PL000323,2026-09-20,R004,trip,T330675,42
PL000324,2026-09-20,R004,trip,T120019,93
PL000325,2026-09-20,R004,trip,T770071,72
PL000326,2026-09-20,R004,trip,T248146,35
PL000327,2026-09-20,R004,trip,T120649,56
PL000328,2026-09-21,R004,trip,T321368,56
PL000329,2026-09-21,R004,trip,T376458,45
PL000330,2026-09-21,R004,trip,T431883,26
PL000331,2026-09-21,R004,trip,T742028,27
PL000332,2026-09-21,R004,trip,T693647,25
PL000333,2026-09-21,R004,trip,T717663,25
PL000334,2026-09-21,R004,trip,T723799,46
PL000335,2026-09-21,R004,trip,T914802,32
PL000336,2026-09-21,R004,trip,T688316,61
PL000337,2026-09-12,R005,trip,T276800,33
PL000338,2026-09-12,R005,trip,T283692,32
PL000339,2026-09-12,R005,trip,T992659,43
PL000340,2026-09-12,R005,trip,T420360,26
PL000341,2026-09-12,R005,trip,T887277,38
PL000342,2026-09-12,R005,trip,T588447,50
PL000343,2026-09-12,R005,cancellation_penalty,T389621,-10
PL000344,2026-09-12,R005,trip,T657015,83
PL000345,2026-09-12,R005,trip,T639474,47
PL000346,2026-09-12,R005,trip,T267918,76
PL000347,2026-09-13,R005,trip,T196796,25
PL000348,2026-09-13,R005,trip,T746247,70
PL000349,2026-09-13,R005,trip,T499891,51
PL000350,2026-09-13,R005,trip,T845911,61
PL000351,2026-09-13,R005,trip,T214505,62
PL000352,2026-09-13,R005,trip,T781827,46
PL000353,2026-09-13,R005,trip,T927361,27
PL000354,2026-09-13,R005,cancellation_penalty,T702723,-10
PL000355,2026-09-13,R005,trip,T692921,45
PL000356,2026-09-13,R005,cancellation_penalty,T672770,-10
PL000357,2026-09-13,R005,cancellation_penalty,T833591,-10
PL000358,2026-09-15,R005,trip,T140104,66
PL000359,2026-09-15,R005,trip,T101901,38
PL000360,2026-09-15,R005,trip,T102515,32
PL000361,2026-09-15,R005,trip,T681931,33
PL000362,2026-09-15,R005,trip,T443417,54
PL000363,2026-09-15,R005,trip,T439370,47
PL000364,2026-09-15,R005,trip,T416413,73
PL000365,2026-09-15,R005,trip,T682946,106
PL000366,2026-09-15,R005,trip,T153944,62
PL000367,2026-09-15,R005,trip,T649083,47
PL000368,2026-09-15,R005,trip,T817162,25
PL000369,2026-09-17,R005,trip,T337285,64
PL000370,2026-09-17,R005,trip,T631256,65
PL000371,2026-09-17,R005,trip,T294053,69
PL000372,2026-09-17,R005,trip,T562207,82
PL000373,2026-09-17,R005,trip,T935153,39
PL000374,2026-09-17,R005,trip,T390999,57
PL000375,2026-09-17,R005,trip,T917235,39
PL000376,2026-09-17,R005,trip,T543952,38
PL000377,2026-09-17,R005,trip,T493371,92
PL000378,2026-09-17,R005,trip,T778744,60
PL000379,2026-09-17,R005,trip,T995194,61
PL000380,2026-09-18,R005,trip,T143945,70
PL000381,2026-09-18,R005,trip,T164391,42
PL000382,2026-09-18,R005,trip,T659488,61
PL000383,2026-09-18,R005,trip,T873050,71
PL000384,2026-09-18,R005,trip,T880332,25
PL000385,2026-09-18,R005,trip,T545767,93
PL000386,2026-09-18,R005,trip,T896673,34
PL000387,2026-09-18,R005,trip,T272981,25
PL000388,2026-09-18,R005,trip,T910689,80
PL000389,2026-09-18,R005,trip,T908176,30
PL000390,2026-09-19,R005,trip,T149895,71
PL000391,2026-09-19,R005,trip,T260944,36
PL000392,2026-09-19,R005,trip,T668304,35
PL000393,2026-09-19,R005,trip,T968883,30
PL000394,2026-09-19,R005,trip,T283547,56
PL000395,2026-09-19,R005,trip,T398791,38
PL000396,2026-09-19,R005,trip,T532961,45
PL000397,2026-09-19,R005,trip,T217265,25
PL000398,2026-09-19,R005,trip,T790417,25
PL000399,2026-09-19,R005,trip,T506038,55
PL000400,2026-09-20,R005,trip,T581355,27
PL000401,2026-09-20,R005,trip,T880864,41
PL000402,2026-09-20,R005,trip,T624344,32
PL000403,2026-09-20,R005,trip,T476609,56
PL000404,2026-09-20,R005,trip,T493390,32
PL000405,2026-09-20,R005,trip,T326678,25
PL000406,2026-09-20,R005,trip,T847570,77
PL000407,2026-09-20,R005,trip,T266442,81
PL000408,2026-09-20,R005,trip,T164293,77
PL000409,2026-09-20,R005,trip,T117093,63
PL000410,2026-09-20,R005,trip,T169401,64
PL000411,2026-09-21,R005,trip,T815383,25
PL000412,2026-09-21,R005,trip,T802235,25
PL000413,2026-09-21,R005,trip,T621300,63
PL000414,2026-09-21,R005,trip,T281890,32
PL000415,2026-09-21,R005,trip,T335141,25
PL000416,2026-09-21,R005,trip,T681635,28
PL000417,2026-09-21,R005,trip,T547576,25
PL000418,2026-09-21,R005,trip,T729833,45
PL000419,2026-09-21,R005,trip,T508700,27
PL000420,2026-09-21,R005,trip,T454306,39
PL000421,2026-09-21,R005,trip,T253744,29
PL000422,2026-09-21,R005,trip,T784434,57
PL000423,2026-09-21,R005,trip,T859165,50
PL000424,2026-09-13,R006,cancellation_penalty,T811478,-10
PL000425,2026-09-13,R006,trip,T465443,55
PL000426,2026-09-13,R006,trip,T458864,87
PL000427,2026-09-13,R006,trip,T180565,47
PL000428,2026-09-13,R006,trip,T373220,56
PL000429,2026-09-13,R006,cancellation_penalty,T406506,-10
PL000430,2026-09-13,R006,trip,T768799,59
PL000431,2026-09-13,R006,trip,T429780,65
PL000432,2026-09-14,R006,trip,T987306,42
PL000433,2026-09-14,R006,trip,T506434,54
PL000434,2026-09-14,R006,trip,T352303,44
PL000435,2026-09-14,R006,trip,T701752,36
PL000436,2026-09-14,R006,trip,T801482,50
PL000437,2026-09-14,R006,trip,T595176,65
PL000438,2026-09-14,R006,trip,T207191,40
PL000439,2026-09-14,R006,trip,T250674,63
PL000440,2026-09-14,R006,trip,T866988,72
PL000441,2026-09-14,R006,trip,T896851,26
PL000442,2026-09-16,R006,trip,T576415,72
PL000443,2026-09-16,R006,trip,T447250,25
PL000444,2026-09-16,R006,trip,T990761,36
PL000445,2026-09-16,R006,trip,T519983,50
PL000446,2026-09-16,R006,trip,T815179,71
PL000447,2026-09-16,R006,cancellation_penalty,T575111,-10
PL000448,2026-09-16,R006,trip,T172145,39
PL000449,2026-09-16,R006,cancellation_penalty,T659281,-10
PL000450,2026-09-17,R006,trip,T527903,81
PL000451,2026-09-17,R006,trip,T398478,80
PL000452,2026-09-17,R006,trip,T559890,81
PL000453,2026-09-17,R006,trip,T828789,25
PL000454,2026-09-17,R006,trip,T648178,68
PL000455,2026-09-17,R006,trip,T743594,35
PL000456,2026-09-17,R006,trip,T115344,101
PL000457,2026-09-17,R006,trip,T874806,63
PL000458,2026-09-17,R006,trip,T520480,45
PL000459,2026-09-17,R006,trip,T527047,31
PL000460,2026-09-17,R006,trip,T510150,63
PL000461,2026-09-17,R006,trip,T241807,30
PL000462,2026-09-17,R006,trip,T793774,81
PL000463,2026-09-17,R006,trip,T123162,25
PL000464,2026-09-17,R006,daily_incentive,,150
PL000465,2026-09-18,R006,trip,T231594,25
PL000466,2026-09-18,R006,trip,T367233,56
PL000467,2026-09-18,R006,trip,T133706,30
PL000468,2026-09-18,R006,trip,T187990,60
PL000469,2026-09-18,R006,cancellation_penalty,T321094,-10
PL000470,2026-09-18,R006,trip,T663189,75
PL000471,2026-09-18,R006,trip,T295930,70
PL000472,2026-09-18,R006,trip,T911145,93
PL000473,2026-09-18,R006,trip,T987378,42
PL000474,2026-09-18,R006,trip,T740349,70
PL000475,2026-09-18,R006,trip,T577752,47
PL000476,2026-09-19,R006,trip,T257830,56
PL000477,2026-09-19,R006,trip,T526263,52
PL000478,2026-09-19,R006,trip,T919693,65
PL000479,2026-09-19,R006,trip,T555096,44
PL000480,2026-09-19,R006,trip,T150516,75
PL000481,2026-09-19,R006,trip,T317901,61
PL000482,2026-09-20,R006,cancellation_penalty,T126703,-10
PL000483,2026-09-20,R006,trip,T234998,69
PL000484,2026-09-20,R006,trip,T991210,52
PL000485,2026-09-20,R006,trip,T351511,56
PL000486,2026-09-20,R006,trip,T507318,56
PL000487,2026-09-20,R006,trip,T424830,25
PL000488,2026-09-20,R006,trip,T300097,41
PL000489,2026-09-20,R006,trip,T639686,114
PL000490,2026-09-20,R006,trip,T100838,25
PL000491,2026-09-21,R006,trip,T673516,63
PL000492,2026-09-21,R006,trip,T593114,53
PL000493,2026-09-21,R006,trip,T566181,66
PL000494,2026-09-21,R006,trip,T199330,48
PL000495,2026-09-21,R006,trip,T756642,56
PL000496,2026-09-21,R006,trip,T127668,42
PL000497,2026-09-21,R006,trip,T307338,47
PL000498,2026-09-21,R006,trip,T360551,46
PL000499,2026-09-21,R006,trip,T807886,27
PL000500,2026-09-21,R006,trip,T181624,65
PL000501,2026-09-21,R006,trip,T148475,25
PL000502,2026-09-21,R006,trip,T612665,25
PL000503,2026-09-12,R007,trip,T730455,69
PL000504,2026-09-12,R007,trip,T764569,38
PL000505,2026-09-12,R007,trip,T288146,71
PL000506,2026-09-12,R007,trip,T476810,38
PL000507,2026-09-12,R007,trip,T815869,79
PL000508,2026-09-12,R007,trip,T918416,38
PL000509,2026-09-12,R007,cancellation_penalty,T606388,-10
PL000510,2026-09-12,R007,trip,T885193,51
PL000511,2026-09-12,R007,trip,T903005,29
PL000512,2026-09-12,R007,trip,T614004,75
PL000513,2026-09-12,R007,trip,T550976,32
PL000514,2026-09-12,R007,trip,T432478,35
PL000515,2026-09-12,R007,cancellation_penalty,T454715,-10
PL000516,2026-09-12,R007,trip,T982906,72
PL000517,2026-09-12,R007,trip,T840975,55
PL000518,2026-09-12,R007,daily_incentive,,150
PL000519,2026-09-13,R007,trip,T139789,75
PL000520,2026-09-13,R007,trip,T311542,47
PL000521,2026-09-13,R007,cancellation_penalty,T657994,-10
PL000522,2026-09-13,R007,trip,T332618,25
PL000523,2026-09-13,R007,cancellation_penalty,T417919,-10
PL000524,2026-09-13,R007,trip,T301826,84
PL000525,2026-09-13,R007,trip,T146347,65
PL000526,2026-09-13,R007,trip,T546951,37
PL000527,2026-09-13,R007,trip,T906001,30
PL000528,2026-09-13,R007,trip,T979441,53
PL000529,2026-09-13,R007,trip,T271657,42
PL000530,2026-09-13,R007,trip,T944444,44
PL000531,2026-09-13,R007,trip,T748076,69
PL000532,2026-09-13,R007,trip,T920282,47
PL000533,2026-09-13,R007,daily_incentive,,150
PL000534,2026-09-14,R007,trip,T652178,52
PL000535,2026-09-14,R007,trip,T853229,30
PL000536,2026-09-14,R007,trip,T323730,78
PL000537,2026-09-14,R007,trip,T728129,30
PL000538,2026-09-14,R007,trip,T594114,72
PL000539,2026-09-14,R007,trip,T587226,35
PL000540,2026-09-14,R007,cancellation_penalty,T352397,-10
PL000541,2026-09-14,R007,cancellation_penalty,T199753,-10
PL000542,2026-09-14,R007,trip,T535354,40
PL000543,2026-09-16,R007,trip,T420819,73
PL000544,2026-09-16,R007,trip,T586859,66
PL000545,2026-09-16,R007,trip,T428337,62
PL000546,2026-09-16,R007,trip,T159202,55
PL000547,2026-09-16,R007,trip,T852317,60
PL000548,2026-09-16,R007,trip,T895372,73
PL000549,2026-09-16,R007,trip,T168033,42
PL000550,2026-09-16,R007,trip,T864198,75
PL000551,2026-09-16,R007,trip,T433018,25
PL000552,2026-09-16,R007,trip,T359690,25
PL000553,2026-09-17,R007,trip,T479813,66
PL000554,2026-09-17,R007,trip,T799032,54
PL000555,2026-09-17,R007,trip,T576490,52
PL000556,2026-09-17,R007,trip,T203099,70
PL000557,2026-09-17,R007,trip,T984529,68
PL000558,2026-09-17,R007,trip,T320209,41
PL000559,2026-09-17,R007,trip,T638469,30
PL000560,2026-09-17,R007,trip,T384133,41
PL000561,2026-09-17,R007,trip,T922077,33
PL000562,2026-09-17,R007,trip,T843487,64
PL000563,2026-09-18,R007,trip,T703368,25
PL000564,2026-09-18,R007,cancellation_penalty,T900698,-10
PL000565,2026-09-18,R007,trip,T359412,38
PL000566,2026-09-18,R007,trip,T773609,59
PL000567,2026-09-18,R007,trip,T940551,63
PL000568,2026-09-18,R007,trip,T694845,25
PL000569,2026-09-18,R007,trip,T534438,75
PL000570,2026-09-19,R007,trip,T232042,25
PL000571,2026-09-19,R007,trip,T321020,27
PL000572,2026-09-19,R007,trip,T821627,25
PL000573,2026-09-19,R007,trip,T840677,67
PL000574,2026-09-19,R007,trip,T677445,47
PL000575,2026-09-19,R007,trip,T948020,36
PL000576,2026-09-19,R007,trip,T846074,32
PL000577,2026-09-19,R007,trip,T469386,40
PL000578,2026-09-19,R007,trip,T479998,62
PL000579,2026-09-20,R007,trip,T579012,25
PL000580,2026-09-20,R007,trip,T826439,50
PL000581,2026-09-20,R007,trip,T568423,81
PL000582,2026-09-20,R007,trip,T830027,61
PL000583,2026-09-20,R007,trip,T972435,90
PL000584,2026-09-20,R007,trip,T561091,43
PL000585,2026-09-20,R007,trip,T575887,62
PL000586,2026-09-12,R008,trip,T702770,77
PL000587,2026-09-12,R008,trip,T976160,66
PL000588,2026-09-12,R008,trip,T399268,68
PL000589,2026-09-12,R008,trip,T706522,29
PL000590,2026-09-12,R008,trip,T984562,46
PL000591,2026-09-12,R008,trip,T621227,68
PL000592,2026-09-12,R008,trip,T368589,60
PL000593,2026-09-12,R008,trip,T996100,44
PL000594,2026-09-12,R008,trip,T477199,53
PL000595,2026-09-12,R008,trip,T367674,67
PL000596,2026-09-12,R008,trip,T729890,56
PL000597,2026-09-14,R008,trip,T756727,56
PL000598,2026-09-14,R008,trip,T116032,88
PL000599,2026-09-14,R008,trip,T442930,79
PL000600,2026-09-14,R008,trip,T793885,39
PL000601,2026-09-14,R008,trip,T401919,50
PL000602,2026-09-14,R008,trip,T874844,36
PL000603,2026-09-14,R008,trip,T661658,63
PL000604,2026-09-14,R008,trip,T937798,57
PL000605,2026-09-14,R008,trip,T181343,66
PL000606,2026-09-14,R008,trip,T557933,30
PL000607,2026-09-14,R008,trip,T108660,25
PL000608,2026-09-15,R008,trip,T391541,51
PL000609,2026-09-15,R008,trip,T610139,52
PL000610,2026-09-15,R008,cancellation_penalty,T498063,-10
PL000611,2026-09-15,R008,trip,T417947,34
PL000612,2026-09-15,R008,trip,T778417,77
PL000613,2026-09-15,R008,trip,T103865,43
PL000614,2026-09-17,R008,cancellation_penalty,T370070,-10
PL000615,2026-09-17,R008,trip,T367494,75
PL000616,2026-09-17,R008,trip,T854874,38
PL000617,2026-09-17,R008,trip,T135336,25
PL000618,2026-09-17,R008,trip,T628255,33
PL000619,2026-09-17,R008,trip,T300046,32
PL000620,2026-09-17,R008,trip,T906561,75
PL000621,2026-09-17,R008,trip,T849946,25
PL000622,2026-09-18,R008,trip,T342794,27
PL000623,2026-09-18,R008,trip,T804522,25
PL000624,2026-09-18,R008,trip,T333011,66
PL000625,2026-09-18,R008,trip,T327837,58
PL000626,2026-09-18,R008,trip,T173325,77
PL000627,2026-09-18,R008,cancellation_penalty,T183048,-10
PL000628,2026-09-18,R008,trip,T100225,76
PL000629,2026-09-19,R008,trip,T523952,54
PL000630,2026-09-19,R008,trip,T545933,61
PL000631,2026-09-19,R008,cancellation_penalty,T309051,-10
PL000632,2026-09-19,R008,trip,T645454,41
PL000633,2026-09-19,R008,trip,T759619,60
PL000634,2026-09-19,R008,trip,T725406,75
PL000635,2026-09-20,R008,trip,T183298,47
PL000636,2026-09-20,R008,trip,T629629,66
PL000637,2026-09-20,R008,trip,T987093,34
PL000638,2026-09-20,R008,trip,T282645,47
PL000639,2026-09-20,R008,trip,T631457,45
PL000640,2026-09-20,R008,trip,T806006,51
PL000641,2026-09-20,R008,trip,T985547,38
PL000642,2026-09-20,R008,trip,T775109,33
PL000643,2026-09-20,R008,trip,T101554,38
PL000644,2026-09-20,R008,trip,T252921,46
PL000645,2026-09-21,R008,trip,T738100,49
PL000646,2026-09-21,R008,trip,T275213,72
PL000647,2026-09-21,R008,trip,T642759,51
PL000648,2026-09-21,R008,trip,T538556,104
PL000649,2026-09-21,R008,trip,T554184,49
PL000650,2026-09-21,R008,trip,T860900,48
PL000651,2026-09-21,R008,trip,T169798,30
PL000652,2026-09-21,R008,trip,T198663,25
PL000653,2026-09-21,R008,cancellation_penalty,T425641,-10
PL000654,2026-09-21,R008,trip,T665214,58
PL000655,2026-09-21,R008,trip,T480490,25
PL000656,2026-09-21,R008,trip,T952993,69
PL000657,2026-09-21,R008,trip,T858169,46
PL000658,2026-09-21,R008,daily_incentive,,150
PL000659,2026-09-12,R009,trip,T298721,33
PL000660,2026-09-12,R009,cancellation_penalty,T552502,-10
PL000661,2026-09-12,R009,trip,T403005,30
PL000662,2026-09-12,R009,trip,T384255,114
PL000663,2026-09-12,R009,cancellation_penalty,T959423,-10
PL000664,2026-09-12,R009,trip,T555658,44
PL000665,2026-09-13,R009,trip,T303218,85
PL000666,2026-09-13,R009,trip,T696287,32
PL000667,2026-09-13,R009,trip,T313179,49
PL000668,2026-09-13,R009,trip,T731619,25
PL000669,2026-09-13,R009,trip,T120666,47
PL000670,2026-09-13,R009,trip,T657651,28
PL000671,2026-09-13,R009,trip,T458858,75
PL000672,2026-09-13,R009,trip,T313643,75
PL000673,2026-09-13,R009,trip,T451601,33
PL000674,2026-09-13,R009,trip,T467395,52
PL000675,2026-09-13,R009,trip,T873539,74
PL000676,2026-09-13,R009,trip,T738599,35
PL000677,2026-09-13,R009,daily_incentive,,150
PL000678,2026-09-14,R009,trip,T158394,25
PL000679,2026-09-14,R009,cancellation_penalty,T952989,-10
PL000680,2026-09-14,R009,trip,T914804,75
PL000681,2026-09-14,R009,trip,T147784,52
PL000682,2026-09-14,R009,trip,T594696,38
PL000683,2026-09-14,R009,trip,T896350,80
PL000684,2026-09-14,R009,trip,T601993,26
PL000685,2026-09-14,R009,trip,T388026,60
PL000686,2026-09-14,R009,trip,T904337,36
PL000687,2026-09-15,R009,trip,T756458,58
PL000688,2026-09-15,R009,trip,T864333,75
PL000689,2026-09-15,R009,trip,T909621,50
PL000690,2026-09-15,R009,trip,T726235,48
PL000691,2026-09-15,R009,trip,T591464,37
PL000692,2026-09-15,R009,trip,T175168,61
PL000693,2026-09-15,R009,trip,T591105,74
PL000694,2026-09-15,R009,trip,T734515,57
PL000695,2026-09-15,R009,cancellation_penalty,T286092,-10
PL000696,2026-09-16,R009,trip,T136344,79
PL000697,2026-09-16,R009,trip,T346764,29
PL000698,2026-09-16,R009,trip,T983075,69
PL000699,2026-09-16,R009,trip,T847828,25
PL000700,2026-09-16,R009,trip,T461270,66
PL000701,2026-09-16,R009,trip,T223574,90
PL000702,2026-09-16,R009,trip,T108187,25
PL000703,2026-09-16,R009,trip,T621237,95
PL000704,2026-09-16,R009,cancellation_penalty,T114794,-10
PL000705,2026-09-16,R009,trip,T171742,30
PL000706,2026-09-16,R009,trip,T908754,60
PL000707,2026-09-17,R009,trip,T314207,45
PL000708,2026-09-17,R009,trip,T459101,31
PL000709,2026-09-17,R009,trip,T692307,30
PL000710,2026-09-17,R009,trip,T329037,32
PL000711,2026-09-17,R009,trip,T384654,33
PL000712,2026-09-17,R009,trip,T240680,34
PL000713,2026-09-17,R009,trip,T453082,28
PL000714,2026-09-17,R009,trip,T310191,39
PL000715,2026-09-17,R009,trip,T971059,36
PL000716,2026-09-17,R009,trip,T111230,26
PL000717,2026-09-17,R009,trip,T766187,26
PL000718,2026-09-19,R009,trip,T676609,25
PL000719,2026-09-19,R009,cancellation_penalty,T286968,-10
PL000720,2026-09-19,R009,trip,T942098,55
PL000721,2026-09-19,R009,trip,T866465,46
PL000722,2026-09-20,R009,trip,T940131,30
PL000723,2026-09-20,R009,trip,T410072,98
PL000724,2026-09-20,R009,trip,T664326,29
PL000725,2026-09-20,R009,trip,T935528,47
PL000726,2026-09-20,R009,trip,T309401,39
PL000727,2026-09-20,R009,trip,T971860,66
PL000728,2026-09-20,R009,trip,T354073,52
PL000729,2026-09-20,R009,trip,T908856,64
PL000730,2026-09-20,R009,trip,T454471,27
PL000731,2026-09-20,R009,trip,T214460,25
PL000732,2026-09-12,R010,trip,T737469,63
PL000733,2026-09-12,R010,trip,T468636,38
PL000734,2026-09-12,R010,trip,T144804,44
PL000735,2026-09-12,R010,trip,T610204,62
PL000736,2026-09-12,R010,trip,T178930,83
PL000737,2026-09-12,R010,trip,T872994,71
PL000738,2026-09-12,R010,trip,T935552,44
PL000739,2026-09-12,R010,trip,T150208,26
PL000740,2026-09-12,R010,trip,T449623,62
PL000741,2026-09-12,R010,trip,T246763,38
PL000742,2026-09-14,R010,trip,T843478,39
PL000743,2026-09-14,R010,trip,T280267,25
PL000744,2026-09-14,R010,trip,T311162,66
PL000745,2026-09-14,R010,trip,T727857,26
PL000746,2026-09-14,R010,trip,T114016,77
PL000747,2026-09-14,R010,trip,T296958,43
PL000748,2026-09-14,R010,trip,T371615,45
PL000749,2026-09-14,R010,cancellation_penalty,T354747,-10
PL000750,2026-09-14,R010,trip,T303737,53
PL000751,2026-09-14,R010,trip,T799486,45
PL000752,2026-09-14,R010,trip,T835597,72
PL000753,2026-09-15,R010,trip,T749874,69
PL000754,2026-09-15,R010,trip,T161820,66
PL000755,2026-09-15,R010,trip,T115719,53
PL000756,2026-09-15,R010,trip,T943595,41
PL000757,2026-09-15,R010,trip,T389457,55
PL000758,2026-09-15,R010,trip,T421857,39
PL000759,2026-09-17,R010,trip,T859610,36
PL000760,2026-09-17,R010,trip,T717061,48
PL000761,2026-09-17,R010,trip,T361151,59
PL000762,2026-09-17,R010,trip,T199156,49
PL000763,2026-09-17,R010,trip,T441433,25
PL000764,2026-09-17,R010,trip,T163925,37
PL000765,2026-09-17,R010,trip,T429503,60
PL000766,2026-09-17,R010,trip,T800335,30
PL000767,2026-09-17,R010,trip,T559518,30
PL000768,2026-09-17,R010,trip,T148262,62
PL000769,2026-09-17,R010,trip,T287656,25
PL000770,2026-09-17,R010,trip,T950929,41
PL000771,2026-09-17,R010,daily_incentive,,150
PL000772,2026-09-18,R010,trip,T872093,71
PL000773,2026-09-18,R010,trip,T516264,48
PL000774,2026-09-18,R010,trip,T242194,70
PL000775,2026-09-18,R010,cancellation_penalty,T293874,-10
PL000776,2026-09-18,R010,trip,T691629,50
PL000777,2026-09-18,R010,trip,T376746,37
PL000778,2026-09-18,R010,trip,T716550,65
PL000779,2026-09-18,R010,trip,T235133,66
PL000780,2026-09-18,R010,trip,T311934,38
PL000781,2026-09-18,R010,trip,T769690,63
PL000782,2026-09-18,R010,trip,T626495,74
PL000783,2026-09-18,R010,trip,T392339,74
PL000784,2026-09-18,R010,trip,T319488,85
PL000785,2026-09-18,R010,trip,T555005,68
PL000786,2026-09-18,R010,daily_incentive,,150
PL000787,2026-09-19,R010,trip,T684204,36
PL000788,2026-09-19,R010,trip,T366539,54
PL000789,2026-09-19,R010,trip,T408146,30
PL000790,2026-09-19,R010,trip,T834624,51
PL000791,2026-09-19,R010,trip,T112866,25
PL000792,2026-09-19,R010,trip,T518501,25
PL000793,2026-09-19,R010,trip,T158136,58
PL000794,2026-09-19,R010,trip,T842638,91
PL000795,2026-09-19,R010,trip,T348616,51
PL000796,2026-09-20,R010,trip,T558048,57
PL000797,2026-09-20,R010,trip,T476992,62
PL000798,2026-09-20,R010,trip,T739587,42
PL000799,2026-09-20,R010,cancellation_penalty,T288647,-10
PL000800,2026-09-20,R010,trip,T129523,113
PL000801,2026-09-20,R010,trip,T933714,66
PL000802,2026-09-20,R010,trip,T420855,25
PL000803,2026-09-20,R010,trip,T809704,60
PL000804,2026-09-20,R010,trip,T378949,42
PL000805,2026-09-20,R010,trip,T826948,39
PL000806,2026-09-20,R010,trip,T340454,36
PL000807,2026-09-21,R010,trip,T724816,53
PL000808,2026-09-21,R010,trip,T506086,36
PL000809,2026-09-21,R010,trip,T933222,29
PL000810,2026-09-21,R010,trip,T183570,30
PL000811,2026-09-21,R010,trip,T607040,81
PL000812,2026-09-13,R011,trip,T542308,67
PL000813,2026-09-13,R011,trip,T321608,52
PL000814,2026-09-13,R011,trip,T342983,62
PL000815,2026-09-13,R011,trip,T417340,77
PL000816,2026-09-14,R011,trip,T658904,25
PL000817,2026-09-14,R011,trip,T857030,77
PL000818,2026-09-14,R011,trip,T786856,25
PL000819,2026-09-14,R011,trip,T721187,45
PL000820,2026-09-14,R011,trip,T150356,84
PL000821,2026-09-14,R011,trip,T187861,39
PL000822,2026-09-14,R011,trip,T994961,25
PL000823,2026-09-14,R011,trip,T653507,45
PL000824,2026-09-14,R011,trip,T203908,49
PL000825,2026-09-14,R011,trip,T715105,25
PL000826,2026-09-14,R011,trip,T649961,26
PL000827,2026-09-14,R011,trip,T336645,39
PL000828,2026-09-14,R011,trip,T563198,48
PL000829,2026-09-14,R011,trip,T970383,67
PL000830,2026-09-14,R011,daily_incentive,,150
PL000831,2026-09-15,R011,trip,T226045,68
PL000832,2026-09-15,R011,trip,T175295,25
PL000833,2026-09-15,R011,trip,T806885,77
PL000834,2026-09-15,R011,trip,T185018,63
PL000835,2026-09-15,R011,trip,T326479,25
PL000836,2026-09-15,R011,trip,T982363,63
PL000837,2026-09-15,R011,trip,T676882,56
PL000838,2026-09-15,R011,trip,T600576,40
PL000839,2026-09-15,R011,trip,T866407,51
PL000840,2026-09-15,R011,trip,T980512,25
PL000841,2026-09-16,R011,trip,T681172,25
PL000842,2026-09-16,R011,trip,T742997,69
PL000843,2026-09-16,R011,trip,T320438,25
PL000844,2026-09-16,R011,trip,T654872,78
PL000845,2026-09-16,R011,trip,T197338,30
PL000846,2026-09-16,R011,trip,T926335,25
PL000847,2026-09-16,R011,trip,T794361,25
PL000848,2026-09-16,R011,trip,T881889,33
PL000849,2026-09-16,R011,trip,T301591,68
PL000850,2026-09-16,R011,trip,T498135,81
PL000851,2026-09-16,R011,trip,T814460,47
PL000852,2026-09-17,R011,trip,T520855,27
PL000853,2026-09-17,R011,trip,T857886,72
PL000854,2026-09-17,R011,trip,T623571,69
PL000855,2026-09-17,R011,cancellation_penalty,T241299,-10
PL000856,2026-09-17,R011,trip,T676729,64
PL000857,2026-09-17,R011,trip,T224286,32
PL000858,2026-09-17,R011,cancellation_penalty,T160181,-10
PL000859,2026-09-17,R011,trip,T805535,81
PL000860,2026-09-17,R011,trip,T305096,55
PL000861,2026-09-18,R011,trip,T103036,30
PL000862,2026-09-18,R011,trip,T321687,80
PL000863,2026-09-18,R011,cancellation_penalty,T719303,-10
PL000864,2026-09-18,R011,trip,T234242,32
PL000865,2026-09-18,R011,trip,T594239,59
PL000866,2026-09-18,R011,trip,T371841,27
PL000867,2026-09-18,R011,cancellation_penalty,T548224,-10
PL000868,2026-09-18,R011,trip,T117107,60
PL000869,2026-09-19,R011,trip,T652361,57
PL000870,2026-09-19,R011,trip,T360199,45
PL000871,2026-09-19,R011,trip,T693620,25
PL000872,2026-09-19,R011,trip,T660472,36
PL000873,2026-09-19,R011,trip,T278604,57
PL000874,2026-09-19,R011,trip,T994926,25
PL000875,2026-09-19,R011,trip,T375332,57
PL000876,2026-09-19,R011,trip,T132232,39
PL000877,2026-09-19,R011,trip,T981398,50
PL000878,2026-09-19,R011,trip,T942774,41
PL000879,2026-09-21,R011,trip,T896950,61
PL000880,2026-09-21,R011,trip,T824328,38
PL000881,2026-09-21,R011,trip,T713034,39
PL000882,2026-09-21,R011,trip,T830886,56
PL000883,2026-09-21,R011,trip,T202656,55
PL000884,2026-09-21,R011,trip,T598556,31
PL000885,2026-09-21,R011,trip,T721009,30
PL000886,2026-09-21,R011,trip,T570062,46
PL000887,2026-09-21,R011,trip,T632568,44
PL000888,2026-09-13,R012,trip,T222129,61
PL000889,2026-09-13,R012,trip,T776568,43
PL000890,2026-09-13,R012,trip,T335620,31
PL000891,2026-09-13,R012,trip,T776454,25
PL000892,2026-09-13,R012,trip,T858559,78
PL000893,2026-09-13,R012,trip,T105662,25
PL000894,2026-09-13,R012,trip,T905542,78
PL000895,2026-09-13,R012,trip,T116009,68
PL000896,2026-09-13,R012,trip,T819981,25
PL000897,2026-09-13,R012,trip,T455687,96
PL000898,2026-09-13,R012,trip,T711183,65
PL000899,2026-09-14,R012,trip,T688660,38
PL000900,2026-09-14,R012,trip,T829918,27
PL000901,2026-09-14,R012,trip,T504785,36
PL000902,2026-09-14,R012,trip,T241800,35
PL000903,2026-09-14,R012,trip,T979435,78
PL000904,2026-09-14,R012,trip,T542171,45
PL000905,2026-09-14,R012,trip,T358158,38
PL000906,2026-09-14,R012,trip,T767445,78
PL000907,2026-09-14,R012,trip,T447274,49
PL000908,2026-09-14,R012,trip,T541372,30
PL000909,2026-09-14,R012,trip,T752613,25
PL000910,2026-09-14,R012,trip,T110937,62
PL000911,2026-09-14,R012,trip,T580529,27
PL000912,2026-09-14,R012,trip,T205574,30
PL000913,2026-09-14,R012,daily_incentive,,150
PL000914,2026-09-15,R012,trip,T851978,47
PL000915,2026-09-15,R012,trip,T693736,25
PL000916,2026-09-15,R012,trip,T696234,82
PL000917,2026-09-15,R012,trip,T791387,25
PL000918,2026-09-15,R012,trip,T485135,42
PL000919,2026-09-15,R012,trip,T848680,25
PL000920,2026-09-15,R012,trip,T897485,75
PL000921,2026-09-15,R012,trip,T151431,58
PL000922,2026-09-15,R012,trip,T283896,36
PL000923,2026-09-15,R012,trip,T380971,30
PL000924,2026-09-15,R012,trip,T394007,25
PL000925,2026-09-15,R012,trip,T710863,58
PL000926,2026-09-15,R012,daily_incentive,,150
PL000927,2026-09-17,R012,trip,T720820,69
PL000928,2026-09-17,R012,trip,T930372,60
PL000929,2026-09-17,R012,trip,T776704,59
PL000930,2026-09-17,R012,trip,T849500,25
PL000931,2026-09-17,R012,trip,T384664,82
PL000932,2026-09-17,R012,trip,T495349,74
PL000933,2026-09-17,R012,trip,T362041,54
PL000934,2026-09-17,R012,trip,T144754,38
PL000935,2026-09-17,R012,trip,T646136,64
PL000936,2026-09-17,R012,trip,T758434,54
PL000937,2026-09-18,R012,trip,T155935,59
PL000938,2026-09-18,R012,trip,T916683,25
PL000939,2026-09-18,R012,trip,T355848,60
PL000940,2026-09-18,R012,trip,T682423,38
PL000941,2026-09-18,R012,trip,T200117,38
PL000942,2026-09-18,R012,trip,T652200,26
PL000943,2026-09-18,R012,trip,T586938,77
PL000944,2026-09-18,R012,trip,T631176,73
PL000945,2026-09-18,R012,trip,T175390,53
PL000946,2026-09-18,R012,trip,T306438,77
PL000947,2026-09-18,R012,trip,T458260,50
PL000948,2026-09-18,R012,trip,T854314,63
PL000949,2026-09-18,R012,daily_incentive,,150
PL000950,2026-09-19,R012,trip,T897071,42
PL000951,2026-09-19,R012,trip,T633409,46
PL000952,2026-09-19,R012,trip,T930852,38
PL000953,2026-09-19,R012,trip,T962752,25
PL000954,2026-09-19,R012,trip,T928429,38
PL000955,2026-09-19,R012,trip,T202211,79
PL000956,2026-09-19,R012,trip,T297299,56
PL000957,2026-09-19,R012,trip,T754589,30
PL000958,2026-09-19,R012,trip,T845090,44
PL000959,2026-09-19,R012,trip,T587244,34
PL000960,2026-09-19,R012,trip,T645948,60
PL000961,2026-09-19,R012,trip,T701521,65
PL000962,2026-09-19,R012,trip,T859548,63
PL000963,2026-09-19,R012,trip,T103058,25
PL000964,2026-09-19,R012,daily_incentive,,150
PL000965,2026-09-20,R012,trip,T442732,25
PL000966,2026-09-20,R012,trip,T149156,41
PL000967,2026-09-20,R012,trip,T114693,25
PL000968,2026-09-20,R012,trip,T696974,63
PL000969,2026-09-20,R012,trip,T123554,48
PL000970,2026-09-20,R012,cancellation_penalty,T235327,-10
PL000971,2026-09-21,R012,trip,T285740,26
PL000972,2026-09-21,R012,trip,T949125,51
PL000973,2026-09-21,R012,trip,T938064,33
PL000974,2026-09-21,R012,trip,T821750,44
PL000975,2026-09-21,R012,cancellation_penalty,T175084,-10
PL000976,2026-09-21,R012,trip,T640466,79
PL000977,2026-09-21,R012,trip,T440620,25
PL000978,2026-09-21,R012,trip,T223281,96
PL000979,2026-09-21,R012,trip,T121134,81
PL000980,2026-09-21,R012,trip,T708236,32
PL000981,2026-09-21,R012,trip,T322039,25
PL000982,2026-09-12,R013,trip,T359498,61
PL000983,2026-09-12,R013,trip,T300834,30
PL000984,2026-09-12,R013,trip,T878651,78
PL000985,2026-09-12,R013,trip,T972463,59
PL000986,2026-09-12,R013,trip,T392305,81
PL000987,2026-09-12,R013,trip,T874443,47
PL000988,2026-09-12,R013,trip,T819285,65
PL000989,2026-09-12,R013,trip,T883799,38
PL000990,2026-09-14,R013,trip,T265465,54
PL000991,2026-09-14,R013,trip,T918781,78
PL000992,2026-09-14,R013,trip,T363745,72
PL000993,2026-09-14,R013,trip,T821695,47
PL000994,2026-09-14,R013,trip,T581196,46
PL000995,2026-09-14,R013,trip,T359290,93
PL000996,2026-09-14,R013,trip,T274209,38
PL000997,2026-09-14,R013,trip,T565955,26
PL000998,2026-09-14,R013,trip,T909114,67
PL000999,2026-09-14,R013,trip,T389419,68
PL001000,2026-09-14,R013,trip,T989450,51
PL001001,2026-09-14,R013,trip,T283299,77
PL001002,2026-09-14,R013,cancellation_penalty,T702588,-10
PL001003,2026-09-14,R013,daily_incentive,,150
PL001004,2026-09-15,R013,trip,T581934,60
PL001005,2026-09-15,R013,trip,T481178,79
PL001006,2026-09-15,R013,trip,T234363,39
PL001007,2026-09-15,R013,trip,T337682,38
PL001008,2026-09-15,R013,trip,T171273,68
PL001009,2026-09-15,R013,trip,T824822,78
PL001010,2026-09-15,R013,trip,T275478,62
PL001011,2026-09-15,R013,trip,T263093,56
PL001012,2026-09-15,R013,trip,T769195,65
PL001013,2026-09-15,R013,trip,T427758,69
PL001014,2026-09-15,R013,trip,T380067,57
PL001015,2026-09-17,R013,trip,T877369,38
PL001016,2026-09-17,R013,trip,T405207,69
PL001017,2026-09-17,R013,trip,T139889,30
PL001018,2026-09-17,R013,trip,T641138,32
PL001019,2026-09-17,R013,trip,T134810,29
PL001020,2026-09-17,R013,trip,T891890,43
PL001021,2026-09-18,R013,trip,T493420,57
PL001022,2026-09-18,R013,trip,T874934,25
PL001023,2026-09-18,R013,trip,T353677,33
PL001024,2026-09-18,R013,trip,T258506,47
PL001025,2026-09-18,R013,trip,T299098,49
PL001026,2026-09-18,R013,trip,T564458,39
PL001027,2026-09-18,R013,cancellation_penalty,T410315,-10
PL001028,2026-09-18,R013,trip,T716337,28
PL001029,2026-09-18,R013,trip,T506812,54
PL001030,2026-09-18,R013,trip,T254251,62
PL001031,2026-09-18,R013,trip,T728914,56
PL001032,2026-09-18,R013,trip,T598018,52
PL001033,2026-09-18,R013,trip,T665549,69
PL001034,2026-09-18,R013,daily_incentive,,150
PL001035,2026-09-19,R013,trip,T862474,46
PL001036,2026-09-19,R013,trip,T556150,42
PL001037,2026-09-19,R013,trip,T642347,61
PL001038,2026-09-19,R013,trip,T301215,27
PL001039,2026-09-19,R013,trip,T368944,62
PL001040,2026-09-19,R013,trip,T518090,48
PL001041,2026-09-19,R013,trip,T921033,65
PL001042,2026-09-19,R013,trip,T807565,55
PL001043,2026-09-19,R013,trip,T494899,57
PL001044,2026-09-19,R013,trip,T611853,62
PL001045,2026-09-19,R013,trip,T901774,48
PL001046,2026-09-19,R013,trip,T855431,50
PL001047,2026-09-19,R013,trip,T395744,77
PL001048,2026-09-19,R013,trip,T138381,102
PL001049,2026-09-19,R013,daily_incentive,,150
PL001050,2026-09-20,R013,trip,T535373,51
PL001051,2026-09-20,R013,trip,T874407,60
PL001052,2026-09-20,R013,trip,T542563,38
PL001053,2026-09-20,R013,trip,T508541,48
PL001054,2026-09-20,R013,trip,T316320,32
PL001055,2026-09-20,R013,trip,T665791,77
PL001056,2026-09-20,R013,trip,T596826,68
PL001057,2026-09-20,R013,trip,T431724,46
PL001058,2026-09-20,R013,trip,T334764,38
PL001059,2026-09-21,R013,trip,T551155,85
PL001060,2026-09-21,R013,trip,T146469,45
PL001061,2026-09-21,R013,trip,T988850,40
PL001062,2026-09-21,R013,trip,T438775,37
PL001063,2026-09-21,R013,trip,T963530,77
PL001064,2026-09-21,R013,trip,T145213,57
PL001065,2026-09-21,R013,trip,T942224,53
PL001066,2026-09-21,R013,trip,T465066,60
PL001067,2026-09-21,R013,trip,T410158,72
PL001068,2026-09-21,R013,trip,T531054,57
PL001069,2026-09-21,R013,trip,T392715,41
PL001070,2026-09-21,R013,trip,T939007,77
PL001071,2026-09-21,R013,trip,T545987,26
PL001072,2026-09-21,R013,daily_incentive,,150
PL001073,2026-09-12,R014,trip,T860785,53
PL001074,2026-09-12,R014,trip,T344610,27
PL001075,2026-09-12,R014,trip,T838900,49
PL001076,2026-09-12,R014,trip,T490762,30
PL001077,2026-09-12,R014,trip,T883238,68
PL001078,2026-09-12,R014,trip,T155615,35
PL001079,2026-09-12,R014,trip,T894938,63
PL001080,2026-09-13,R014,trip,T375720,62
PL001081,2026-09-13,R014,cancellation_penalty,T345864,-10
PL001082,2026-09-13,R014,trip,T572865,67
PL001083,2026-09-13,R014,trip,T759142,48
PL001084,2026-09-13,R014,trip,T277814,35
PL001085,2026-09-13,R014,trip,T412584,31
PL001086,2026-09-13,R014,trip,T618881,68
PL001087,2026-09-13,R014,trip,T135522,39
PL001088,2026-09-13,R014,trip,T500272,77
PL001089,2026-09-14,R014,trip,T771297,36
PL001090,2026-09-14,R014,trip,T192499,33
PL001091,2026-09-15,R014,trip,T969178,54
PL001092,2026-09-15,R014,trip,T686180,57
PL001093,2026-09-15,R014,trip,T167417,27
PL001094,2026-09-15,R014,trip,T518612,55
PL001095,2026-09-15,R014,trip,T664415,25
PL001096,2026-09-15,R014,trip,T918572,54
PL001097,2026-09-15,R014,trip,T443941,47
PL001098,2026-09-15,R014,trip,T649398,75
PL001099,2026-09-15,R014,trip,T854436,47
PL001100,2026-09-17,R014,trip,T607602,76
PL001101,2026-09-17,R014,trip,T847286,30
PL001102,2026-09-17,R014,trip,T350278,56
PL001103,2026-09-17,R014,trip,T597886,53
PL001104,2026-09-17,R014,trip,T113255,35
PL001105,2026-09-17,R014,trip,T460048,41
PL001106,2026-09-17,R014,trip,T400540,35
PL001107,2026-09-17,R014,trip,T608332,64
PL001108,2026-09-17,R014,trip,T159818,74
PL001109,2026-09-17,R014,trip,T458266,66
PL001110,2026-09-17,R014,trip,T289364,88
PL001111,2026-09-17,R014,trip,T951094,54
PL001112,2026-09-17,R014,daily_incentive,,150
PL001113,2026-09-18,R014,trip,T218482,59
PL001114,2026-09-18,R014,trip,T786843,51
PL001115,2026-09-18,R014,trip,T578128,41
PL001116,2026-09-18,R014,trip,T146459,61
PL001117,2026-09-18,R014,trip,T288853,48
PL001118,2026-09-18,R014,trip,T820973,50
PL001119,2026-09-18,R014,cancellation_penalty,T637155,-10
PL001120,2026-09-18,R014,cancellation_penalty,T637155,-10
PL001121,2026-09-18,R014,trip,T815078,25
PL001122,2026-09-18,R014,trip,T703826,66
PL001123,2026-09-19,R014,trip,T562077,25
PL001124,2026-09-19,R014,trip,T784380,57
PL001125,2026-09-19,R014,trip,T637051,29
PL001126,2026-09-19,R014,trip,T699153,71
PL001127,2026-09-19,R014,trip,T670886,54
PL001128,2026-09-19,R014,trip,T326289,75
PL001129,2026-09-19,R014,trip,T684932,65
PL001130,2026-09-19,R014,trip,T644139,47
PL001131,2026-09-19,R014,trip,T307386,25
PL001132,2026-09-19,R014,cancellation_penalty,T613012,-10
PL001133,2026-09-19,R014,trip,T993771,25
PL001134,2026-09-20,R014,trip,T302402,70
PL001135,2026-09-20,R014,trip,T564717,43
PL001136,2026-09-20,R014,trip,T246211,73
PL001137,2026-09-20,R014,trip,T782225,36
PL001138,2026-09-20,R014,trip,T377332,69
PL001139,2026-09-20,R014,trip,T740541,75
PL001140,2026-09-20,R014,trip,T106349,39
PL001141,2026-09-20,R014,trip,T813664,88
PL001142,2026-09-20,R014,trip,T594376,25
PL001143,2026-09-20,R014,trip,T981836,68
PL001144,2026-09-20,R014,trip,T795785,71
PL001145,2026-09-21,R014,trip,T386474,34
PL001146,2026-09-21,R014,trip,T247209,62
PL001147,2026-09-21,R014,trip,T456787,60
PL001148,2026-09-21,R014,trip,T172436,65
PL001149,2026-09-21,R014,trip,T406401,65
PL001150,2026-09-21,R014,trip,T145600,68
PL001151,2026-09-21,R014,trip,T151936,48
PL001152,2026-09-21,R014,trip,T501004,29
PL001153,2026-09-21,R014,trip,T993951,35
PL001154,2026-09-21,R014,trip,T734522,50
PL001155,2026-09-22,R014,trip,T823998,81
PL001156,2026-09-22,R014,cancellation_penalty,T570148,-10
PL001157,2026-09-22,R014,trip,T802198,80
PL001158,2026-09-22,R014,trip,T704409,36
PL001159,2026-09-12,R015,trip,T852529,25
PL001160,2026-09-12,R015,trip,T590555,53
PL001161,2026-09-12,R015,trip,T278760,50
PL001162,2026-09-12,R015,trip,T155376,38
PL001163,2026-09-12,R015,trip,T621579,76
PL001164,2026-09-12,R015,trip,T795561,46
PL001165,2026-09-12,R015,trip,T322125,64
PL001166,2026-09-12,R015,cancellation_penalty,T961218,-10
PL001167,2026-09-13,R015,cancellation_penalty,T658170,-10
PL001168,2026-09-13,R015,trip,T652864,74
PL001169,2026-09-13,R015,trip,T277907,55
PL001170,2026-09-13,R015,trip,T960503,29
PL001171,2026-09-13,R015,trip,T775676,85
PL001172,2026-09-13,R015,cancellation_penalty,T636690,-10
PL001173,2026-09-13,R015,trip,T808694,36
PL001174,2026-09-13,R015,trip,T552275,74
PL001175,2026-09-14,R015,trip,T105272,49
PL001176,2026-09-14,R015,trip,T912937,28
PL001177,2026-09-14,R015,trip,T189272,47
PL001178,2026-09-14,R015,trip,T214009,45
PL001179,2026-09-14,R015,trip,T396216,60
PL001180,2026-09-14,R015,trip,T668540,36
PL001181,2026-09-14,R015,trip,T559660,25
PL001182,2026-09-14,R015,trip,T451181,41
PL001183,2026-09-14,R015,trip,T806817,49
PL001184,2026-09-16,R015,trip,T865762,25
PL001185,2026-09-16,R015,trip,T962390,36
PL001186,2026-09-16,R015,trip,T204360,74
PL001187,2026-09-16,R015,trip,T478122,60
PL001188,2026-09-16,R015,trip,T581633,31
PL001189,2026-09-16,R015,trip,T717669,30
PL001190,2026-09-16,R015,trip,T513091,63
PL001191,2026-09-16,R015,trip,T662398,71
PL001192,2026-09-17,R015,trip,T571527,55
PL001193,2026-09-17,R015,trip,T691510,25
PL001194,2026-09-17,R015,trip,T350031,59
PL001195,2026-09-17,R015,trip,T710512,98
PL001196,2026-09-17,R015,trip,T592595,94
PL001197,2026-09-17,R015,trip,T717019,30
PL001198,2026-09-17,R015,trip,T165429,44
PL001199,2026-09-18,R015,trip,T855689,41
PL001200,2026-09-18,R015,trip,T663823,80
PL001201,2026-09-18,R015,trip,T821979,46
PL001202,2026-09-18,R015,trip,T731053,35
PL001203,2026-09-18,R015,trip,T593127,58
PL001204,2026-09-18,R015,trip,T897774,39
PL001205,2026-09-18,R015,trip,T485261,75
PL001206,2026-09-18,R015,trip,T817902,48
PL001207,2026-09-19,R015,trip,T850032,57
PL001208,2026-09-19,R015,trip,T395869,47
PL001209,2026-09-19,R015,trip,T660907,50
PL001210,2026-09-19,R015,cancellation_penalty,T961373,-10
PL001211,2026-09-19,R015,trip,T422086,78
PL001212,2026-09-19,R015,trip,T244728,25
PL001213,2026-09-19,R015,trip,T666144,51
PL001214,2026-09-19,R015,trip,T617867,62
PL001215,2026-09-19,R015,trip,T758181,63
PL001216,2026-09-19,R015,trip,T621755,78
PL001217,2026-09-19,R015,trip,T122559,30
PL001218,2026-09-20,R015,trip,T533338,29
PL001219,2026-09-20,R015,trip,T557968,75
PL001220,2026-09-20,R015,trip,T727127,75
PL001221,2026-09-20,R015,trip,T751977,73
PL001222,2026-09-20,R015,cancellation_penalty,T866748,-10
PL001223,2026-09-20,R015,trip,T981349,36
PL001224,2026-09-20,R015,cancellation_penalty,T166236,-10
PL001225,2026-09-14,R016,trip,T720618,38
PL001226,2026-09-14,R016,trip,T869327,44
PL001227,2026-09-14,R016,trip,T274505,44
PL001228,2026-09-14,R016,trip,T361814,74
PL001229,2026-09-14,R016,trip,T602820,67
PL001230,2026-09-14,R016,trip,T740184,25
PL001231,2026-09-14,R016,trip,T491573,78
PL001232,2026-09-14,R016,trip,T261109,76
PL001233,2026-09-14,R016,trip,T375973,38
PL001234,2026-09-14,R016,trip,T899085,77
PL001235,2026-09-14,R016,trip,T493818,80
PL001236,2026-09-14,R016,trip,T821924,76
PL001237,2026-09-14,R016,daily_incentive,,150
PL001238,2026-09-15,R016,trip,T650448,65
PL001239,2026-09-15,R016,trip,T694610,81
PL001240,2026-09-15,R016,trip,T988181,25
PL001241,2026-09-15,R016,trip,T571955,63
PL001242,2026-09-15,R016,trip,T240234,39
PL001243,2026-09-15,R016,trip,T854319,77
PL001244,2026-09-15,R016,trip,T591724,83
PL001245,2026-09-15,R016,trip,T913681,25
PL001246,2026-09-15,R016,trip,T148713,74
PL001247,2026-09-15,R016,trip,T747770,45
PL001248,2026-09-15,R016,trip,T313566,81
PL001249,2026-09-15,R016,trip,T136353,47
PL001250,2026-09-15,R016,daily_incentive,,150
PL001251,2026-09-16,R016,trip,T863829,66
PL001252,2026-09-16,R016,trip,T263345,78
PL001253,2026-09-16,R016,trip,T472654,63
PL001254,2026-09-16,R016,trip,T859018,78
PL001255,2026-09-16,R016,trip,T128802,56
PL001256,2026-09-16,R016,trip,T640038,81
PL001257,2026-09-16,R016,trip,T103905,68
PL001258,2026-09-16,R016,trip,T516136,57
PL001259,2026-09-16,R016,trip,T185482,73
PL001260,2026-09-16,R016,trip,T751938,29
PL001261,2026-09-16,R016,trip,T142828,30
PL001262,2026-09-16,R016,trip,T479876,50
PL001263,2026-09-16,R016,trip,T843393,38
PL001264,2026-09-16,R016,trip,T587246,75
PL001265,2026-09-16,R016,daily_incentive,,150
PL001266,2026-09-17,R016,trip,T289154,62
PL001267,2026-09-17,R016,trip,T605401,26
PL001268,2026-09-17,R016,trip,T423126,73
PL001269,2026-09-17,R016,trip,T298951,25
PL001270,2026-09-17,R016,trip,T170145,46
PL001271,2026-09-17,R016,trip,T459767,74
PL001272,2026-09-18,R016,trip,T882349,77
PL001273,2026-09-18,R016,trip,T601625,56
PL001274,2026-09-18,R016,trip,T383668,34
PL001275,2026-09-18,R016,trip,T519342,45
PL001276,2026-09-18,R016,trip,T556285,45
PL001277,2026-09-18,R016,trip,T324499,66
PL001278,2026-09-18,R016,trip,T838228,45
PL001279,2026-09-18,R016,trip,T138203,51
PL001280,2026-09-18,R016,trip,T828998,39
PL001281,2026-09-18,R016,trip,T133571,72
PL001282,2026-09-19,R016,trip,T880027,26
PL001283,2026-09-19,R016,trip,T406836,65
PL001284,2026-09-19,R016,trip,T520773,38
PL001285,2026-09-19,R016,trip,T245768,45
PL001286,2026-09-20,R016,trip,T955709,26
PL001287,2026-09-20,R016,trip,T598346,25
PL001288,2026-09-20,R016,trip,T405792,73
PL001289,2026-09-20,R016,trip,T347850,47
PL001290,2026-09-20,R016,trip,T123926,38
PL001291,2026-09-20,R016,trip,T478039,78
PL001292,2026-09-20,R016,trip,T761562,53
PL001293,2026-09-20,R016,cancellation_penalty,T617265,-10
PL001294,2026-09-21,R016,trip,T144498,25
PL001295,2026-09-21,R016,trip,T679591,34
PL001296,2026-09-21,R016,trip,T140600,53
PL001297,2026-09-21,R016,cancellation_penalty,T703700,-10
PL001298,2026-09-21,R016,trip,T461641,48
PL001299,2026-09-21,R016,trip,T290385,37
PL001300,2026-09-21,R016,trip,T695930,82
PL001301,2026-09-21,R016,trip,T503268,43
PL001302,2026-09-21,R016,trip,T105621,79
PL001303,2026-09-21,R016,trip,T515341,41
PL001304,2026-09-13,R017,trip,T831055,62
PL001305,2026-09-13,R017,trip,T646464,69
PL001306,2026-09-13,R017,trip,T286138,62
PL001307,2026-09-13,R017,trip,T919735,65
PL001308,2026-09-13,R017,trip,T861977,60
PL001309,2026-09-13,R017,trip,T434141,88
PL001310,2026-09-13,R017,trip,T304630,50
PL001311,2026-09-13,R017,trip,T543957,37
PL001312,2026-09-13,R017,trip,T561915,74
PL001313,2026-09-13,R017,trip,T411101,29
PL001314,2026-09-14,R017,trip,T442096,33
PL001315,2026-09-14,R017,cancellation_penalty,T279565,-10
PL001316,2026-09-14,R017,trip,T292205,26
PL001317,2026-09-14,R017,trip,T665835,73
PL001318,2026-09-14,R017,trip,T383538,62
PL001319,2026-09-14,R017,cancellation_penalty,T494403,-10
PL001320,2026-09-14,R017,trip,T481966,33
PL001321,2026-09-14,R017,trip,T153724,81
PL001322,2026-09-14,R017,trip,T591229,25
PL001323,2026-09-14,R017,trip,T588050,66
PL001324,2026-09-14,R017,trip,T183144,25
PL001325,2026-09-14,R017,trip,T436073,72
PL001326,2026-09-14,R017,trip,T189842,28
PL001327,2026-09-14,R017,trip,T264055,61
PL001328,2026-09-14,R017,trip,T485025,26
PL001329,2026-09-15,R017,trip,T865659,45
PL001330,2026-09-15,R017,trip,T672852,103
PL001331,2026-09-15,R017,trip,T294476,74
PL001332,2026-09-15,R017,trip,T115545,35
PL001333,2026-09-15,R017,trip,T324497,63
PL001334,2026-09-15,R017,trip,T838290,49
PL001335,2026-09-15,R017,trip,T713627,60
PL001336,2026-09-15,R017,trip,T171992,28
PL001337,2026-09-15,R017,trip,T426748,57
PL001338,2026-09-15,R017,trip,T581235,47
PL001339,2026-09-15,R017,trip,T952797,107
PL001340,2026-09-15,R017,trip,T240471,38
PL001341,2026-09-15,R017,daily_incentive,,150
PL001342,2026-09-16,R017,trip,T435573,42
PL001343,2026-09-16,R017,trip,T263726,90
PL001344,2026-09-16,R017,trip,T112522,73
PL001345,2026-09-16,R017,trip,T250206,75
PL001346,2026-09-16,R017,trip,T966942,78
PL001347,2026-09-16,R017,trip,T132118,64
PL001348,2026-09-16,R017,trip,T119816,56
PL001349,2026-09-16,R017,trip,T836093,47
PL001350,2026-09-17,R017,trip,T667359,54
PL001351,2026-09-17,R017,trip,T140189,30
PL001352,2026-09-17,R017,trip,T738428,71
PL001353,2026-09-17,R017,cancellation_penalty,T894951,-10
PL001354,2026-09-17,R017,trip,T439122,32
PL001355,2026-09-17,R017,trip,T951233,54
PL001356,2026-09-17,R017,trip,T701261,82
PL001357,2026-09-17,R017,cancellation_penalty,T694207,-10
PL001358,2026-09-17,R017,trip,T562112,35
PL001359,2026-09-17,R017,trip,T782604,46
PL001360,2026-09-19,R017,trip,T774532,63
PL001361,2026-09-19,R017,trip,T481197,73
PL001362,2026-09-19,R017,trip,T727809,30
PL001363,2026-09-19,R017,trip,T570794,42
PL001364,2026-09-19,R017,trip,T705983,41
PL001365,2026-09-19,R017,trip,T846924,119
PL001366,2026-09-19,R017,trip,T398816,80
PL001367,2026-09-19,R017,trip,T531394,48
PL001368,2026-09-19,R017,trip,T166255,60
PL001369,2026-09-19,R017,trip,T305836,53
PL001370,2026-09-19,R017,trip,T300599,51
PL001371,2026-09-19,R017,trip,T520858,65
PL001372,2026-09-19,R017,trip,T319505,80
PL001373,2026-09-19,R017,daily_incentive,,150
PL001374,2026-09-20,R017,trip,T944094,25
PL001375,2026-09-20,R017,trip,T274075,60
PL001376,2026-09-20,R017,trip,T944341,45
PL001377,2026-09-20,R017,trip,T203886,63
PL001378,2026-09-20,R017,trip,T897078,26
PL001379,2026-09-21,R017,trip,T368213,58
PL001380,2026-09-21,R017,trip,T850954,57
PL001381,2026-09-21,R017,trip,T690012,50
PL001382,2026-09-21,R017,trip,T132013,38
PL001383,2026-09-21,R017,trip,T374647,72
PL001384,2026-09-21,R017,trip,T297757,69
PL001385,2026-09-21,R017,trip,T697567,45
PL001386,2026-09-21,R017,trip,T790818,41
PL001387,2026-09-12,R018,trip,T482657,73
PL001388,2026-09-12,R018,trip,T314140,70
PL001389,2026-09-12,R018,trip,T577420,35
PL001390,2026-09-12,R018,trip,T933667,76
PL001391,2026-09-12,R018,trip,T301464,81
PL001392,2026-09-12,R018,trip,T157238,25
PL001393,2026-09-12,R018,trip,T265090,39
PL001394,2026-09-13,R018,trip,T207935,52
PL001395,2026-09-13,R018,trip,T888561,96
PL001396,2026-09-13,R018,trip,T812045,34
PL001397,2026-09-13,R018,trip,T784286,85
PL001398,2026-09-13,R018,trip,T223546,53
PL001399,2026-09-13,R018,trip,T540563,71
PL001400,2026-09-13,R018,trip,T873862,58
PL001401,2026-09-13,R018,trip,T663154,29
PL001402,2026-09-13,R018,trip,T553055,53
PL001403,2026-09-13,R018,trip,T440580,36
PL001404,2026-09-13,R018,trip,T990216,25
PL001405,2026-09-13,R018,trip,T955896,34
PL001406,2026-09-13,R018,trip,T548867,62
PL001407,2026-09-13,R018,trip,T431493,28
PL001408,2026-09-13,R018,daily_incentive,,150
PL001409,2026-09-14,R018,trip,T654298,43
PL001410,2026-09-14,R018,trip,T213016,53
PL001411,2026-09-14,R018,trip,T513445,25
PL001412,2026-09-14,R018,trip,T492845,61
PL001413,2026-09-14,R018,trip,T158916,67
PL001414,2026-09-14,R018,trip,T536417,74
PL001415,2026-09-14,R018,trip,T225362,30
PL001416,2026-09-15,R018,trip,T777018,62
PL001417,2026-09-15,R018,trip,T716838,72
PL001418,2026-09-15,R018,trip,T527520,48
PL001419,2026-09-15,R018,trip,T108177,32
PL001420,2026-09-15,R018,trip,T397437,45
PL001421,2026-09-15,R018,trip,T592061,41
PL001422,2026-09-15,R018,cancellation_penalty,T105535,-10
PL001423,2026-09-15,R018,trip,T738955,94
PL001424,2026-09-18,R018,trip,T296966,92
PL001425,2026-09-18,R018,trip,T240737,89
PL001426,2026-09-18,R018,trip,T528218,26
PL001427,2026-09-18,R018,trip,T740325,50
PL001428,2026-09-18,R018,trip,T970479,57
PL001429,2026-09-18,R018,trip,T871695,67
PL001430,2026-09-18,R018,trip,T799154,25
PL001431,2026-09-18,R018,trip,T111495,29
PL001432,2026-09-18,R018,trip,T773790,68
PL001433,2026-09-18,R018,trip,T608094,75
PL001434,2026-09-18,R018,trip,T589127,115
PL001435,2026-09-19,R018,trip,T519161,51
PL001436,2026-09-19,R018,trip,T544093,25
PL001437,2026-09-19,R018,trip,T858185,51
PL001438,2026-09-19,R018,trip,T144563,25
PL001439,2026-09-20,R018,trip,T580319,63
PL001440,2026-09-20,R018,trip,T304545,64
PL001441,2026-09-20,R018,trip,T484440,53
PL001442,2026-09-20,R018,trip,T350700,78
PL001443,2026-09-20,R018,trip,T447873,29
PL001444,2026-09-20,R018,trip,T412863,59
PL001445,2026-09-20,R018,trip,T371698,77
PL001446,2026-09-20,R018,trip,T704280,78
PL001447,2026-09-20,R018,trip,T796395,65
PL001448,2026-09-20,R018,trip,T692516,45
PL001449,2026-09-20,R018,trip,T217135,52
PL001450,2026-09-21,R018,trip,T858230,37
PL001451,2026-09-21,R018,trip,T458961,38
PL001452,2026-09-21,R018,trip,T724914,79
PL001453,2026-09-21,R018,trip,T301247,30
PL001454,2026-09-21,R018,trip,T688065,59
PL001455,2026-09-21,R018,trip,T237365,48
PL001456,2026-09-21,R018,trip,T106397,64
PL001457,2026-09-21,R018,trip,T205336,25
PL001458,2026-09-21,R018,trip,T461933,38
PL001459,2026-09-21,R018,trip,T736023,26
PL001460,2026-09-13,R019,trip,T336220,25
PL001461,2026-09-13,R019,trip,T899557,47
PL001462,2026-09-13,R019,trip,T700766,25
PL001463,2026-09-13,R019,trip,T696000,98
PL001464,2026-09-13,R019,trip,T295141,81
PL001465,2026-09-13,R019,trip,T674332,45
PL001466,2026-09-13,R019,trip,T631158,51
PL001467,2026-09-13,R019,trip,T397346,25
PL001468,2026-09-13,R019,trip,T387988,51
PL001469,2026-09-13,R019,trip,T528149,48
PL001470,2026-09-13,R019,trip,T787300,62
PL001471,2026-09-14,R019,trip,T963854,44
PL001472,2026-09-14,R019,trip,T601799,25
PL001473,2026-09-14,R019,trip,T232980,76
PL001474,2026-09-14,R019,trip,T389478,29
PL001475,2026-09-14,R019,trip,T660998,27
PL001476,2026-09-14,R019,trip,T167633,52
PL001477,2026-09-14,R019,trip,T764225,74
PL001478,2026-09-14,R019,trip,T683886,25
PL001479,2026-09-14,R019,trip,T114969,47
PL001480,2026-09-14,R019,trip,T836263,61
PL001481,2026-09-15,R019,trip,T417151,76
PL001482,2026-09-15,R019,trip,T895834,52
PL001483,2026-09-15,R019,trip,T546102,30
PL001484,2026-09-15,R019,trip,T258221,38
PL001485,2026-09-15,R019,trip,T266720,81
PL001486,2026-09-15,R019,trip,T588662,25
PL001487,2026-09-15,R019,trip,T704343,81
PL001488,2026-09-15,R019,trip,T350024,42
PL001489,2026-09-16,R019,trip,T117635,33
PL001490,2026-09-16,R019,trip,T106626,54
PL001491,2026-09-16,R019,trip,T637105,53
PL001492,2026-09-16,R019,trip,T945238,72
PL001493,2026-09-16,R019,trip,T437159,52
PL001494,2026-09-16,R019,trip,T833395,56
PL001495,2026-09-16,R019,trip,T647694,119
PL001496,2026-09-16,R019,trip,T530670,92
PL001497,2026-09-16,R019,trip,T983598,25
PL001498,2026-09-16,R019,trip,T900651,50
PL001499,2026-09-17,R019,trip,T151843,77
PL001500,2026-09-17,R019,trip,T275921,42
PL001501,2026-09-17,R019,trip,T984015,36
PL001502,2026-09-17,R019,trip,T526150,25
PL001503,2026-09-17,R019,trip,T922433,39
PL001504,2026-09-17,R019,trip,T690585,57
PL001505,2026-09-17,R019,trip,T200434,36
PL001506,2026-09-17,R019,trip,T394194,72
PL001507,2026-09-17,R019,trip,T852879,60
PL001508,2026-09-17,R019,trip,T928219,31
PL001509,2026-09-17,R019,trip,T190296,33
PL001510,2026-09-17,R019,trip,T752738,74
PL001511,2026-09-17,R019,cancellation_penalty,T636589,-10
PL001512,2026-09-17,R019,trip,T737681,94
PL001513,2026-09-17,R019,daily_incentive,,150
PL001514,2026-09-19,R019,trip,T974719,25
PL001515,2026-09-19,R019,trip,T603586,63
PL001516,2026-09-19,R019,trip,T163901,67
PL001517,2026-09-19,R019,trip,T764391,66
PL001518,2026-09-19,R019,trip,T175452,44
PL001519,2026-09-19,R019,trip,T329894,57
PL001520,2026-09-19,R019,trip,T540820,36
PL001521,2026-09-19,R019,trip,T523109,51
PL001522,2026-09-19,R019,trip,T959214,45
PL001523,2026-09-20,R019,trip,T986147,25
PL001524,2026-09-20,R019,trip,T456760,36
PL001525,2026-09-20,R019,trip,T629858,27
PL001526,2026-09-20,R019,trip,T419148,25
PL001527,2026-09-20,R019,trip,T259398,58
PL001528,2026-09-20,R019,trip,T373899,47
PL001529,2026-09-20,R019,trip,T612796,25
PL001530,2026-09-20,R019,trip,T115543,25
PL001531,2026-09-21,R019,trip,T670658,27
PL001532,2026-09-21,R019,trip,T783674,63
PL001533,2026-09-21,R019,trip,T636928,67
PL001534,2026-09-21,R019,trip,T135175,53
PL001535,2026-09-21,R019,trip,T131053,50
PL001536,2026-09-21,R019,trip,T425839,60
PL001537,2026-09-21,R019,trip,T797859,57
PL001538,2026-09-21,R019,trip,T435119,67
PL001539,2026-09-21,R019,trip,T480462,45
PL001540,2026-09-21,R019,trip,T369308,58
PL001541,2026-09-21,R019,trip,T924925,45
PL001542,2026-09-12,R020,trip,T101462,36
PL001543,2026-09-12,R020,trip,T519413,71
PL001544,2026-09-12,R020,trip,T195432,55
PL001545,2026-09-12,R020,trip,T644126,81
PL001546,2026-09-14,R020,trip,T462523,25
PL001547,2026-09-14,R020,trip,T275444,38
PL001548,2026-09-14,R020,trip,T617631,25
PL001549,2026-09-14,R020,trip,T730506,26
PL001550,2026-09-14,R020,trip,T328568,29
PL001551,2026-09-14,R020,trip,T130887,51
PL001552,2026-09-14,R020,trip,T605744,80
PL001553,2026-09-14,R020,trip,T304720,66
PL001554,2026-09-15,R020,trip,T629243,57
PL001555,2026-09-15,R020,trip,T601509,29
PL001556,2026-09-15,R020,trip,T874916,65
PL001557,2026-09-15,R020,trip,T898842,36
PL001558,2026-09-15,R020,trip,T461379,38
PL001559,2026-09-15,R020,trip,T228007,47
PL001560,2026-09-16,R020,trip,T841782,39
PL001561,2026-09-16,R020,trip,T890816,40
PL001562,2026-09-16,R020,trip,T881989,69
PL001563,2026-09-16,R020,trip,T257497,50
PL001564,2026-09-16,R020,trip,T941320,45
PL001565,2026-09-16,R020,trip,T303625,45
PL001566,2026-09-16,R020,trip,T888414,78
PL001567,2026-09-16,R020,trip,T570375,38
PL001568,2026-09-16,R020,trip,T688332,25
PL001569,2026-09-16,R020,trip,T679850,40
PL001570,2026-09-16,R020,trip,T663442,26
PL001571,2026-09-16,R020,trip,T212271,72
PL001572,2026-09-16,R020,trip,T720478,43
PL001573,2026-09-16,R020,daily_incentive,,150
PL001574,2026-09-18,R020,trip,T288899,30
PL001575,2026-09-18,R020,trip,T529693,68
PL001576,2026-09-18,R020,trip,T732164,25
PL001577,2026-09-18,R020,trip,T406784,45
PL001578,2026-09-18,R020,cancellation_penalty,T366312,-10
PL001579,2026-09-18,R020,trip,T242979,47
PL001580,2026-09-18,R020,trip,T795631,56
PL001581,2026-09-18,R020,trip,T165330,37
PL001582,2026-09-19,R020,trip,T836705,25
PL001583,2026-09-19,R020,trip,T798621,70
PL001584,2026-09-19,R020,trip,T859105,58
PL001585,2026-09-19,R020,trip,T700368,92
PL001586,2026-09-19,R020,cancellation_penalty,T246087,-10
PL001587,2026-09-19,R020,trip,T173477,72
PL001588,2026-09-19,R020,trip,T896700,47
PL001589,2026-09-20,R020,trip,T630533,93
PL001590,2026-09-20,R020,trip,T770101,32
PL001591,2026-09-20,R020,trip,T155940,30
PL001592,2026-09-20,R020,trip,T185287,50
PL001593,2026-09-20,R020,trip,T440111,67
PL001594,2026-09-20,R020,trip,T993285,66
PL001595,2026-09-20,R020,trip,T969747,122
PL001596,2026-09-20,R020,trip,T455409,47
PL001597,2026-09-21,R020,trip,T238629,50
PL001598,2026-09-21,R020,trip,T266273,67
PL001599,2026-09-21,R020,trip,T370188,30
PL001600,2026-09-21,R020,trip,T508024,75
PL001601,2026-09-21,R020,trip,T492433,37
PL001602,2026-09-21,R020,trip,T190717,32
PL001603,2026-09-21,R020,trip,T667126,26
PL001604,2026-09-21,R020,trip,T164614,53
PL001605,2026-09-21,R020,trip,T904486,25
PL001606,2026-09-21,R020,trip,T876992,51
PL001607,2026-09-21,R020,trip,T758398,67
PL001608,2026-09-12,R021,trip,T614150,71
PL001609,2026-09-12,R021,trip,T226373,25
PL001610,2026-09-12,R021,trip,T294441,74
PL001611,2026-09-12,R021,trip,T434206,70
PL001612,2026-09-12,R021,trip,T323506,80
PL001613,2026-09-12,R021,trip,T200945,30
PL001614,2026-09-12,R021,trip,T820807,73
PL001615,2026-09-12,R021,trip,T871794,58
PL001616,2026-09-12,R021,trip,T651622,61
PL001617,2026-09-12,R021,trip,T101822,60
PL001618,2026-09-12,R021,trip,T952613,77
PL001619,2026-09-13,R021,trip,T633629,47
PL001620,2026-09-13,R021,trip,T469512,49
PL001621,2026-09-13,R021,trip,T878140,67
PL001622,2026-09-13,R021,trip,T481855,51
PL001623,2026-09-13,R021,trip,T133507,25
PL001624,2026-09-13,R021,trip,T768420,42
PL001625,2026-09-13,R021,cancellation_penalty,T136373,-10
PL001626,2026-09-14,R021,trip,T525647,28
PL001627,2026-09-14,R021,trip,T716594,48
PL001628,2026-09-14,R021,trip,T291977,25
PL001629,2026-09-14,R021,trip,T347141,44
PL001630,2026-09-14,R021,trip,T239649,53
PL001631,2026-09-14,R021,trip,T227201,55
PL001632,2026-09-14,R021,trip,T232371,39
PL001633,2026-09-14,R021,trip,T884588,37
PL001634,2026-09-14,R021,trip,T806595,67
PL001635,2026-09-14,R021,cancellation_penalty,T143848,-10
PL001636,2026-09-15,R021,trip,T708683,78
PL001637,2026-09-15,R021,trip,T715145,25
PL001638,2026-09-15,R021,trip,T235052,39
PL001639,2026-09-15,R021,trip,T560899,26
PL001640,2026-09-15,R021,cancellation_penalty,T714800,-10
PL001641,2026-09-15,R021,trip,T108802,26
PL001642,2026-09-15,R021,trip,T428010,50
PL001643,2026-09-17,R021,trip,T364302,30
PL001644,2026-09-17,R021,trip,T489282,56
PL001645,2026-09-17,R021,trip,T942376,70
PL001646,2026-09-17,R021,trip,T158796,91
PL001647,2026-09-17,R021,trip,T484517,44
PL001648,2026-09-17,R021,trip,T805329,81
PL001649,2026-09-17,R021,cancellation_penalty,T970628,-10
PL001650,2026-09-17,R021,trip,T484575,55
PL001651,2026-09-17,R021,trip,T504544,82
PL001652,2026-09-17,R021,trip,T212009,27
PL001653,2026-09-17,R021,trip,T941519,25
PL001654,2026-09-18,R021,trip,T424586,28
PL001655,2026-09-18,R021,trip,T617415,25
PL001656,2026-09-18,R021,trip,T964372,42
PL001657,2026-09-18,R021,trip,T905393,25
PL001658,2026-09-18,R021,trip,T451692,25
PL001659,2026-09-18,R021,trip,T808368,45
PL001660,2026-09-18,R021,trip,T263869,68
PL001661,2026-09-18,R021,trip,T285829,71
PL001662,2026-09-18,R021,cancellation_penalty,T704408,-10
PL001663,2026-09-19,R021,trip,T419596,81
PL001664,2026-09-19,R021,trip,T583362,27
PL001665,2026-09-19,R021,trip,T366890,85
PL001666,2026-09-19,R021,trip,T277676,34
PL001667,2026-09-19,R021,trip,T942056,75
PL001668,2026-09-19,R021,trip,T394630,68
PL001669,2026-09-19,R021,trip,T890335,79
PL001670,2026-09-19,R021,trip,T859083,30
PL001671,2026-09-20,R021,trip,T458606,25
PL001672,2026-09-20,R021,trip,T807656,25
PL001673,2026-09-20,R021,trip,T177238,55
PL001674,2026-09-20,R021,trip,T530011,29
PL001675,2026-09-20,R021,trip,T207800,41
PL001676,2026-09-20,R021,trip,T340701,35
PL001677,2026-09-20,R021,trip,T622860,43
PL001678,2026-09-20,R021,trip,T373804,43
PL001679,2026-09-12,R022,trip,T497686,64
PL001680,2026-09-12,R022,trip,T170571,27
PL001681,2026-09-12,R022,trip,T423942,73
PL001682,2026-09-12,R022,trip,T396499,25
PL001683,2026-09-12,R022,trip,T419918,59
PL001684,2026-09-12,R022,trip,T945750,30
PL001685,2026-09-12,R022,trip,T395240,73
PL001686,2026-09-12,R022,trip,T884454,57
PL001687,2026-09-12,R022,trip,T309276,74
PL001688,2026-09-12,R022,trip,T552074,79
PL001689,2026-09-12,R022,trip,T957811,47
PL001690,2026-09-12,R022,trip,T435415,68
PL001691,2026-09-12,R022,trip,T466764,75
PL001692,2026-09-12,R022,daily_incentive,,150
PL001693,2026-09-13,R022,trip,T417319,30
PL001694,2026-09-13,R022,trip,T204214,56
PL001695,2026-09-13,R022,trip,T383819,35
PL001696,2026-09-13,R022,trip,T882096,26
PL001697,2026-09-13,R022,trip,T297202,45
PL001698,2026-09-13,R022,trip,T489410,48
PL001699,2026-09-13,R022,trip,T897765,25
PL001700,2026-09-13,R022,trip,T502951,43
PL001701,2026-09-13,R022,trip,T452773,62
PL001702,2026-09-14,R022,trip,T916477,35
PL001703,2026-09-14,R022,trip,T923883,28
PL001704,2026-09-14,R022,trip,T793407,25
PL001705,2026-09-14,R022,trip,T614981,59
PL001706,2026-09-14,R022,trip,T225941,25
PL001707,2026-09-14,R022,trip,T157800,103
PL001708,2026-09-14,R022,trip,T339040,78
PL001709,2026-09-14,R022,trip,T623824,25
PL001710,2026-09-14,R022,trip,T968361,66
PL001711,2026-09-14,R022,trip,T227148,57
PL001712,2026-09-14,R022,trip,T615801,25
PL001713,2026-09-14,R022,trip,T573822,69
PL001714,2026-09-14,R022,trip,T476716,65
PL001715,2026-09-14,R022,trip,T906454,39
PL001716,2026-09-14,R022,daily_incentive,,150
PL001717,2026-09-15,R022,trip,T199078,42
PL001718,2026-09-15,R022,trip,T734001,39
PL001719,2026-09-15,R022,trip,T776905,57
PL001720,2026-09-15,R022,trip,T880037,30
PL001721,2026-09-15,R022,trip,T569739,44
PL001722,2026-09-15,R022,trip,T403503,53
PL001723,2026-09-15,R022,trip,T698805,60
PL001724,2026-09-15,R022,trip,T195105,82
PL001725,2026-09-15,R022,trip,T249849,50
PL001726,2026-09-15,R022,trip,T214274,33
PL001727,2026-09-18,R022,trip,T535732,35
PL001728,2026-09-18,R022,trip,T311195,25
PL001729,2026-09-18,R022,trip,T644536,25
PL001730,2026-09-18,R022,trip,T984475,78
PL001731,2026-09-18,R022,trip,T640452,47
PL001732,2026-09-18,R022,trip,T362928,76
PL001733,2026-09-18,R022,trip,T231083,68
PL001734,2026-09-18,R022,trip,T181811,65
PL001735,2026-09-18,R022,trip,T191087,25
PL001736,2026-09-18,R022,trip,T961329,25
PL001737,2026-09-18,R022,trip,T655224,25
PL001738,2026-09-18,R022,trip,T713694,48
PL001739,2026-09-18,R022,trip,T684554,61
PL001740,2026-09-18,R022,trip,T226267,50
PL001741,2026-09-18,R022,daily_incentive,,150
PL001742,2026-09-19,R022,trip,T816721,80
PL001743,2026-09-19,R022,trip,T252596,59
PL001744,2026-09-19,R022,trip,T713588,25
PL001745,2026-09-19,R022,trip,T198175,29
PL001746,2026-09-19,R022,trip,T560827,45
PL001747,2026-09-19,R022,trip,T201825,98
PL001748,2026-09-19,R022,trip,T215555,70
PL001749,2026-09-20,R022,trip,T810160,71
PL001750,2026-09-20,R022,trip,T583638,25
PL001751,2026-09-20,R022,trip,T274921,32
PL001752,2026-09-20,R022,trip,T759277,25
PL001753,2026-09-20,R022,trip,T274221,38
PL001754,2026-09-20,R022,trip,T511977,30
PL001755,2026-09-20,R022,trip,T518145,38
PL001756,2026-09-20,R022,trip,T521263,80
PL001757,2026-09-20,R022,trip,T393477,52
PL001758,2026-09-21,R022,trip,T356327,25
PL001759,2026-09-21,R022,trip,T855052,26
PL001760,2026-09-21,R022,trip,T730660,44
PL001761,2026-09-21,R022,trip,T396189,28
PL001762,2026-09-21,R022,trip,T954668,30
PL001763,2026-09-21,R022,trip,T557838,70
PL001764,2026-09-21,R022,trip,T377860,63
PL001765,2026-09-21,R022,trip,T324440,25
PL001766,2026-09-21,R022,trip,T225056,54
PL001767,2026-09-21,R022,trip,T657538,29
PL001768,2026-09-13,R023,trip,T802525,45
PL001769,2026-09-13,R023,trip,T664237,53
PL001770,2026-09-13,R023,trip,T734441,74
PL001771,2026-09-13,R023,cancellation_penalty,T566810,-10
PL001772,2026-09-13,R023,trip,T146746,35
PL001773,2026-09-13,R023,trip,T802242,25
PL001774,2026-09-13,R023,trip,T708939,76
PL001775,2026-09-13,R023,trip,T315853,26
PL001776,2026-09-13,R023,trip,T652555,44
PL001777,2026-09-14,R023,trip,T280643,46
PL001778,2026-09-14,R023,trip,T396262,32
PL001779,2026-09-14,R023,trip,T761613,33
PL001780,2026-09-14,R023,cancellation_penalty,T334409,-10
PL001781,2026-09-14,R023,trip,T453183,77
PL001782,2026-09-14,R023,trip,T268812,25
PL001783,2026-09-14,R023,trip,T921722,68
PL001784,2026-09-14,R023,trip,T919772,78
PL001785,2026-09-14,R023,trip,T174397,68
PL001786,2026-09-14,R023,trip,T771029,51
PL001787,2026-09-14,R023,trip,T443290,55
PL001788,2026-09-14,R023,trip,T894541,39
PL001789,2026-09-14,R023,trip,T900820,25
PL001790,2026-09-14,R023,daily_incentive,,150
PL001791,2026-09-15,R023,trip,T183098,44
PL001792,2026-09-15,R023,trip,T408722,51
PL001793,2026-09-15,R023,trip,T328658,73
PL001794,2026-09-15,R023,cancellation_penalty,T801963,-10
PL001795,2026-09-15,R023,trip,T694601,49
PL001796,2026-09-15,R023,trip,T495486,63
PL001797,2026-09-15,R023,trip,T150186,60
PL001798,2026-09-15,R023,trip,T916805,30
PL001799,2026-09-15,R023,trip,T278862,51
PL001800,2026-09-16,R023,trip,T717215,52
PL001801,2026-09-16,R023,trip,T345727,81
PL001802,2026-09-16,R023,trip,T192997,34
PL001803,2026-09-16,R023,trip,T807977,55
PL001804,2026-09-16,R023,trip,T131255,25
PL001805,2026-09-16,R023,trip,T103861,49
PL001806,2026-09-16,R023,trip,T487837,27
PL001807,2026-09-16,R023,trip,T105560,68
PL001808,2026-09-16,R023,trip,T946760,30
PL001809,2026-09-16,R023,trip,T616507,70
PL001810,2026-09-17,R023,trip,T895233,65
PL001811,2026-09-17,R023,trip,T839869,79
PL001812,2026-09-17,R023,trip,T746422,65
PL001813,2026-09-17,R023,trip,T785584,72
PL001814,2026-09-17,R023,trip,T393784,74
PL001815,2026-09-17,R023,trip,T234044,25
PL001816,2026-09-17,R023,trip,T767711,59
PL001817,2026-09-17,R023,trip,T468718,80
PL001818,2026-09-17,R023,trip,T254697,35
PL001819,2026-09-17,R023,trip,T235680,48
PL001820,2026-09-17,R023,trip,T821090,82
PL001821,2026-09-18,R023,trip,T893056,36
PL001822,2026-09-18,R023,trip,T711357,75
PL001823,2026-09-18,R023,trip,T506816,43
PL001824,2026-09-18,R023,trip,T296687,56
PL001825,2026-09-18,R023,trip,T439103,77
PL001826,2026-09-19,R023,trip,T231087,54
PL001827,2026-09-19,R023,trip,T682941,29
PL001828,2026-09-19,R023,trip,T915475,46
PL001829,2026-09-19,R023,trip,T870829,30
PL001830,2026-09-19,R023,trip,T234525,42
PL001831,2026-09-19,R023,trip,T382032,36
PL001832,2026-09-20,R023,trip,T908338,36
PL001833,2026-09-20,R023,trip,T406526,32
PL001834,2026-09-20,R023,trip,T162387,25
PL001835,2026-09-20,R023,trip,T867224,49
PL001836,2026-09-20,R023,trip,T132717,61
PL001837,2026-09-20,R023,trip,T640558,37
PL001838,2026-09-20,R023,trip,T706276,47
PL001839,2026-09-20,R023,trip,T762159,63
PL001840,2026-09-20,R023,trip,T187498,34
PL001841,2026-09-20,R023,trip,T328556,65
PL001842,2026-09-20,R023,trip,T535099,41
PL001843,2026-09-20,R023,trip,T940346,41
PL001844,2026-09-21,R023,trip,T542083,66
PL001845,2026-09-21,R023,trip,T144680,38
PL001846,2026-09-21,R023,trip,T161631,30
PL001847,2026-09-21,R023,trip,T186768,47
PL001848,2026-09-21,R023,trip,T244925,62
PL001849,2026-09-21,R023,trip,T702046,32
PL001850,2026-09-21,R023,trip,T727349,36
PL001851,2026-09-21,R023,trip,T981471,67
PL001852,2026-09-22,R023,trip,T510307,75
PL001853,2026-09-22,R023,trip,T899849,74
PL001854,2026-09-22,R023,trip,T610271,63
PL001855,2026-09-22,R023,trip,T604016,57
PL001856,2026-09-22,R023,trip,T674817,57
PL001857,2026-09-22,R023,trip,T396808,25
PL001858,2026-09-22,R023,trip,T992356,60
PL001859,2026-09-12,R024,trip,T808992,45
PL001860,2026-09-12,R024,trip,T180700,64
PL001861,2026-09-12,R024,trip,T990126,25
PL001862,2026-09-12,R024,trip,T459865,103
PL001863,2026-09-12,R024,trip,T426868,49
PL001864,2026-09-12,R024,trip,T836851,75
PL001865,2026-09-12,R024,trip,T671749,59
PL001866,2026-09-12,R024,trip,T559459,59
PL001867,2026-09-13,R024,trip,T802736,94
PL001868,2026-09-13,R024,cancellation_penalty,T358770,-10
PL001869,2026-09-13,R024,trip,T821883,29
PL001870,2026-09-13,R024,trip,T475307,53
PL001871,2026-09-13,R024,trip,T582417,67
PL001872,2026-09-13,R024,trip,T386368,36
PL001873,2026-09-13,R024,trip,T236109,69
PL001874,2026-09-14,R024,trip,T374456,25
PL001875,2026-09-14,R024,trip,T637680,57
PL001876,2026-09-14,R024,trip,T872421,29
PL001877,2026-09-14,R024,trip,T750776,80
PL001878,2026-09-14,R024,trip,T397528,25
PL001879,2026-09-14,R024,trip,T821805,121
PL001880,2026-09-14,R024,trip,T584362,80
PL001881,2026-09-14,R024,trip,T224932,30
PL001882,2026-09-14,R024,trip,T257662,54
PL001883,2026-09-14,R024,trip,T117245,52
PL001884,2026-09-15,R024,trip,T155023,77
PL001885,2026-09-15,R024,trip,T916823,25
PL001886,2026-09-15,R024,trip,T359628,25
PL001887,2026-09-15,R024,trip,T153773,119
PL001888,2026-09-15,R024,trip,T742678,37
PL001889,2026-09-15,R024,trip,T130520,70
PL001890,2026-09-15,R024,trip,T721307,38
PL001891,2026-09-15,R024,trip,T754901,38
PL001892,2026-09-15,R024,trip,T898862,57
PL001893,2026-09-15,R024,trip,T857736,33
PL001894,2026-09-15,R024,trip,T670877,36
PL001895,2026-09-16,R024,trip,T482297,72
PL001896,2026-09-16,R024,trip,T511095,35
PL001897,2026-09-16,R024,trip,T156016,81
PL001898,2026-09-16,R024,trip,T321062,30
PL001899,2026-09-16,R024,trip,T457460,27
PL001900,2026-09-16,R024,trip,T301287,50
PL001901,2026-09-16,R024,trip,T651342,110
PL001902,2026-09-16,R024,trip,T906891,59
PL001903,2026-09-16,R024,trip,T467647,120
PL001904,2026-09-17,R024,trip,T612416,29
PL001905,2026-09-17,R024,trip,T459929,60
PL001906,2026-09-17,R024,trip,T529640,39
PL001907,2026-09-17,R024,trip,T802638,50
PL001908,2026-09-17,R024,trip,T917936,53
PL001909,2026-09-17,R024,trip,T998637,25
PL001910,2026-09-17,R024,trip,T743979,38
PL001911,2026-09-18,R024,trip,T466945,25
PL001912,2026-09-18,R024,trip,T616245,38
PL001913,2026-09-18,R024,trip,T296270,65
PL001914,2026-09-18,R024,trip,T975912,47
PL001915,2026-09-18,R024,trip,T433551,25
PL001916,2026-09-18,R024,trip,T154552,29
PL001917,2026-09-18,R024,trip,T267669,27
PL001918,2026-09-18,R024,trip,T470944,26
PL001919,2026-09-18,R024,trip,T524860,39
PL001920,2026-09-18,R024,trip,T568715,25
PL001921,2026-09-18,R024,trip,T420065,65
PL001922,2026-09-18,R024,trip,T552357,33
PL001923,2026-09-19,R024,trip,T739896,44
PL001924,2026-09-19,R024,trip,T529114,54
PL001925,2026-09-19,R024,trip,T304263,45
PL001926,2026-09-19,R024,trip,T890296,44
PL001927,2026-09-19,R024,trip,T629444,33
PL001928,2026-09-19,R024,trip,T844552,29
PL001929,2026-09-19,R024,trip,T602253,51
PL001930,2026-09-19,R024,trip,T803539,25
PL001931,2026-09-20,R024,trip,T219960,76
PL001932,2026-09-20,R024,trip,T409330,76
PL001933,2026-09-20,R024,trip,T300274,55
PL001934,2026-09-20,R024,trip,T997182,59
PL001935,2026-09-20,R024,trip,T531232,73
PL001936,2026-09-20,R024,trip,T502970,75
PL001937,2026-09-20,R024,trip,T486818,71
PL001938,2026-09-12,R025,trip,T621988,38
PL001939,2026-09-12,R025,trip,T456075,59
PL001940,2026-09-12,R025,trip,T185156,81
PL001941,2026-09-12,R025,trip,T813024,104
PL001942,2026-09-12,R025,trip,T479868,50
PL001943,2026-09-12,R025,trip,T593753,91
PL001944,2026-09-12,R025,trip,T593062,38
PL001945,2026-09-13,R025,trip,T851667,77
PL001946,2026-09-13,R025,trip,T926383,38
PL001947,2026-09-13,R025,trip,T916476,63
PL001948,2026-09-13,R025,trip,T366167,48
PL001949,2026-09-13,R025,trip,T794786,61
PL001950,2026-09-13,R025,trip,T337351,55
PL001951,2026-09-13,R025,trip,T179877,34
PL001952,2026-09-13,R025,trip,T786701,30
PL001953,2026-09-13,R025,trip,T711654,25
PL001954,2026-09-14,R025,trip,T768643,50
PL001955,2026-09-14,R025,trip,T418471,59
PL001956,2026-09-14,R025,trip,T401975,31
PL001957,2026-09-14,R025,trip,T749569,38
PL001958,2026-09-14,R025,trip,T108972,106
PL001959,2026-09-14,R025,trip,T581690,40
PL001960,2026-09-15,R025,trip,T998811,66
PL001961,2026-09-15,R025,trip,T848887,69
PL001962,2026-09-15,R025,trip,T319741,80
PL001963,2026-09-15,R025,trip,T585907,25
PL001964,2026-09-15,R025,trip,T382906,76
PL001965,2026-09-15,R025,trip,T900997,45
PL001966,2026-09-15,R025,trip,T445077,75
PL001967,2026-09-15,R025,trip,T739320,25
PL001968,2026-09-15,R025,trip,T238496,39
PL001969,2026-09-16,R025,trip,T723787,81
PL001970,2026-09-17,R025,trip,T849579,47
PL001971,2026-09-17,R025,trip,T303910,71
PL001972,2026-09-17,R025,trip,T767180,51
PL001973,2026-09-17,R025,trip,T117654,77
PL001974,2026-09-17,R025,trip,T472918,25
PL001975,2026-09-17,R025,trip,T724601,70
PL001976,2026-09-17,R025,trip,T468180,59
PL001977,2026-09-18,R025,trip,T772221,59
PL001978,2026-09-18,R025,trip,T194624,31
PL001979,2026-09-18,R025,trip,T100972,56
PL001980,2026-09-18,R025,trip,T447734,27
PL001981,2026-09-18,R025,trip,T342269,79
PL001982,2026-09-18,R025,trip,T771212,88
PL001983,2026-09-18,R025,trip,T725905,62
PL001984,2026-09-18,R025,trip,T261394,54
PL001985,2026-09-18,R025,trip,T427905,60
PL001986,2026-09-18,R025,trip,T112310,68
PL001987,2026-09-19,R025,trip,T409035,34
PL001988,2026-09-19,R025,trip,T227217,29
PL001989,2026-09-19,R025,trip,T433282,57
PL001990,2026-09-19,R025,trip,T948967,25
PL001991,2026-09-19,R025,trip,T738370,60
PL001992,2026-09-19,R025,trip,T111961,33
PL001993,2026-09-19,R025,trip,T507539,51
PL001994,2026-09-19,R025,trip,T308623,36
PL001995,2026-09-19,R025,trip,T175609,50
PL001996,2026-09-19,R025,trip,T188005,34
PL001997,2026-09-19,R025,trip,T729237,30
PL001998,2026-09-20,R025,trip,T827257,42
PL001999,2026-09-20,R025,trip,T844920,27
PL002000,2026-09-20,R025,trip,T256918,63
PL002001,2026-09-20,R025,trip,T267301,48
PL002002,2026-09-20,R025,trip,T431604,25
PL002003,2026-09-20,R025,trip,T493896,48
PL002004,2026-09-20,R025,trip,T298955,31
PL002005,2026-09-20,R025,trip,T138921,48
PL002006,2026-09-21,R025,trip,T897100,74
PL002007,2026-09-12,R026,trip,T672864,75
PL002008,2026-09-12,R026,trip,T970496,42
PL002009,2026-09-12,R026,trip,T336212,43
PL002010,2026-09-12,R026,cancellation_penalty,T513576,-10
PL002011,2026-09-12,R026,trip,T842417,78
PL002012,2026-09-12,R026,trip,T744505,31
PL002013,2026-09-12,R026,trip,T683844,26
PL002014,2026-09-12,R026,trip,T703810,25
PL002015,2026-09-12,R026,trip,T983238,75
PL002016,2026-09-12,R026,trip,T438312,27
PL002017,2026-09-13,R026,trip,T226120,25
PL002018,2026-09-13,R026,trip,T121949,82
PL002019,2026-09-13,R026,trip,T411896,33
PL002020,2026-09-13,R026,trip,T190513,60
PL002021,2026-09-13,R026,trip,T164268,32
PL002022,2026-09-13,R026,trip,T560345,25
PL002023,2026-09-13,R026,trip,T967421,96
PL002024,2026-09-13,R026,trip,T139332,78
PL002025,2026-09-13,R026,trip,T109168,47
PL002026,2026-09-13,R026,trip,T840989,54
PL002027,2026-09-13,R026,trip,T159300,67
PL002028,2026-09-14,R026,trip,T434732,43
PL002029,2026-09-14,R026,trip,T732331,25
PL002030,2026-09-14,R026,trip,T734867,38
PL002031,2026-09-14,R026,trip,T976890,74
PL002032,2026-09-14,R026,trip,T771196,56
PL002033,2026-09-14,R026,trip,T175228,74
PL002034,2026-09-14,R026,trip,T233519,70
PL002035,2026-09-14,R026,trip,T445854,36
PL002036,2026-09-14,R026,trip,T414238,53
PL002037,2026-09-16,R026,trip,T773350,37
PL002038,2026-09-16,R026,trip,T115408,61
PL002039,2026-09-16,R026,trip,T444590,32
PL002040,2026-09-16,R026,trip,T477987,30
PL002041,2026-09-16,R026,trip,T295613,47
PL002042,2026-09-16,R026,trip,T543046,59
PL002043,2026-09-16,R026,trip,T191332,70
PL002044,2026-09-16,R026,trip,T895732,63
PL002045,2026-09-16,R026,trip,T849480,44
PL002046,2026-09-16,R026,cancellation_penalty,T107847,-10
PL002047,2026-09-17,R026,trip,T356884,66
PL002048,2026-09-17,R026,trip,T160526,42
PL002049,2026-09-17,R026,trip,T940557,41
PL002050,2026-09-17,R026,trip,T783258,64
PL002051,2026-09-17,R026,trip,T198288,82
PL002052,2026-09-17,R026,trip,T394950,64
PL002053,2026-09-17,R026,trip,T360538,25
PL002054,2026-09-17,R026,trip,T170117,72
PL002055,2026-09-17,R026,trip,T814310,72
PL002056,2026-09-17,R026,trip,T577623,68
PL002057,2026-09-18,R026,trip,T125670,37
PL002058,2026-09-18,R026,trip,T837272,53
PL002059,2026-09-18,R026,trip,T692100,42
PL002060,2026-09-18,R026,trip,T616589,96
PL002061,2026-09-18,R026,trip,T324443,74
PL002062,2026-09-18,R026,trip,T894187,37
PL002063,2026-09-18,R026,trip,T482747,52
PL002064,2026-09-18,R026,trip,T183411,29
PL002065,2026-09-18,R026,trip,T414506,43
PL002066,2026-09-18,R026,trip,T818757,82
PL002067,2026-09-18,R026,trip,T142591,25
PL002068,2026-09-18,R026,trip,T103649,25
PL002069,2026-09-18,R026,trip,T841752,43
PL002070,2026-09-18,R026,daily_incentive,,150
PL002071,2026-09-19,R026,trip,T560949,25
PL002072,2026-09-19,R026,trip,T889900,30
PL002073,2026-09-19,R026,trip,T985330,53
PL002074,2026-09-19,R026,trip,T142285,25
PL002075,2026-09-19,R026,trip,T328397,47
PL002076,2026-09-19,R026,trip,T520078,33
PL002077,2026-09-19,R026,trip,T113476,38
PL002078,2026-09-19,R026,trip,T174450,41
PL002079,2026-09-19,R026,trip,T672899,25
PL002080,2026-09-21,R026,cancellation_penalty,T198100,-10
PL002081,2026-09-21,R026,trip,T250042,45
PL002082,2026-09-21,R026,trip,T719914,77
PL002083,2026-09-21,R026,trip,T488952,25
PL002084,2026-09-21,R026,cancellation_penalty,T863854,-10
PL002085,2026-09-21,R026,trip,T542469,39
PL002086,2026-09-12,R027,trip,T525196,53
PL002087,2026-09-12,R027,trip,T611483,54
PL002088,2026-09-12,R027,trip,T862073,78
PL002089,2026-09-12,R027,trip,T540809,58
PL002090,2026-09-12,R027,trip,T124369,70
PL002091,2026-09-12,R027,trip,T472935,57
PL002092,2026-09-12,R027,trip,T116673,25
PL002093,2026-09-12,R027,trip,T820289,66
PL002094,2026-09-12,R027,trip,T203118,74
PL002095,2026-09-15,R027,trip,T308836,43
PL002096,2026-09-15,R027,trip,T690943,39
PL002097,2026-09-15,R027,trip,T394829,26
PL002098,2026-09-15,R027,trip,T542374,80
PL002099,2026-09-15,R027,trip,T883770,28
PL002100,2026-09-15,R027,trip,T298119,47
PL002101,2026-09-15,R027,trip,T840010,60
PL002102,2026-09-15,R027,trip,T162890,41
PL002103,2026-09-15,R027,trip,T372553,66
PL002104,2026-09-15,R027,cancellation_penalty,T691696,-10
PL002105,2026-09-16,R027,trip,T648988,77
PL002106,2026-09-16,R027,trip,T229168,42
PL002107,2026-09-16,R027,trip,T368706,44
PL002108,2026-09-16,R027,trip,T572023,62
PL002109,2026-09-16,R027,trip,T577733,81
PL002110,2026-09-16,R027,trip,T551552,39
PL002111,2026-09-16,R027,trip,T727010,61
PL002112,2026-09-16,R027,trip,T845742,51
PL002113,2026-09-16,R027,trip,T158539,64
PL002114,2026-09-16,R027,trip,T119065,44
PL002115,2026-09-17,R027,trip,T300601,71
PL002116,2026-09-17,R027,trip,T293759,73
PL002117,2026-09-17,R027,cancellation_penalty,T453208,-10
PL002118,2026-09-17,R027,trip,T579525,78
PL002119,2026-09-17,R027,trip,T671595,46
PL002120,2026-09-17,R027,trip,T399152,65
PL002121,2026-09-18,R027,trip,T567480,56
PL002122,2026-09-18,R027,trip,T487829,82
PL002123,2026-09-18,R027,trip,T450502,45
PL002124,2026-09-18,R027,trip,T490022,68
PL002125,2026-09-18,R027,trip,T340693,115
PL002126,2026-09-18,R027,trip,T804206,39
PL002127,2026-09-18,R027,trip,T410324,63
PL002128,2026-09-18,R027,trip,T219123,25
PL002129,2026-09-18,R027,trip,T595486,65
PL002130,2026-09-19,R027,trip,T863117,75
PL002131,2026-09-19,R027,trip,T624456,27
PL002132,2026-09-19,R027,trip,T976501,81
PL002133,2026-09-19,R027,trip,T367222,54
PL002134,2026-09-19,R027,trip,T329581,25
PL002135,2026-09-19,R027,trip,T983573,41
PL002136,2026-09-19,R027,trip,T515587,68
PL002137,2026-09-19,R027,trip,T777561,56
PL002138,2026-09-19,R027,trip,T745453,48
PL002139,2026-09-19,R027,trip,T568804,44
PL002140,2026-09-19,R027,trip,T624379,66
PL002141,2026-09-19,R027,trip,T849361,80
PL002142,2026-09-19,R027,daily_incentive,,150
PL002143,2026-09-20,R027,trip,T158438,61
PL002144,2026-09-20,R027,trip,T939650,34
PL002145,2026-09-20,R027,trip,T247879,44
PL002146,2026-09-20,R027,trip,T829615,36
PL002147,2026-09-20,R027,trip,T531707,32
PL002148,2026-09-20,R027,trip,T273581,25
PL002149,2026-09-20,R027,trip,T115377,40
PL002150,2026-09-20,R027,trip,T604546,73
PL002151,2026-09-20,R027,trip,T999487,33
PL002152,2026-09-21,R027,cancellation_penalty,T936237,-10
PL002153,2026-09-21,R027,cancellation_penalty,T936237,-10
PL002154,2026-09-21,R027,trip,T759145,25
PL002155,2026-09-21,R027,trip,T467045,50
PL002156,2026-09-21,R027,trip,T195181,66
PL002157,2026-09-21,R027,trip,T120715,25
PL002158,2026-09-21,R027,trip,T971403,45
PL002159,2026-09-21,R027,trip,T932025,46
PL002160,2026-09-21,R027,trip,T212602,26
PL002161,2026-09-13,R028,cancellation_penalty,T629179,-10
PL002162,2026-09-13,R028,trip,T439087,80
PL002163,2026-09-13,R028,trip,T975847,25
PL002164,2026-09-13,R028,cancellation_penalty,T338999,-10
PL002165,2026-09-13,R028,trip,T613937,60
PL002166,2026-09-13,R028,trip,T181075,46
PL002167,2026-09-13,R028,trip,T187617,29
PL002168,2026-09-13,R028,trip,T194938,80
PL002169,2026-09-13,R028,cancellation_penalty,T308305,-10
PL002170,2026-09-13,R028,trip,T741142,78
PL002171,2026-09-14,R028,trip,T466563,76
PL002172,2026-09-14,R028,trip,T479650,69
PL002173,2026-09-14,R028,trip,T429455,46
PL002174,2026-09-14,R028,trip,T975520,65
PL002175,2026-09-14,R028,trip,T388992,39
PL002176,2026-09-14,R028,trip,T727465,35
PL002177,2026-09-14,R028,trip,T244775,32
PL002178,2026-09-14,R028,trip,T822583,53
PL002179,2026-09-14,R028,trip,T159075,70
PL002180,2026-09-14,R028,trip,T395348,39
PL002181,2026-09-14,R028,trip,T100381,75
PL002182,2026-09-15,R028,trip,T309477,38
PL002183,2026-09-15,R028,trip,T739377,68
PL002184,2026-09-15,R028,trip,T502346,57
PL002185,2026-09-15,R028,trip,T368902,40
PL002186,2026-09-15,R028,trip,T615785,37
PL002187,2026-09-15,R028,trip,T411855,104
PL002188,2026-09-15,R028,trip,T390615,71
PL002189,2026-09-15,R028,trip,T502151,44
PL002190,2026-09-15,R028,trip,T280893,66
PL002191,2026-09-15,R028,trip,T163039,39
PL002192,2026-09-15,R028,trip,T258260,66
PL002193,2026-09-15,R028,trip,T147806,35
PL002194,2026-09-15,R028,daily_incentive,,150
PL002195,2026-09-16,R028,trip,T238047,71
PL002196,2026-09-16,R028,trip,T833424,91
PL002197,2026-09-16,R028,cancellation_penalty,T396431,-10
PL002198,2026-09-16,R028,trip,T352070,35
PL002199,2026-09-16,R028,trip,T111833,25
PL002200,2026-09-16,R028,trip,T926203,29
PL002201,2026-09-16,R028,trip,T371578,28
PL002202,2026-09-16,R028,trip,T381512,55
PL002203,2026-09-16,R028,trip,T811382,77
PL002204,2026-09-16,R028,trip,T871433,27
PL002205,2026-09-16,R028,cancellation_penalty,T585262,-10
PL002206,2026-09-16,R028,trip,T915888,57
PL002207,2026-09-16,R028,trip,T454544,81
PL002208,2026-09-16,R028,trip,T421197,35
PL002209,2026-09-16,R028,daily_incentive,,150
PL002210,2026-09-17,R028,trip,T647435,54
PL002211,2026-09-17,R028,trip,T878378,42
PL002212,2026-09-17,R028,trip,T268450,70
PL002213,2026-09-17,R028,trip,T261292,27
PL002214,2026-09-17,R028,trip,T428988,45
PL002215,2026-09-17,R028,trip,T615353,25
PL002216,2026-09-17,R028,trip,T155475,43
PL002217,2026-09-17,R028,trip,T719556,76
PL002218,2026-09-17,R028,trip,T109938,36
PL002219,2026-09-17,R028,trip,T953014,38
PL002220,2026-09-17,R028,trip,T715901,75
PL002221,2026-09-17,R028,trip,T338388,65
PL002222,2026-09-17,R028,trip,T677071,76
PL002223,2026-09-17,R028,cancellation_penalty,T129884,-10
PL002224,2026-09-17,R028,daily_incentive,,150
PL002225,2026-09-19,R028,trip,T813204,25
PL002226,2026-09-19,R028,trip,T226094,55
PL002227,2026-09-19,R028,trip,T424929,33
PL002228,2026-09-19,R028,trip,T103156,32
PL002229,2026-09-19,R028,trip,T344062,51
PL002230,2026-09-19,R028,trip,T851089,25
PL002231,2026-09-19,R028,trip,T226466,54
PL002232,2026-09-19,R028,trip,T870006,80
PL002233,2026-09-19,R028,cancellation_penalty,T279570,-10
PL002234,2026-09-19,R028,trip,T247748,70
PL002235,2026-09-19,R028,trip,T573878,80
PL002236,2026-09-19,R028,trip,T283101,25
PL002237,2026-09-19,R028,trip,T741351,34
PL002238,2026-09-19,R028,trip,T500873,65
PL002239,2026-09-19,R028,trip,T657320,46
PL002240,2026-09-19,R028,daily_incentive,,150
PL002241,2026-09-20,R028,cancellation_penalty,T520524,-10
PL002242,2026-09-20,R028,trip,T605573,75
PL002243,2026-09-20,R028,trip,T751499,62
PL002244,2026-09-20,R028,trip,T992763,42
PL002245,2026-09-20,R028,cancellation_penalty,T521403,-10
PL002246,2026-09-20,R028,trip,T793533,74
PL002247,2026-09-20,R028,trip,T812830,88
PL002248,2026-09-20,R028,trip,T165906,77
PL002249,2026-09-21,R028,trip,T961811,53
PL002250,2026-09-21,R028,trip,T952761,29
PL002251,2026-09-21,R028,trip,T331257,25
PL002252,2026-09-21,R028,trip,T847499,25
PL002253,2026-09-21,R028,trip,T932423,27
PL002254,2026-09-21,R028,trip,T292499,34
PL002255,2026-09-21,R028,cancellation_penalty,T849302,-10
PL002256,2026-09-21,R028,trip,T474289,35
PL002257,2026-09-21,R028,trip,T905990,56
PL002258,2026-09-12,R029,trip,T799308,50
PL002259,2026-09-12,R029,trip,T984789,69
PL002260,2026-09-12,R029,trip,T146434,59
PL002261,2026-09-12,R029,trip,T781626,68
PL002262,2026-09-12,R029,trip,T495277,25
PL002263,2026-09-12,R029,trip,T110017,57
PL002264,2026-09-12,R029,cancellation_penalty,T902702,-10
PL002265,2026-09-12,R029,trip,T413868,39
PL002266,2026-09-12,R029,trip,T188865,27
PL002267,2026-09-12,R029,trip,T659718,76
PL002268,2026-09-13,R029,trip,T299652,63
PL002269,2026-09-13,R029,trip,T587003,71
PL002270,2026-09-13,R029,trip,T306236,28
PL002271,2026-09-13,R029,trip,T189099,71
PL002272,2026-09-13,R029,trip,T934691,66
PL002273,2026-09-13,R029,cancellation_penalty,T226432,-10
PL002274,2026-09-13,R029,cancellation_penalty,T389525,-10
PL002275,2026-09-13,R029,trip,T423675,96
PL002276,2026-09-13,R029,trip,T338780,45
PL002277,2026-09-13,R029,trip,T957958,71
PL002278,2026-09-13,R029,trip,T217318,26
PL002279,2026-09-15,R029,trip,T241181,69
PL002280,2026-09-15,R029,trip,T146240,29
PL002281,2026-09-15,R029,trip,T256476,63
PL002282,2026-09-15,R029,trip,T166198,44
PL002283,2026-09-15,R029,trip,T986770,40
PL002284,2026-09-16,R029,trip,T292822,25
PL002285,2026-09-16,R029,trip,T527820,65
PL002286,2026-09-16,R029,trip,T939471,93
PL002287,2026-09-16,R029,trip,T777838,44
PL002288,2026-09-16,R029,trip,T216024,35
PL002289,2026-09-16,R029,trip,T965956,66
PL002290,2026-09-16,R029,cancellation_penalty,T376678,-10
PL002291,2026-09-16,R029,trip,T105242,122
PL002292,2026-09-16,R029,trip,T479649,32
PL002293,2026-09-16,R029,trip,T906463,45
PL002294,2026-09-18,R029,trip,T401597,79
PL002295,2026-09-18,R029,trip,T656955,33
PL002296,2026-09-18,R029,trip,T340289,35
PL002297,2026-09-18,R029,trip,T658575,46
PL002298,2026-09-18,R029,trip,T849074,25
PL002299,2026-09-18,R029,trip,T611923,40
PL002300,2026-09-19,R029,trip,T171840,61
PL002301,2026-09-19,R029,trip,T907764,65
PL002302,2026-09-19,R029,trip,T692881,34
PL002303,2026-09-19,R029,trip,T312667,51
PL002304,2026-09-19,R029,trip,T624041,45
PL002305,2026-09-19,R029,trip,T421091,50
PL002306,2026-09-19,R029,trip,T535831,48
PL002307,2026-09-19,R029,trip,T806535,81
PL002308,2026-09-19,R029,trip,T283053,35
PL002309,2026-09-20,R029,trip,T931460,59
PL002310,2026-09-20,R029,trip,T697078,60
PL002311,2026-09-20,R029,trip,T975719,25
PL002312,2026-09-20,R029,trip,T643766,63
PL002313,2026-09-20,R029,trip,T661851,39
PL002314,2026-09-20,R029,trip,T280281,48
PL002315,2026-09-20,R029,trip,T794204,62
PL002316,2026-09-20,R029,trip,T703113,27
PL002317,2026-09-20,R029,trip,T479832,29
PL002318,2026-09-20,R029,trip,T986910,30
PL002319,2026-09-20,R029,trip,T641376,47
PL002320,2026-09-21,R029,trip,T857727,58
PL002321,2026-09-21,R029,trip,T390600,49
PL002322,2026-09-21,R029,trip,T440996,25
PL002323,2026-09-21,R029,trip,T461429,31
PL002324,2026-09-21,R029,trip,T540697,120
PL002325,2026-09-21,R029,trip,T606912,29
PL002326,2026-09-21,R029,trip,T669174,27
PL002327,2026-09-21,R029,trip,T678552,25
PL002328,2026-09-21,R029,trip,T592867,32
PL002329,2026-09-21,R029,trip,T722840,68
PL002330,2026-09-21,R029,trip,T460011,25
PL002331,2026-09-21,R029,trip,T210592,71
PL002332,2026-09-21,R029,trip,T949706,66
PL002333,2026-09-21,R029,trip,T604036,27
PL002334,2026-09-21,R029,daily_incentive,,150
PL002335,2026-09-12,R030,trip,T906848,47
PL002336,2026-09-12,R030,trip,T737891,53
PL002337,2026-09-12,R030,trip,T124855,77
PL002338,2026-09-12,R030,trip,T242342,54
PL002339,2026-09-12,R030,trip,T994732,57
PL002340,2026-09-12,R030,trip,T348217,52
PL002341,2026-09-12,R030,trip,T187575,25
PL002342,2026-09-12,R030,trip,T648731,58
PL002343,2026-09-12,R030,trip,T349093,54
PL002344,2026-09-12,R030,trip,T477993,62
PL002345,2026-09-12,R030,trip,T624755,32
PL002346,2026-09-13,R030,cancellation_penalty,T336281,-10
PL002347,2026-09-13,R030,trip,T952007,68
PL002348,2026-09-13,R030,trip,T493076,38
PL002349,2026-09-13,R030,trip,T529751,29
PL002350,2026-09-13,R030,trip,T178092,37
PL002351,2026-09-13,R030,trip,T149533,50
PL002352,2026-09-13,R030,trip,T461097,56
PL002353,2026-09-14,R030,trip,T429144,73
PL002354,2026-09-14,R030,cancellation_penalty,T203994,-10
PL002355,2026-09-14,R030,trip,T901344,57
PL002356,2026-09-14,R030,trip,T465558,51
PL002357,2026-09-14,R030,trip,T910949,66
PL002358,2026-09-14,R030,trip,T275422,69
PL002359,2026-09-14,R030,trip,T436575,39
PL002360,2026-09-14,R030,trip,T750778,62
PL002361,2026-09-14,R030,trip,T488050,49
PL002362,2026-09-14,R030,trip,T510872,80
PL002363,2026-09-14,R030,cancellation_penalty,T453234,-10
PL002364,2026-09-14,R030,trip,T522962,25
PL002365,2026-09-14,R030,trip,T317858,120
PL002366,2026-09-14,R030,trip,T337426,60
PL002367,2026-09-14,R030,daily_incentive,,150
PL002368,2026-09-15,R030,trip,T842056,54
PL002369,2026-09-15,R030,trip,T936855,30
PL002370,2026-09-15,R030,trip,T247447,77
PL002371,2026-09-15,R030,trip,T108968,80
PL002372,2026-09-15,R030,trip,T898974,32
PL002373,2026-09-15,R030,trip,T916571,26
PL002374,2026-09-15,R030,trip,T310565,81
PL002375,2026-09-16,R030,trip,T254589,45
PL002376,2026-09-16,R030,trip,T973904,25
PL002377,2026-09-16,R030,trip,T658118,47
PL002378,2026-09-16,R030,trip,T299909,58
PL002379,2026-09-16,R030,trip,T218600,88
PL002380,2026-09-16,R030,trip,T541504,69
PL002381,2026-09-16,R030,trip,T177232,25
PL002382,2026-09-16,R030,trip,T121633,44
PL002383,2026-09-16,R030,trip,T988675,29
PL002384,2026-09-16,R030,trip,T239029,50
PL002385,2026-09-16,R030,trip,T469992,48
PL002386,2026-09-16,R030,trip,T883492,63
PL002387,2026-09-16,R030,trip,T309298,25
PL002388,2026-09-16,R030,daily_incentive,,150
PL002389,2026-09-17,R030,trip,T690517,45
PL002390,2026-09-17,R030,trip,T824296,27
PL002391,2026-09-17,R030,trip,T539283,56
PL002392,2026-09-17,R030,trip,T695344,60
PL002393,2026-09-17,R030,trip,T600372,25
PL002394,2026-09-17,R030,trip,T355108,63
PL002395,2026-09-17,R030,trip,T482410,36
PL002396,2026-09-17,R030,trip,T117517,25
PL002397,2026-09-18,R030,trip,T458495,74
PL002398,2026-09-18,R030,cancellation_penalty,T469532,-10
PL002399,2026-09-18,R030,trip,T600799,39
PL002400,2026-09-18,R030,trip,T378740,42
PL002401,2026-09-18,R030,trip,T844939,51
PL002402,2026-09-18,R030,trip,T680936,80
PL002403,2026-09-18,R030,trip,T424818,60
PL002404,2026-09-19,R030,trip,T967540,54
PL002405,2026-09-19,R030,trip,T490182,63
PL002406,2026-09-19,R030,trip,T179005,64
PL002407,2026-09-19,R030,trip,T375618,49
PL002408,2026-09-19,R030,trip,T404692,37
PL002409,2026-09-19,R030,trip,T323347,27
PL002410,2026-09-19,R030,trip,T321995,50
PL002411,2026-09-19,R030,trip,T386439,50
PL002412,2026-09-19,R030,trip,T491733,39
PL002413,2026-09-20,R030,trip,T996084,38
PL002414,2026-09-20,R030,trip,T804136,42
PL002415,2026-09-20,R030,trip,T306375,30
PL002416,2026-09-20,R030,trip,T241958,32
PL002417,2026-09-20,R030,trip,T382728,62
PL002418,2026-09-20,R030,trip,T287209,57
PL002419,2026-09-20,R030,trip,T178096,32
PL002420,2026-09-20,R030,cancellation_penalty,T815454,-10
PL002421,2026-09-20,R030,cancellation_penalty,T815454,-10
PL002422,2026-09-21,R030,trip,T543874,57
PL002423,2026-09-21,R030,trip,T320460,25
PL002424,2026-09-21,R030,trip,T599541,60
PL002425,2026-09-21,R030,trip,T527043,29
PL002426,2026-09-21,R030,trip,T630684,76
PL002427,2026-09-21,R030,trip,T660351,33
PL002428,2026-09-12,R031,trip,T846717,25
PL002429,2026-09-12,R031,trip,T657374,93
PL002430,2026-09-12,R031,trip,T289709,74
PL002431,2026-09-12,R031,trip,T891877,38
PL002432,2026-09-12,R031,trip,T218759,35
PL002433,2026-09-12,R031,trip,T584347,62
PL002434,2026-09-12,R031,trip,T786634,64
PL002435,2026-09-12,R031,trip,T577102,46
PL002436,2026-09-12,R031,trip,T384450,45
PL002437,2026-09-12,R031,trip,T719959,73
PL002438,2026-09-12,R031,trip,T157399,25
PL002439,2026-09-12,R031,trip,T351169,60
PL002440,2026-09-12,R031,trip,T230807,45
PL002441,2026-09-12,R031,trip,T576067,61
PL002442,2026-09-12,R031,daily_incentive,,150
PL002443,2026-09-13,R031,trip,T286550,41
PL002444,2026-09-13,R031,trip,T637099,75
PL002445,2026-09-13,R031,trip,T143794,60
PL002446,2026-09-13,R031,trip,T145960,48
PL002447,2026-09-13,R031,trip,T344997,34
PL002448,2026-09-13,R031,cancellation_penalty,T455307,-10
PL002449,2026-09-13,R031,trip,T448011,44
PL002450,2026-09-13,R031,trip,T917680,30
PL002451,2026-09-13,R031,trip,T425239,53
PL002452,2026-09-13,R031,trip,T265249,58
PL002453,2026-09-13,R031,trip,T676158,27
PL002454,2026-09-14,R031,trip,T526075,81
PL002455,2026-09-14,R031,trip,T544450,25
PL002456,2026-09-14,R031,trip,T984420,81
PL002457,2026-09-14,R031,trip,T963014,30
PL002458,2026-09-14,R031,trip,T637877,60
PL002459,2026-09-14,R031,trip,T257044,25
PL002460,2026-09-14,R031,trip,T938696,77
PL002461,2026-09-14,R031,trip,T573378,25
PL002462,2026-09-14,R031,trip,T260578,57
PL002463,2026-09-14,R031,trip,T411115,25
PL002464,2026-09-14,R031,trip,T129116,34
PL002465,2026-09-14,R031,trip,T915327,39
PL002466,2026-09-14,R031,daily_incentive,,150
PL002467,2026-09-15,R031,trip,T277573,46
PL002468,2026-09-15,R031,trip,T575514,43
PL002469,2026-09-15,R031,cancellation_penalty,T108638,-10
PL002470,2026-09-15,R031,trip,T986095,57
PL002471,2026-09-15,R031,trip,T627367,38
PL002472,2026-09-15,R031,trip,T608468,68
PL002473,2026-09-15,R031,cancellation_penalty,T536800,-10
PL002474,2026-09-15,R031,trip,T970481,51
PL002475,2026-09-15,R031,trip,T201193,63
PL002476,2026-09-16,R031,trip,T404562,80
PL002477,2026-09-16,R031,trip,T271056,25
PL002478,2026-09-16,R031,trip,T608137,25
PL002479,2026-09-16,R031,trip,T624124,65
PL002480,2026-09-16,R031,trip,T718604,71
PL002481,2026-09-16,R031,trip,T875817,30
PL002482,2026-09-16,R031,trip,T901588,50
PL002483,2026-09-16,R031,trip,T723798,92
PL002484,2026-09-16,R031,trip,T974760,30
PL002485,2026-09-16,R031,trip,T371721,75
PL002486,2026-09-16,R031,trip,T874117,25
PL002487,2026-09-16,R031,trip,T605963,74
PL002488,2026-09-16,R031,trip,T432979,39
PL002489,2026-09-16,R031,daily_incentive,,150
PL002490,2026-09-18,R031,trip,T738585,38
PL002491,2026-09-18,R031,trip,T571075,50
PL002492,2026-09-18,R031,trip,T312538,43
PL002493,2026-09-18,R031,trip,T650807,25
PL002494,2026-09-18,R031,trip,T931965,44
PL002495,2026-09-18,R031,trip,T193747,45
PL002496,2026-09-18,R031,trip,T826905,32
PL002497,2026-09-18,R031,trip,T473588,64
PL002498,2026-09-19,R031,trip,T277926,59
PL002499,2026-09-19,R031,trip,T686938,45
PL002500,2026-09-19,R031,trip,T982925,46
PL002501,2026-09-19,R031,trip,T667833,66
PL002502,2026-09-19,R031,trip,T813836,80
PL002503,2026-09-19,R031,trip,T407378,25
PL002504,2026-09-19,R031,trip,T836333,36
PL002505,2026-09-19,R031,trip,T548809,25
PL002506,2026-09-19,R031,trip,T385190,29
PL002507,2026-09-19,R031,trip,T612867,74
PL002508,2026-09-19,R031,trip,T363705,50
PL002509,2026-09-19,R031,trip,T514386,48
PL002510,2026-09-19,R031,trip,T926949,25
PL002511,2026-09-19,R031,daily_incentive,,150
PL002512,2026-09-21,R031,trip,T500027,45
PL002513,2026-09-21,R031,trip,T826528,30
PL002514,2026-09-21,R031,trip,T561440,44
PL002515,2026-09-21,R031,trip,T412727,80
PL002516,2026-09-21,R031,trip,T578814,79
PL002517,2026-09-21,R031,trip,T615120,36
PL002518,2026-09-21,R031,trip,T778040,43
PL002519,2026-09-21,R031,trip,T922300,30
PL002520,2026-09-21,R031,cancellation_penalty,T327429,-10
PL002521,2026-09-21,R031,trip,T731372,81
PL002522,2026-09-21,R031,trip,T172521,51
PL002523,2026-09-12,R032,trip,T398419,29
PL002524,2026-09-12,R032,cancellation_penalty,T250221,-10
PL002525,2026-09-12,R032,trip,T330125,80
PL002526,2026-09-12,R032,trip,T905724,81
PL002527,2026-09-12,R032,trip,T579214,82
PL002528,2026-09-12,R032,trip,T151487,81
PL002529,2026-09-12,R032,trip,T997009,75
PL002530,2026-09-12,R032,trip,T523256,42
PL002531,2026-09-12,R032,trip,T263010,59
PL002532,2026-09-12,R032,trip,T983775,30
PL002533,2026-09-12,R032,trip,T724137,61
PL002534,2026-09-12,R032,trip,T180702,42
PL002535,2026-09-12,R032,trip,T800585,27
PL002536,2026-09-12,R032,daily_incentive,,150
PL002537,2026-09-13,R032,trip,T137452,74
PL002538,2026-09-13,R032,trip,T151180,79
PL002539,2026-09-13,R032,cancellation_penalty,T954045,-10
PL002540,2026-09-13,R032,trip,T162449,42
PL002541,2026-09-13,R032,trip,T768435,79
PL002542,2026-09-13,R032,trip,T609356,44
PL002543,2026-09-14,R032,trip,T506104,70
PL002544,2026-09-14,R032,trip,T198610,47
PL002545,2026-09-14,R032,trip,T794711,25
PL002546,2026-09-14,R032,trip,T778481,59
PL002547,2026-09-15,R032,trip,T932468,33
PL002548,2026-09-15,R032,trip,T702035,64
PL002549,2026-09-15,R032,trip,T554967,40
PL002550,2026-09-15,R032,trip,T763425,56
PL002551,2026-09-15,R032,trip,T462819,25
PL002552,2026-09-15,R032,trip,T397804,41
PL002553,2026-09-17,R032,trip,T274782,80
PL002554,2026-09-17,R032,trip,T321670,81
PL002555,2026-09-17,R032,trip,T587513,38
PL002556,2026-09-17,R032,trip,T610494,77
PL002557,2026-09-17,R032,trip,T863655,57
PL002558,2026-09-17,R032,trip,T400536,25
PL002559,2026-09-17,R032,trip,T442299,101
PL002560,2026-09-17,R032,trip,T699020,30
PL002561,2026-09-17,R032,trip,T139049,69
PL002562,2026-09-17,R032,trip,T951922,65
PL002563,2026-09-17,R032,trip,T438787,30
PL002564,2026-09-17,R032,trip,T388139,43
PL002565,2026-09-17,R032,trip,T247058,76
PL002566,2026-09-17,R032,cancellation_penalty,T426281,-10
PL002567,2026-09-17,R032,trip,T540952,35
PL002568,2026-09-17,R032,daily_incentive,,150
PL002569,2026-09-19,R032,trip,T711361,29
PL002570,2026-09-19,R032,trip,T387245,56
PL002571,2026-09-19,R032,trip,T631522,25
PL002572,2026-09-19,R032,trip,T332992,43
PL002573,2026-09-19,R032,trip,T338775,25
PL002574,2026-09-19,R032,trip,T361693,33
PL002575,2026-09-19,R032,trip,T154935,27
PL002576,2026-09-19,R032,trip,T555821,30
PL002577,2026-09-19,R032,trip,T638982,51
PL002578,2026-09-20,R032,cancellation_penalty,T278823,-10
PL002579,2026-09-20,R032,trip,T450236,26
PL002580,2026-09-20,R032,trip,T978384,78
PL002581,2026-09-20,R032,trip,T767606,41
PL002582,2026-09-20,R032,trip,T563650,31
PL002583,2026-09-20,R032,trip,T997615,42
PL002584,2026-09-21,R032,trip,T410765,30
PL002585,2026-09-21,R032,cancellation_penalty,T682776,-10
PL002586,2026-09-21,R032,trip,T242123,49
PL002587,2026-09-21,R032,trip,T947516,54
PL002588,2026-09-21,R032,trip,T911573,52
PL002589,2026-09-21,R032,trip,T211730,45
PL002590,2026-09-21,R032,trip,T373104,60
PL002591,2026-09-21,R032,trip,T174463,36
PL002592,2026-09-21,R032,trip,T153434,38
PL002593,2026-09-21,R032,trip,T678916,74
PL002594,2026-09-21,R032,trip,T261419,42
PL002595,2026-09-21,R032,trip,T922656,45
PL002596,2026-09-21,R032,trip,T101509,39
PL002597,2026-09-21,R032,trip,T401157,70
PL002598,2026-09-21,R032,trip,T231126,65
PL002599,2026-09-21,R032,daily_incentive,,150
PL002600,2026-09-12,R033,trip,T216224,81
PL002601,2026-09-12,R033,trip,T385002,108
PL002602,2026-09-12,R033,trip,T989635,38
PL002603,2026-09-12,R033,cancellation_penalty,T107749,-10
PL002604,2026-09-12,R033,trip,T615833,81
PL002605,2026-09-12,R033,trip,T444164,81
PL002606,2026-09-12,R033,trip,T679388,41
PL002607,2026-09-12,R033,trip,T489053,25
PL002608,2026-09-12,R033,trip,T555014,48
PL002609,2026-09-12,R033,trip,T460124,38
PL002610,2026-09-13,R033,trip,T609579,41
PL002611,2026-09-13,R033,trip,T940918,79
PL002612,2026-09-13,R033,trip,T848047,48
PL002613,2026-09-13,R033,trip,T675807,81
PL002614,2026-09-13,R033,trip,T492744,82
PL002615,2026-09-13,R033,trip,T883883,25
PL002616,2026-09-13,R033,trip,T639181,54
PL002617,2026-09-14,R033,trip,T372664,68
PL002618,2026-09-14,R033,cancellation_penalty,T167237,-10
PL002619,2026-09-14,R033,trip,T261906,63
PL002620,2026-09-14,R033,trip,T222794,56
PL002621,2026-09-14,R033,trip,T969760,25
PL002622,2026-09-14,R033,trip,T364201,58
PL002623,2026-09-14,R033,trip,T497757,43
PL002624,2026-09-14,R033,trip,T284175,49
PL002625,2026-09-14,R033,trip,T393405,66
PL002626,2026-09-15,R033,trip,T954835,86
PL002627,2026-09-15,R033,trip,T278899,25
PL002628,2026-09-15,R033,trip,T325665,65
PL002629,2026-09-15,R033,trip,T987300,25
PL002630,2026-09-15,R033,trip,T187035,30
PL002631,2026-09-15,R033,trip,T732006,45
PL002632,2026-09-17,R033,cancellation_penalty,T641341,-10
PL002633,2026-09-17,R033,trip,T347622,81
PL002634,2026-09-17,R033,trip,T688599,63
PL002635,2026-09-17,R033,trip,T775265,32
PL002636,2026-09-17,R033,trip,T615280,65
PL002637,2026-09-17,R033,trip,T668877,48
PL002638,2026-09-17,R033,trip,T924552,72
PL002639,2026-09-17,R033,trip,T604539,38
PL002640,2026-09-17,R033,trip,T360656,76
PL002641,2026-09-17,R033,trip,T944235,25
PL002642,2026-09-18,R033,trip,T136219,39
PL002643,2026-09-18,R033,trip,T741451,75
PL002644,2026-09-18,R033,trip,T494384,69
PL002645,2026-09-18,R033,trip,T414244,40
PL002646,2026-09-18,R033,trip,T822839,64
PL002647,2026-09-18,R033,trip,T243774,64
PL002648,2026-09-18,R033,trip,T516509,54
PL002649,2026-09-18,R033,cancellation_penalty,T880840,-10
PL002650,2026-09-18,R033,trip,T261662,65
PL002651,2026-09-18,R033,trip,T174480,47
PL002652,2026-09-18,R033,trip,T594713,71
PL002653,2026-09-19,R033,trip,T822991,34
PL002654,2026-09-19,R033,trip,T577674,47
PL002655,2026-09-19,R033,trip,T730937,46
PL002656,2026-09-19,R033,trip,T822501,80
PL002657,2026-09-19,R033,trip,T256551,56
PL002658,2026-09-19,R033,trip,T594642,77
PL002659,2026-09-19,R033,trip,T747170,25
PL002660,2026-09-20,R033,trip,T255709,25
PL002661,2026-09-20,R033,trip,T436137,51
PL002662,2026-09-20,R033,trip,T819587,59
PL002663,2026-09-20,R033,trip,T604357,37
PL002664,2026-09-20,R033,trip,T812130,58
PL002665,2026-09-20,R033,trip,T308816,32
PL002666,2026-09-12,R034,trip,T829299,75
PL002667,2026-09-12,R034,trip,T120598,42
PL002668,2026-09-12,R034,trip,T260092,94
PL002669,2026-09-12,R034,trip,T162753,25
PL002670,2026-09-12,R034,trip,T773689,38
PL002671,2026-09-14,R034,trip,T522954,51
PL002672,2026-09-14,R034,trip,T951013,72
PL002673,2026-09-14,R034,trip,T267632,96
PL002674,2026-09-14,R034,trip,T412409,86
PL002675,2026-09-14,R034,trip,T979652,29
PL002676,2026-09-14,R034,trip,T435400,91
PL002677,2026-09-14,R034,trip,T743493,88
PL002678,2026-09-14,R034,trip,T111477,25
PL002679,2026-09-14,R034,trip,T830576,69
PL002680,2026-09-14,R034,trip,T975745,71
PL002681,2026-09-14,R034,trip,T529425,54
PL002682,2026-09-14,R034,trip,T641286,53
PL002683,2026-09-14,R034,trip,T649550,69
PL002684,2026-09-14,R034,trip,T448723,37
PL002685,2026-09-14,R034,daily_incentive,,150
PL002686,2026-09-15,R034,trip,T612079,80
PL002687,2026-09-15,R034,trip,T441643,56
PL002688,2026-09-15,R034,trip,T876483,51
PL002689,2026-09-15,R034,trip,T782494,78
PL002690,2026-09-15,R034,trip,T433348,59
PL002691,2026-09-15,R034,trip,T868831,54
PL002692,2026-09-15,R034,trip,T595814,64
PL002693,2026-09-16,R034,trip,T692245,25
PL002694,2026-09-16,R034,trip,T925157,42
PL002695,2026-09-16,R034,trip,T130619,28
PL002696,2026-09-16,R034,trip,T307352,58
PL002697,2026-09-16,R034,trip,T622211,37
PL002698,2026-09-16,R034,trip,T861743,69
PL002699,2026-09-16,R034,trip,T785386,42
PL002700,2026-09-16,R034,trip,T991369,30
PL002701,2026-09-16,R034,trip,T786323,27
PL002702,2026-09-17,R034,trip,T133988,52
PL002703,2026-09-17,R034,cancellation_penalty,T826531,-10
PL002704,2026-09-17,R034,trip,T102048,30
PL002705,2026-09-17,R034,trip,T214994,60
PL002706,2026-09-17,R034,trip,T682365,32
PL002707,2026-09-17,R034,trip,T528550,80
PL002708,2026-09-17,R034,trip,T756575,38
PL002709,2026-09-17,R034,cancellation_penalty,T304939,-10
PL002710,2026-09-17,R034,trip,T109545,35
PL002711,2026-09-19,R034,trip,T258029,53
PL002712,2026-09-19,R034,trip,T322156,25
PL002713,2026-09-19,R034,trip,T680542,53
PL002714,2026-09-19,R034,trip,T811220,62
PL002715,2026-09-19,R034,trip,T891466,48
PL002716,2026-09-19,R034,trip,T149956,30
PL002717,2026-09-20,R034,trip,T270484,32
PL002718,2026-09-20,R034,trip,T907626,50
PL002719,2026-09-20,R034,trip,T900905,42
PL002720,2026-09-20,R034,trip,T190783,76
PL002721,2026-09-20,R034,trip,T633671,79
PL002722,2026-09-20,R034,trip,T459161,30
PL002723,2026-09-20,R034,trip,T199708,66
PL002724,2026-09-20,R034,trip,T776281,71
PL002725,2026-09-20,R034,trip,T897637,31
PL002726,2026-09-20,R034,trip,T528630,25
PL002727,2026-09-20,R034,trip,T166298,25
PL002728,2026-09-21,R034,trip,T631612,67
PL002729,2026-09-21,R034,trip,T668035,61
PL002730,2026-09-21,R034,trip,T878064,40
PL002731,2026-09-21,R034,trip,T478580,66
PL002732,2026-09-21,R034,trip,T712853,62
PL002733,2026-09-21,R034,trip,T597192,76
PL002734,2026-09-21,R034,trip,T330633,63
PL002735,2026-09-21,R034,trip,T253698,71
PL002736,2026-09-21,R034,trip,T464814,25
PL002737,2026-09-12,R035,trip,T371512,48
PL002738,2026-09-12,R035,trip,T629565,39
PL002739,2026-09-12,R035,trip,T404871,81
PL002740,2026-09-12,R035,trip,T370475,25
PL002741,2026-09-12,R035,trip,T825203,27
PL002742,2026-09-12,R035,trip,T451494,50
PL002743,2026-09-12,R035,trip,T779529,81
PL002744,2026-09-13,R035,trip,T237666,32
PL002745,2026-09-13,R035,trip,T859159,66
PL002746,2026-09-13,R035,trip,T681163,72
PL002747,2026-09-13,R035,trip,T454740,51
PL002748,2026-09-13,R035,trip,T197678,48
PL002749,2026-09-13,R035,trip,T202855,25
PL002750,2026-09-13,R035,trip,T974847,25
PL002751,2026-09-13,R035,trip,T703105,25
PL002752,2026-09-13,R035,trip,T924674,35
PL002753,2026-09-13,R035,trip,T866598,41
PL002754,2026-09-13,R035,trip,T908378,71
PL002755,2026-09-14,R035,trip,T189191,25
PL002756,2026-09-14,R035,trip,T698721,78
PL002757,2026-09-14,R035,trip,T564259,27
PL002758,2026-09-14,R035,trip,T514300,49
PL002759,2026-09-14,R035,trip,T966360,25
PL002760,2026-09-14,R035,trip,T629924,25
PL002761,2026-09-14,R035,trip,T794142,45
PL002762,2026-09-14,R035,trip,T541101,62
PL002763,2026-09-14,R035,trip,T463811,51
PL002764,2026-09-14,R035,trip,T988010,78
PL002765,2026-09-15,R035,trip,T523517,30
PL002766,2026-09-15,R035,trip,T477099,42
PL002767,2026-09-15,R035,trip,T735074,80
PL002768,2026-09-15,R035,cancellation_penalty,T935357,-10
PL002769,2026-09-15,R035,cancellation_penalty,T452966,-10
PL002770,2026-09-15,R035,trip,T935734,82
PL002771,2026-09-15,R035,trip,T276623,30
PL002772,2026-09-15,R035,trip,T499117,42
PL002773,2026-09-15,R035,trip,T467263,119
PL002774,2026-09-15,R035,trip,T799150,31
PL002775,2026-09-15,R035,trip,T632152,65
PL002776,2026-09-15,R035,trip,T438874,25
PL002777,2026-09-15,R035,trip,T822630,56
PL002778,2026-09-15,R035,trip,T334152,63
PL002779,2026-09-15,R035,daily_incentive,,150
PL002780,2026-09-17,R035,trip,T739434,61
PL002781,2026-09-17,R035,trip,T918469,47
PL002782,2026-09-17,R035,trip,T963688,39
PL002783,2026-09-17,R035,trip,T486646,70
PL002784,2026-09-17,R035,trip,T543314,30
PL002785,2026-09-17,R035,trip,T621463,85
PL002786,2026-09-17,R035,trip,T840575,81
PL002787,2026-09-17,R035,trip,T894516,114
PL002788,2026-09-17,R035,trip,T419329,59
PL002789,2026-09-19,R035,trip,T590426,35
PL002790,2026-09-19,R035,trip,T519688,121
PL002791,2026-09-19,R035,trip,T907854,25
PL002792,2026-09-19,R035,trip,T945705,90
PL002793,2026-09-19,R035,trip,T392289,47
PL002794,2026-09-19,R035,trip,T100675,58
PL002795,2026-09-19,R035,trip,T496187,25
PL002796,2026-09-19,R035,trip,T950817,42
PL002797,2026-09-19,R035,trip,T104570,72
PL002798,2026-09-19,R035,trip,T839822,44
PL002799,2026-09-19,R035,trip,T413990,72
PL002800,2026-09-19,R035,trip,T662703,32
PL002801,2026-09-19,R035,daily_incentive,,150
PL002802,2026-09-20,R035,trip,T731987,74
PL002803,2026-09-20,R035,trip,T405057,29
PL002804,2026-09-20,R035,trip,T270012,63
PL002805,2026-09-20,R035,trip,T963021,44
PL002806,2026-09-20,R035,trip,T797271,42
PL002807,2026-09-20,R035,trip,T218647,74
PL002808,2026-09-20,R035,trip,T494896,52
PL002809,2026-09-20,R035,trip,T176205,74
PL002810,2026-09-20,R035,trip,T335823,58
PL002811,2026-09-20,R035,trip,T894076,80
PL002812,2026-09-20,R035,trip,T901000,44
PL002813,2026-09-21,R035,trip,T577602,44
PL002814,2026-09-21,R035,trip,T418235,42
PL002815,2026-09-21,R035,trip,T980582,49
PL002816,2026-09-21,R035,trip,T347653,44
PL002817,2026-09-21,R035,trip,T198395,48
PL002818,2026-09-21,R035,trip,T472189,56
PL002819,2026-09-21,R035,trip,T567909,52
PL002820,2026-09-21,R035,trip,T119912,59
PL002821,2026-09-21,R035,trip,T853826,38
PL002822,2026-09-13,R036,trip,T836587,62
PL002823,2026-09-13,R036,trip,T495312,35
PL002824,2026-09-13,R036,trip,T866344,73
PL002825,2026-09-13,R036,trip,T528414,35
PL002826,2026-09-13,R036,trip,T448631,44
PL002827,2026-09-13,R036,trip,T377030,57
PL002828,2026-09-13,R036,trip,T885686,68
PL002829,2026-09-13,R036,trip,T556102,70
PL002830,2026-09-13,R036,cancellation_penalty,T213074,-10
PL002831,2026-09-14,R036,trip,T441197,39
PL002832,2026-09-14,R036,trip,T305053,49
PL002833,2026-09-14,R036,trip,T292185,63
PL002834,2026-09-14,R036,trip,T412195,51
PL002835,2026-09-14,R036,trip,T596423,52
PL002836,2026-09-14,R036,trip,T880809,58
PL002837,2026-09-15,R036,trip,T963842,33
PL002838,2026-09-15,R036,trip,T691167,66
PL002839,2026-09-15,R036,trip,T849801,71
PL002840,2026-09-15,R036,trip,T669836,75
PL002841,2026-09-15,R036,trip,T565390,78
PL002842,2026-09-15,R036,trip,T703841,25
PL002843,2026-09-16,R036,trip,T654868,70
PL002844,2026-09-16,R036,trip,T434746,25
PL002845,2026-09-16,R036,trip,T111553,50
PL002846,2026-09-16,R036,trip,T347502,25
PL002847,2026-09-16,R036,trip,T675258,25
PL002848,2026-09-16,R036,trip,T637971,61
PL002849,2026-09-16,R036,trip,T465562,89
PL002850,2026-09-16,R036,trip,T249321,63
PL002851,2026-09-16,R036,trip,T950721,36
PL002852,2026-09-16,R036,trip,T694275,61
PL002853,2026-09-16,R036,trip,T221259,54
PL002854,2026-09-16,R036,trip,T638896,56
PL002855,2026-09-16,R036,daily_incentive,,150
PL002856,2026-09-17,R036,trip,T859596,62
PL002857,2026-09-17,R036,trip,T187048,101
PL002858,2026-09-17,R036,trip,T561600,90
PL002859,2026-09-17,R036,trip,T754231,53
PL002860,2026-09-17,R036,trip,T815785,78
PL002861,2026-09-17,R036,trip,T739950,48
PL002862,2026-09-17,R036,trip,T236787,60
PL002863,2026-09-17,R036,trip,T809353,46
PL002864,2026-09-18,R036,trip,T508876,25
PL002865,2026-09-18,R036,trip,T883963,42
PL002866,2026-09-18,R036,trip,T295836,25
PL002867,2026-09-18,R036,trip,T515349,62
PL002868,2026-09-18,R036,trip,T454031,37
PL002869,2026-09-18,R036,trip,T135137,50
PL002870,2026-09-18,R036,trip,T150205,41
PL002871,2026-09-18,R036,trip,T990831,52
PL002872,2026-09-18,R036,trip,T687232,31
PL002873,2026-09-18,R036,trip,T942702,32
PL002874,2026-09-18,R036,trip,T918701,44
PL002875,2026-09-18,R036,daily_incentive,,150
PL002876,2026-09-20,R036,trip,T967947,59
PL002877,2026-09-20,R036,trip,T718168,64
PL002878,2026-09-20,R036,trip,T354257,31
PL002879,2026-09-20,R036,trip,T828653,69
PL002880,2026-09-20,R036,trip,T767398,52
PL002881,2026-09-20,R036,trip,T487915,42
PL002882,2026-09-20,R036,trip,T657260,56
PL002883,2026-09-20,R036,trip,T236189,26
PL002884,2026-09-20,R036,trip,T483475,78
PL002885,2026-09-20,R036,trip,T152720,81
PL002886,2026-09-20,R036,trip,T792545,44
PL002887,2026-09-20,R036,trip,T245614,61
PL002888,2026-09-20,R036,trip,T948291,41
PL002889,2026-09-20,R036,trip,T362331,71
PL002890,2026-09-20,R036,daily_incentive,,150
PL002891,2026-09-21,R036,trip,T342369,58
PL002892,2026-09-21,R036,trip,T940011,77
PL002893,2026-09-21,R036,trip,T928778,65
PL002894,2026-09-21,R036,trip,T368131,60
PL002895,2026-09-21,R036,trip,T689475,72
PL002896,2026-09-21,R036,trip,T972260,93
PL002897,2026-09-21,R036,trip,T696153,99
PL002898,2026-09-12,R037,trip,T106701,70
PL002899,2026-09-12,R037,trip,T940573,53
PL002900,2026-09-12,R037,trip,T630394,67
PL002901,2026-09-12,R037,trip,T776473,28
PL002902,2026-09-12,R037,trip,T635399,56
PL002903,2026-09-12,R037,trip,T315924,25
PL002904,2026-09-12,R037,trip,T554275,78
PL002905,2026-09-12,R037,trip,T479577,56
PL002906,2026-09-12,R037,cancellation_penalty,T391644,-10
PL002907,2026-09-12,R037,trip,T374185,56
PL002908,2026-09-13,R037,trip,T660226,25
PL002909,2026-09-13,R037,trip,T813918,78
PL002910,2026-09-13,R037,trip,T918517,62
PL002911,2026-09-13,R037,trip,T802961,75
PL002912,2026-09-13,R037,trip,T612011,60
PL002913,2026-09-13,R037,trip,T154489,49
PL002914,2026-09-13,R037,trip,T371368,60
PL002915,2026-09-13,R037,trip,T306505,51
PL002916,2026-09-13,R037,trip,T670643,73
PL002917,2026-09-13,R037,trip,T253936,55
PL002918,2026-09-13,R037,trip,T296569,42
PL002919,2026-09-13,R037,trip,T650619,29
PL002920,2026-09-13,R037,trip,T495494,57
PL002921,2026-09-13,R037,trip,T314798,77
PL002922,2026-09-13,R037,trip,T803463,36
PL002923,2026-09-13,R037,daily_incentive,,150
PL002924,2026-09-14,R037,trip,T754913,69
PL002925,2026-09-14,R037,trip,T217800,47
PL002926,2026-09-14,R037,trip,T389848,48
PL002927,2026-09-14,R037,trip,T302128,92
PL002928,2026-09-14,R037,trip,T906408,77
PL002929,2026-09-14,R037,trip,T753073,29
PL002930,2026-09-14,R037,trip,T403843,71
PL002931,2026-09-14,R037,trip,T739702,78
PL002932,2026-09-14,R037,trip,T313004,74
PL002933,2026-09-14,R037,trip,T441475,25
PL002934,2026-09-14,R037,trip,T160711,72
PL002935,2026-09-14,R037,trip,T320327,25
PL002936,2026-09-14,R037,daily_incentive,,150
PL002937,2026-09-15,R037,trip,T605255,45
PL002938,2026-09-15,R037,trip,T792066,44
PL002939,2026-09-15,R037,trip,T797521,33
PL002940,2026-09-15,R037,cancellation_penalty,T332912,-10
PL002941,2026-09-15,R037,trip,T689098,57
PL002942,2026-09-15,R037,trip,T910556,30
PL002943,2026-09-15,R037,trip,T557965,39
PL002944,2026-09-15,R037,trip,T896002,25
PL002945,2026-09-15,R037,trip,T977714,37
PL002946,2026-09-17,R037,trip,T132815,25
PL002947,2026-09-17,R037,trip,T603468,29
PL002948,2026-09-17,R037,trip,T437441,54
PL002949,2026-09-17,R037,trip,T369822,35
PL002950,2026-09-17,R037,trip,T551762,43
PL002951,2026-09-17,R037,trip,T248835,35
PL002952,2026-09-17,R037,trip,T624078,68
PL002953,2026-09-17,R037,trip,T536293,26
PL002954,2026-09-17,R037,trip,T311888,51
PL002955,2026-09-17,R037,trip,T798295,34
PL002956,2026-09-17,R037,trip,T260070,48
PL002957,2026-09-17,R037,trip,T501786,68
PL002958,2026-09-17,R037,daily_incentive,,150
PL002959,2026-09-18,R037,trip,T659111,58
PL002960,2026-09-18,R037,cancellation_penalty,T721303,-10
PL002961,2026-09-18,R037,trip,T111369,67
PL002962,2026-09-18,R037,cancellation_penalty,T465982,-10
PL002963,2026-09-18,R037,trip,T986291,42
PL002964,2026-09-18,R037,trip,T846019,36
PL002965,2026-09-18,R037,trip,T388483,47
PL002966,2026-09-18,R037,trip,T733113,60
PL002967,2026-09-18,R037,trip,T819562,44
PL002968,2026-09-18,R037,trip,T252976,35
PL002969,2026-09-19,R037,trip,T310214,31
PL002970,2026-09-19,R037,trip,T292028,41
PL002971,2026-09-19,R037,trip,T867229,25
PL002972,2026-09-19,R037,trip,T568092,35
PL002973,2026-09-19,R037,trip,T494834,33
PL002974,2026-09-19,R037,trip,T781716,72
PL002975,2026-09-19,R037,trip,T387622,30
PL002976,2026-09-20,R037,trip,T651118,63
PL002977,2026-09-20,R037,trip,T799311,33
PL002978,2026-09-20,R037,trip,T223774,66
PL002979,2026-09-20,R037,trip,T671868,47
PL002980,2026-09-20,R037,trip,T846360,41
PL002981,2026-09-20,R037,trip,T907421,80
PL002982,2026-09-14,R038,trip,T602217,56
PL002983,2026-09-14,R038,trip,T627458,40
PL002984,2026-09-14,R038,trip,T416698,57
PL002985,2026-09-14,R038,trip,T154397,66
PL002986,2026-09-14,R038,trip,T150224,56
PL002987,2026-09-14,R038,trip,T562625,54
PL002988,2026-09-15,R038,trip,T721275,25
PL002989,2026-09-15,R038,trip,T599423,77
PL002990,2026-09-15,R038,trip,T249968,84
PL002991,2026-09-15,R038,trip,T759616,25
PL002992,2026-09-15,R038,trip,T479969,81
PL002993,2026-09-15,R038,trip,T209671,78
PL002994,2026-09-15,R038,trip,T836379,56
PL002995,2026-09-15,R038,trip,T349627,58
PL002996,2026-09-15,R038,trip,T775412,27
PL002997,2026-09-15,R038,trip,T264394,32
PL002998,2026-09-16,R038,cancellation_penalty,T205642,-10
PL002999,2026-09-16,R038,trip,T662527,36
PL003000,2026-09-16,R038,trip,T861266,66
PL003001,2026-09-16,R038,trip,T331532,73
PL003002,2026-09-16,R038,trip,T369424,72
PL003003,2026-09-16,R038,trip,T655805,60
PL003004,2026-09-16,R038,trip,T980118,80
PL003005,2026-09-16,R038,trip,T229995,35
PL003006,2026-09-16,R038,trip,T650495,38
PL003007,2026-09-16,R038,trip,T876547,41
PL003008,2026-09-16,R038,trip,T221005,26
PL003009,2026-09-17,R038,trip,T321706,29
PL003010,2026-09-17,R038,trip,T755251,33
PL003011,2026-09-17,R038,trip,T637867,40
PL003012,2026-09-17,R038,trip,T397443,79
PL003013,2026-09-17,R038,trip,T685202,88
PL003014,2026-09-17,R038,trip,T129835,41
PL003015,2026-09-17,R038,trip,T547527,60
PL003016,2026-09-17,R038,trip,T968982,81
PL003017,2026-09-17,R038,trip,T779448,36
PL003018,2026-09-17,R038,trip,T452786,61
PL003019,2026-09-17,R038,trip,T118558,40
PL003020,2026-09-17,R038,trip,T738705,42
PL003021,2026-09-17,R038,daily_incentive,,150
PL003022,2026-09-18,R038,trip,T530366,25
PL003023,2026-09-18,R038,trip,T400911,39
PL003024,2026-09-18,R038,trip,T694881,29
PL003025,2026-09-18,R038,trip,T634572,63
PL003026,2026-09-18,R038,trip,T659741,36
PL003027,2026-09-18,R038,trip,T436508,25
PL003028,2026-09-18,R038,trip,T241004,78
PL003029,2026-09-18,R038,trip,T390101,81
PL003030,2026-09-18,R038,cancellation_penalty,T908149,-10
PL003031,2026-09-19,R038,trip,T457454,42
PL003032,2026-09-19,R038,trip,T915912,28
PL003033,2026-09-19,R038,cancellation_penalty,T824394,-10
PL003034,2026-09-19,R038,trip,T680802,79
PL003035,2026-09-19,R038,cancellation_penalty,T856882,-10
PL003036,2026-09-19,R038,trip,T563117,25
PL003037,2026-09-20,R038,trip,T770649,72
PL003038,2026-09-20,R038,trip,T488777,25
PL003039,2026-09-20,R038,trip,T514405,59
PL003040,2026-09-20,R038,trip,T462197,25
PL003041,2026-09-20,R038,trip,T195079,90
PL003042,2026-09-20,R038,trip,T215026,31
PL003043,2026-09-20,R038,trip,T207157,81
PL003044,2026-09-20,R038,trip,T703266,80
PL003045,2026-09-20,R038,trip,T792671,36
PL003046,2026-09-20,R038,trip,T118743,25
PL003047,2026-09-20,R038,trip,T502347,44
PL003048,2026-09-21,R038,trip,T783602,43
PL003049,2026-09-21,R038,trip,T491958,71
PL003050,2026-09-21,R038,trip,T705016,73
PL003051,2026-09-21,R038,trip,T560302,84
PL003052,2026-09-21,R038,trip,T516861,33
PL003053,2026-09-21,R038,trip,T325847,42
PL003054,2026-09-21,R038,trip,T937871,75
PL003055,2026-09-21,R038,trip,T145930,25
PL003056,2026-09-21,R038,trip,T314026,38
PL003057,2026-09-21,R038,trip,T734847,66
PL003058,2026-09-21,R038,trip,T168887,64
PL003059,2026-09-21,R038,trip,T861670,25
PL003060,2026-09-21,R038,daily_incentive,,150
PL003061,2026-09-12,R039,cancellation_penalty,T631293,-10
PL003062,2026-09-12,R039,trip,T692589,25
PL003063,2026-09-12,R039,trip,T412180,41
PL003064,2026-09-12,R039,trip,T632833,25
PL003065,2026-09-12,R039,trip,T253158,27
PL003066,2026-09-12,R039,trip,T291737,64
PL003067,2026-09-12,R039,trip,T992143,55
PL003068,2026-09-12,R039,trip,T614872,92
PL003069,2026-09-13,R039,trip,T557727,35
PL003070,2026-09-13,R039,trip,T918948,77
PL003071,2026-09-13,R039,trip,T478187,81
PL003072,2026-09-13,R039,trip,T458248,47
PL003073,2026-09-13,R039,trip,T484407,74
PL003074,2026-09-13,R039,trip,T726849,36
PL003075,2026-09-13,R039,trip,T587202,57
PL003076,2026-09-13,R039,trip,T820821,34
PL003077,2026-09-13,R039,trip,T558038,25
PL003078,2026-09-13,R039,trip,T995730,32
PL003079,2026-09-13,R039,trip,T470121,26
PL003080,2026-09-14,R039,cancellation_penalty,T949250,-10
PL003081,2026-09-14,R039,trip,T605471,57
PL003082,2026-09-14,R039,trip,T274400,36
PL003083,2026-09-14,R039,trip,T412667,51
PL003084,2026-09-14,R039,trip,T929559,70
PL003085,2026-09-14,R039,trip,T596182,44
PL003086,2026-09-14,R039,trip,T905683,62
PL003087,2026-09-16,R039,trip,T306126,50
PL003088,2026-09-16,R039,trip,T782587,25
PL003089,2026-09-16,R039,trip,T119682,53
PL003090,2026-09-16,R039,trip,T748267,26
PL003091,2026-09-16,R039,trip,T221330,36
PL003092,2026-09-16,R039,trip,T654163,43
PL003093,2026-09-17,R039,trip,T181285,78
PL003094,2026-09-17,R039,trip,T997217,25
PL003095,2026-09-17,R039,trip,T650729,65
PL003096,2026-09-17,R039,trip,T503755,62
PL003097,2026-09-17,R039,trip,T886681,49
PL003098,2026-09-17,R039,trip,T100472,25
PL003099,2026-09-17,R039,trip,T303514,71
PL003100,2026-09-17,R039,trip,T206136,33
PL003101,2026-09-17,R039,trip,T718249,44
PL003102,2026-09-17,R039,trip,T945103,37
PL003103,2026-09-17,R039,trip,T471897,81
PL003104,2026-09-17,R039,trip,T250559,37
PL003105,2026-09-17,R039,trip,T760863,25
PL003106,2026-09-17,R039,trip,T664844,52
PL003107,2026-09-17,R039,daily_incentive,,150
PL003108,2026-09-18,R039,trip,T214205,64
PL003109,2026-09-18,R039,trip,T931504,47
PL003110,2026-09-18,R039,trip,T993230,54
PL003111,2026-09-18,R039,trip,T752781,81
PL003112,2026-09-18,R039,trip,T882074,25
PL003113,2026-09-18,R039,trip,T842548,61
PL003114,2026-09-18,R039,trip,T416369,32
PL003115,2026-09-18,R039,trip,T940173,33
PL003116,2026-09-18,R039,trip,T191615,66
PL003117,2026-09-18,R039,trip,T357159,47
PL003118,2026-09-18,R039,trip,T106605,53
PL003119,2026-09-19,R039,trip,T349418,32
PL003120,2026-09-19,R039,trip,T739622,60
PL003121,2026-09-19,R039,trip,T306881,28
PL003122,2026-09-19,R039,cancellation_penalty,T858391,-10
PL003123,2026-09-19,R039,trip,T481374,25
PL003124,2026-09-20,R039,trip,T668380,52
PL003125,2026-09-20,R039,trip,T263911,61
PL003126,2026-09-20,R039,trip,T581722,35
PL003127,2026-09-20,R039,trip,T718833,76
PL003128,2026-09-20,R039,trip,T589649,83
PL003129,2026-09-20,R039,trip,T802926,56
PL003130,2026-09-20,R039,trip,T248792,76
PL003131,2026-09-20,R039,trip,T926716,50
PL003132,2026-09-20,R039,trip,T204153,53
PL003133,2026-09-20,R039,trip,T763694,56
PL003134,2026-09-21,R039,trip,T586234,35
PL003135,2026-09-21,R039,cancellation_penalty,T894063,-10
PL003136,2026-09-21,R039,trip,T175967,59
PL003137,2026-09-21,R039,cancellation_penalty,T370806,-10
PL003138,2026-09-21,R039,trip,T783319,63
PL003139,2026-09-21,R039,trip,T129030,75
PL003140,2026-09-21,R039,trip,T543179,88
PL003141,2026-09-12,R040,trip,T302952,77
PL003142,2026-09-12,R040,trip,T825106,35
PL003143,2026-09-12,R040,trip,T697557,47
PL003144,2026-09-12,R040,cancellation_penalty,T696492,-10
PL003145,2026-09-12,R040,trip,T333953,62
PL003146,2026-09-12,R040,trip,T346181,25
PL003147,2026-09-13,R040,trip,T929919,75
PL003148,2026-09-13,R040,trip,T760534,38
PL003149,2026-09-13,R040,trip,T548523,80
PL003150,2026-09-13,R040,trip,T191721,51
PL003151,2026-09-13,R040,trip,T543377,39
PL003152,2026-09-13,R040,trip,T961960,84
PL003153,2026-09-13,R040,trip,T426520,74
PL003154,2026-09-13,R040,trip,T863402,25
PL003155,2026-09-13,R040,trip,T701097,80
PL003156,2026-09-14,R040,trip,T524828,43
PL003157,2026-09-14,R040,trip,T550726,32
PL003158,2026-09-14,R040,trip,T779121,26
PL003159,2026-09-14,R040,trip,T741080,27
PL003160,2026-09-14,R040,trip,T415041,62
PL003161,2026-09-15,R040,trip,T428720,61
PL003162,2026-09-15,R040,trip,T567202,44
PL003163,2026-09-15,R040,trip,T333877,72
PL003164,2026-09-15,R040,trip,T417561,25
PL003165,2026-09-15,R040,trip,T970904,50
PL003166,2026-09-15,R040,trip,T313625,74
PL003167,2026-09-15,R040,trip,T660357,76
PL003168,2026-09-15,R040,trip,T524506,75
PL003169,2026-09-15,R040,trip,T963782,74
PL003170,2026-09-16,R040,trip,T768237,44
PL003171,2026-09-16,R040,trip,T716717,47
PL003172,2026-09-16,R040,trip,T745220,41
PL003173,2026-09-16,R040,trip,T374444,55
PL003174,2026-09-16,R040,trip,T257276,25
PL003175,2026-09-16,R040,trip,T282251,32
PL003176,2026-09-16,R040,trip,T982769,46
PL003177,2026-09-16,R040,trip,T135174,34
PL003178,2026-09-17,R040,trip,T946145,26
PL003179,2026-09-17,R040,trip,T136009,45
PL003180,2026-09-17,R040,trip,T689922,38
PL003181,2026-09-17,R040,trip,T724088,39
PL003182,2026-09-17,R040,trip,T942761,54
PL003183,2026-09-17,R040,trip,T622254,76
PL003184,2026-09-17,R040,trip,T124196,49
PL003185,2026-09-17,R040,trip,T619534,90
PL003186,2026-09-19,R040,cancellation_penalty,T592096,-10
PL003187,2026-09-19,R040,trip,T352385,25
PL003188,2026-09-19,R040,cancellation_penalty,T360869,-10
PL003189,2026-09-19,R040,trip,T401354,38
PL003190,2026-09-19,R040,trip,T598258,33
PL003191,2026-09-19,R040,trip,T503180,91
PL003192,2026-09-19,R040,trip,T349851,74
PL003193,2026-09-19,R040,trip,T540137,47
PL003194,2026-09-19,R040,trip,T806541,33
PL003195,2026-09-20,R040,trip,T484683,39
PL003196,2026-09-20,R040,trip,T904081,42
PL003197,2026-09-20,R040,trip,T423736,55
PL003198,2026-09-20,R040,trip,T828414,55
PL003199,2026-09-20,R040,trip,T720517,69
PL003200,2026-09-20,R040,trip,T570300,53
PL003201,2026-09-20,R040,trip,T484344,80
PL003202,2026-09-20,R040,trip,T711449,75
PL003203,2026-09-20,R040,trip,T258993,81
PL003204,2026-09-20,R040,trip,T790593,48
PL003205,2026-09-20,R040,cancellation_penalty,T561176,-10
PL003206,2026-09-20,R040,trip,T947932,59
PL003207,2026-09-20,R040,trip,T468069,70
PL003208,2026-09-20,R040,trip,T777108,74
PL003209,2026-09-20,R040,trip,T333700,78
PL003210,2026-09-20,R040,trip,T945916,73
PL003211,2026-09-20,R040,daily_incentive,,150
PL003212,2026-09-21,R040,trip,T230752,62
PL003213,2026-09-21,R040,cancellation_penalty,T814542,-10
PL003214,2026-09-21,R040,trip,T219196,42
PL003215,2026-09-21,R040,trip,T395692,44
PL003216,2026-09-21,R040,trip,T240310,27
PL003217,2026-09-21,R040,trip,T572379,36
PL003218,2026-09-21,R040,trip,T665705,40
PL003219,2026-09-21,R040,trip,T314217,47
PL003220,2026-09-21,R040,trip,T893386,30
PL003221,2026-09-21,R040,trip,T145659,25
PL003222,2026-09-21,R040,trip,T164731,48
