trip_id,rider_id,started_at,status,distance_km,surge_multiplier
T702770,R008,2026-09-12T02:30:00Z,completed,10.7,1.0
T371512,R035,2026-09-12T02:50:00Z,completed,5.8,1.0
T613006,R002,2026-09-12T02:50:00Z,completed,8.4,1.0
T631293,R039,2026-09-12T02:50:00Z,cancelled_by_rider,10.8,1.0
T976160,R008,2026-09-12T03:01:00Z,completed,8.8,1.0
T101462,R020,2026-09-12T03:20:00Z,completed,3.8,1.0
T276800,R005,2026-09-12T03:20:00Z,completed,3.4,1.0
T692589,R039,2026-09-12T03:22:00Z,completed,1.4,1.0
T387403,R001,2026-09-12T03:30:00Z,completed,3.8,1.0
T497686,R022,2026-09-12T03:40:00Z,completed,8.5,1.0
T262030,R002,2026-09-12T03:41:00Z,completed,0.8,1.0
T629565,R035,2026-09-12T03:42:00Z,completed,4.4,1.0
T412180,R039,2026-09-12T03:47:00Z,completed,4.6,1.0
T315426,R003,2026-09-12T03:50:00Z,completed,6.2,1.0
T399268,R008,2026-09-12T03:53:00Z,completed,9.2,1.0
T519413,R020,2026-09-12T03:56:00Z,completed,9.6,1.0
T787877,R001,2026-09-12T04:00:00Z,completed,5.2,1.0
T799308,R029,2026-09-12T04:00:00Z,completed,6.1,1.0
T906848,R030,2026-09-12T04:00:00Z,completed,5.6,1.0
T283692,R005,2026-09-12T04:11:00Z,completed,3.2,1.0
T203704,R035,2026-09-12T04:19:00Z,cancelled_by_customer,9.1,1.0
T614150,R021,2026-09-12T04:20:00Z,completed,9.6,1.0
T507828,R001,2026-09-12T04:28:00Z,completed,1.9,1.0
T984789,R029,2026-09-12T04:29:00Z,completed,9.4,1.0
T170571,R022,2026-09-12T04:30:00Z,completed,2.3,1.0
T139522,R002,2026-09-12T04:31:00Z,completed,8.1,1.0
T706522,R008,2026-09-12T04:34:00Z,completed,2.6,1.0
T978997,R003,2026-09-12T04:37:00Z,completed,11.2,1.0
T992659,R005,2026-09-12T04:37:00Z,completed,5.0,1.0
T359498,R013,2026-09-12T04:40:00Z,completed,8.0,1.0
T632833,R039,2026-09-12T04:41:00Z,completed,1.8,1.0
T195432,R020,2026-09-12T04:42:00Z,completed,7.0,1.0
T226373,R021,2026-09-12T04:48:00Z,completed,1.5,1.0
T737891,R030,2026-09-12T04:48:00Z,completed,6.6,1.0
T398419,R032,2026-09-12T04:50:00Z,completed,2.6,1.0
T521765,R004,2026-09-12T04:50:00Z,completed,2.5,1.0
T672864,R026,2026-09-12T04:50:00Z,completed,10.4,1.0
T404871,R035,2026-09-12T04:58:00Z,completed,11.4,1.0
T852529,R015,2026-09-12T05:00:00Z,completed,1.4,1.0
T628529,R002,2026-09-12T05:04:00Z,completed,6.7,1.0
T300834,R013,2026-09-12T05:08:00Z,completed,2.9,1.0
T428685,R003,2026-09-12T05:09:00Z,completed,3.3,1.0
T423942,R022,2026-09-12T05:15:00Z,completed,10.0,1.0
T124855,R030,2026-09-12T05:16:00Z,completed,10.6,1.0
T253158,R039,2026-09-12T05:18:00Z,completed,2.4,1.0
T841873,R020,2026-09-12T05:18:00Z,cancelled_by_customer,7.1,1.0
T100527,R001,2026-09-12T05:20:00Z,completed,2.2,1.0
T730455,R7,2026-09-12T05:20:00Z,completed,9.3,1.0
T146434,R029,2026-09-12T05:22:00Z,completed,6.0,1.2
T370475,R035,2026-09-12T05:24:00Z,completed,1.0,1.0
T984562,R008,2026-09-12T05:28:00Z,completed,5.5,1.0
T970496,R026,2026-09-12T05:30:00Z,completed,4.8,1.0
T294441,R021,2026-09-12T05:32:00Z,completed,10.1,1.0
T420360,R005,2026-09-12T05:32:00Z,completed,2.2,1.0
T590555,R015,2026-09-12T05:33:00Z,completed,6.6,1.0
T399604,R003,2026-09-12T05:34:00Z,completed,3.1,1.0
T633200,R004,2026-09-12T05:37:00Z,completed,10.9,1.0
T250221,R032,2026-09-12T05:40:00Z,cancelled_by_rider,5.3,1.0
T482657,R018,2026-09-12T05:40:00Z,completed,10.0,1.0
T846717,R031,2026-09-12T05:40:00Z,completed,1.7,1.0
T766541,R002,2026-09-12T05:46:00Z,completed,5.7,1.0
T291737,R039,2026-09-12T05:50:00Z,completed,8.5,1.0
T668510,R027,2026-09-12T05:50:00Z,cancelled_by_customer,8.6,1.0
T242342,R030,2026-09-12T05:52:00Z,completed,6.9,1.0
T644126,R020,2026-09-12T05:55:00Z,completed,9.1,1.2
T621227,R008,2026-09-12T05:56:00Z,completed,9.1,1.0
T878651,R013,2026-09-12T05:56:00Z,completed,10.8,1.0
T652027,R001,2026-09-12T05:58:00Z,completed,10.1,1.0
T565768,R003,2026-09-12T05:59:00Z,completed,10.1,1.0
T434206,R021,2026-09-12T06:01:00Z,completed,9.5,1.0
T157896,R004,2026-09-12T06:08:00Z,completed,0.9,1.0
T396499,R022,2026-09-12T06:10:00Z,completed,1.8,1.0
T737469,R010,2026-09-12T06:10:00Z,completed,8.3,1.0
T829299,R034,2026-09-12T06:10:00Z,completed,10.3,1.0
T764569,R007,2026-09-12T06:11:00Z,completed,4.1,1.0
T781626,R029,2026-09-12T06:15:00Z,completed,9.1,1.0
T887277,R005,2026-09-12T06:15:00Z,completed,4.1,1.0
T825203,R035,2026-09-12T06:16:00Z,completed,2.3,1.0
T525196,R027,2026-09-12T06:18:00Z,completed,6.7,1.0
T216224,R033,2026-09-12T06:20:00Z,completed,11.3,1.0
T298721,R009,2026-09-12T06:20:00Z,completed,3.4,1.0
T336212,R026,2026-09-12T06:20:00Z,completed,5.0,1.0
T994732,R030,2026-09-12T06:23:00Z,completed,7.3,1.0
T314140,R018,2026-09-12T06:25:00Z,completed,7.5,1.2
T278760,R015,2026-09-12T06:26:00Z,completed,6.2,1.0
T368589,R008,2026-09-12T06:27:00Z,completed,7.8,1.0
T972463,R013,2026-09-12T06:27:00Z,completed,7.7,1.0
T330125,R032,2026-09-12T06:28:00Z,completed,11.2,1.0
T356530,R002,2026-09-12T06:31:00Z,completed,2.0,1.5
T992143,R039,2026-09-12T06:31:00Z,completed,3.9,1.5
T657374,R031,2026-09-12T06:32:00Z,completed,10.7,1.2
T861401,R020,2026-09-12T06:32:00Z,cancelled_by_customer,10.2,1.5
T842792,R001,2026-09-12T06:33:00Z,cancelled_by_rider,5.2,1.0
T916785,R003,2026-09-12T06:35:00Z,completed,7.5,1.5
T468636,R010,2026-09-12T06:37:00Z,completed,4.1,1.0
T323506,R021,2026-09-12T06:38:00Z,completed,9.0,1.2
T588447,R005,2026-09-12T06:41:00Z,completed,6.1,1.0
T106701,R037,2026-09-12T06:43:00Z,completed,7.6,1.2
T611483,R027,2026-09-12T06:43:00Z,completed,5.3,1.2
T155376,R015,2026-09-12T06:51:00Z,completed,4.2,1.0
T288146,R7,2026-09-12T06:51:00Z,completed,9.7,1.0
T385002,R033,2026-09-12T06:51:00Z,completed,9.8,1.5
T419918,R022,2026-09-12T06:51:00Z,completed,7.7,1.0
T996100,R008,2026-09-12T06:53:00Z,completed,5.1,1.0
T168905,R002,2026-09-12T06:57:00Z,completed,3.8,1.0
T513576,R026,2026-09-12T06:57:00Z,cancelled_by_rider,3.6,1.0
T443566,R004,2026-09-12T06:59:00Z,completed,1.7,1.0
T451494,R035,2026-09-12T06:59:00Z,completed,6.2,1.0
T289709,R031,2026-09-12T07:00:00Z,completed,10.1,1.0
T120598,R034,2026-09-12T07:01:00Z,completed,4.8,1.0
T585784,R018,2026-09-12T07:02:00Z,cancelled_by_customer,11.0,1.0
T495277,R029,2026-09-12T07:04:00Z,completed,1.6,1.0
T348217,R030,2026-09-12T07:06:00Z,completed,5.0,1.2
T552502,R009,2026-09-12T07:07:00Z,cancelled_by_rider,5.3,1.0
T862073,R027,2026-09-12T07:09:00Z,completed,10.9,1.0
T392305,R013,2026-09-12T07:10:00Z,completed,11.4,1.0
T144804,R010,2026-09-12T07:12:00Z,completed,2.7,1.5
T905724,R032,2026-09-12T07:13:00Z,completed,11.4,1.0
T303446,R003,2026-09-12T07:18:00Z,completed,5.2,1.0
T725492,R022,2026-09-12T07:21:00Z,cancelled_by_customer,6.0,1.0
T614872,R039,2026-09-12T07:25:00Z,completed,8.1,1.5
T842315,R001,2026-09-12T07:26:00Z,completed,0.8,1.0
T842417,R026,2026-09-12T07:28:00Z,completed,10.8,1.0
T200945,R021,2026-09-12T07:31:00Z,completed,1.7,1.2
T389621,R005,2026-09-12T07:31:00Z,cancelled_by_rider,4.1,1.0
T621579,R015,2026-09-12T07:31:00Z,completed,8.4,1.2
T989635,R033,2026-09-12T07:31:00Z,completed,1.0,1.5
T577420,R018,2026-09-12T07:32:00Z,completed,2.7,1.2
T254337,R002,2026-09-12T07:36:00Z,cancelled_by_customer,4.8,1.0
T403005,R009,2026-09-12T07:36:00Z,completed,1.5,1.2
T476810,R007,2026-09-12T07:37:00Z,completed,1.3,1.5
T940573,R037,2026-09-12T07:38:00Z,completed,6.6,1.0
T477199,R008,2026-09-12T07:42:00Z,completed,6.6,1.0
T779529,R035,2026-09-12T07:42:00Z,completed,11.4,1.0
T579214,R032,2026-09-12T07:43:00Z,completed,6.9,1.5
T874443,R013,2026-09-12T07:43:00Z,completed,5.6,1.0
T610204,R010,2026-09-12T07:44:00Z,completed,8.1,1.0
T260092,R034,2026-09-12T07:45:00Z,completed,8.3,1.5
T110017,R029,2026-09-12T07:51:00Z,completed,5.8,1.2
T162362,R004,2026-09-12T07:51:00Z,completed,6.5,1.0
T210126,R001,2026-09-12T07:53:00Z,completed,5.8,1.0
T891877,R031,2026-09-12T07:54:00Z,completed,4.2,1.0
T187575,R030,2026-09-12T07:55:00Z,completed,1.7,1.0
T540809,R027,2026-09-12T07:57:00Z,completed,7.5,1.0
T945750,R022,2026-09-12T07:58:00Z,completed,2.8,1.0
T107749,R033,2026-09-12T08:01:00Z,cancelled_by_rider,0.9,1.5
T384255,R009,2026-09-12T08:02:00Z,completed,10.5,1.5
T164942,R003,2026-09-12T08:03:00Z,completed,2.9,1.0
T657015,R005,2026-09-12T08:08:00Z,completed,9.3,1.2
T795561,R015,2026-09-12T08:08:00Z,completed,5.5,1.0
T820807,R021,2026-09-12T08:08:00Z,completed,10.0,1.0
T630394,R037,2026-09-12T08:09:00Z,completed,9.0,1.0
T178930,R010,2026-09-12T08:10:00Z,completed,9.4,1.2
T744505,R026,2026-09-12T08:14:00Z,completed,3.0,1.0
T933667,R018,2026-09-12T08:16:00Z,completed,6.3,1.5
T192526,R032,2026-09-12T08:19:00Z,cancelled_by_customer,1.7,1.5
T263045,R001,2026-09-12T08:19:00Z,completed,2.0,1.2
T819285,R013,2026-09-12T08:20:00Z,completed,6.9,1.2
T744096,R035,2026-09-12T08:23:00Z,cancelled_by_customer,9.2,1.5
T162753,R034,2026-09-12T08:25:00Z,completed,1.0,1.0
T759671,R002,2026-09-12T08:26:00Z,completed,8.8,1.0
T815869,R007,2026-09-12T08:26:00Z,completed,11.0,1.0
T395240,R022,2026-09-12T08:27:00Z,completed,5.9,1.5
T218759,R031,2026-09-12T08:31:00Z,completed,3.7,1.0
T959423,R009,2026-09-12T08:31:00Z,cancelled_by_rider,3.9,1.0
T902702,R029,2026-09-12T08:32:00Z,cancelled_by_rider,3.8,1.0
T322125,R015,2026-09-12T08:37:00Z,completed,8.5,1.0
T367674,R008,2026-09-12T08:38:00Z,completed,9.0,1.0
T639474,R005,2026-09-12T08:43:00Z,completed,5.7,1.0
T440123,R004,2026-09-12T08:44:00Z,completed,1.6,1.0
T615833,R033,2026-09-12T08:45:00Z,completed,9.1,1.2
T301464,R018,2026-09-12T08:47:00Z,completed,11.3,1.0
T648731,R030,2026-09-12T08:48:00Z,completed,7.5,1.0
T124369,R027,2026-09-12T08:49:00Z,completed,9.5,1.0
T151487,R032,2026-09-12T08:50:00Z,completed,11.4,1.0
T776473,R037,2026-09-12T08:50:00Z,completed,2.5,1.0
T629258,R003,2026-09-12T08:51:00Z,completed,7.7,1.0
T212157,R001,2026-09-12T08:52:00Z,completed,8.7,1.0
T683844,R026,2026-09-12T08:55:00Z,completed,2.2,1.0
T872994,R010,2026-09-12T08:55:00Z,completed,9.7,1.0
T555658,R009,2026-09-12T08:58:00Z,completed,5.1,1.0
T413868,R029,2026-09-12T09:01:00Z,completed,4.4,1.0
T871794,R021,2026-09-12T09:03:00Z,completed,7.5,1.0
T883799,R013,2026-09-12T09:13:00Z,completed,4.1,1.0
T918416,R007,2026-09-12T09:13:00Z,completed,4.2,1.0
T157238,R018,2026-09-12T09:14:00Z,completed,1.8,1.0
T235308,R004,2026-09-12T09:15:00Z,completed,8.9,1.0
T773689,R034,2026-09-12T09:16:00Z,completed,4.1,1.0
T884454,R022,2026-09-12T09:17:00Z,completed,7.4,1.0
T349093,R030,2026-09-12T09:21:00Z,completed,6.8,1.0
T267918,R005,2026-09-12T09:24:00Z,completed,10.5,1.0
T729890,R008,2026-09-12T09:24:00Z,completed,7.1,1.0
T584347,R031,2026-09-12T09:26:00Z,completed,8.1,1.0
T472935,R027,2026-09-12T09:27:00Z,completed,7.4,1.0
T534375,R010,2026-09-12T09:31:00Z,cancelled_by_customer,7.4,1.0
T444164,R033,2026-09-12T09:32:00Z,completed,11.4,1.0
T961218,R015,2026-09-12T09:32:00Z,cancelled_by_rider,9.4,1.0
T840064,R003,2026-09-12T09:37:00Z,completed,3.2,1.0
T703810,R026,2026-09-12T09:38:00Z,completed,0.9,1.0
T635399,R037,2026-09-12T09:40:00Z,completed,7.1,1.0
T406840,R004,2026-09-12T09:41:00Z,completed,9.7,1.0
T997009,R032,2026-09-12T09:41:00Z,completed,10.4,1.0
T188865,R029,2026-09-12T09:43:00Z,completed,2.4,1.0
T477993,R030,2026-09-12T09:52:00Z,completed,8.2,1.0
T606388,R7,2026-09-12T09:53:00Z,cancelled_by_rider,2.3,1.0
T470091,R034,2026-09-12T09:54:00Z,cancelled_by_customer,9.0,1.0
T715074,R022,2026-09-12T09:57:00Z,cancelled_by_customer,1.7,1.0
T265090,R018,2026-09-12T09:59:00Z,completed,4.4,1.0
T679388,R033,2026-09-12T09:59:00Z,completed,4.6,1.0
T983238,R026,2026-09-12T10:05:00Z,completed,10.3,1.0
T942497,R003,2026-09-12T10:07:00Z,completed,11.0,1.0
T623216,R004,2026-09-12T10:08:00Z,completed,2.3,1.0
T786634,R031,2026-09-12T10:09:00Z,completed,8.5,1.0
T659718,R029,2026-09-12T10:12:00Z,completed,10.5,1.0
T935552,R010,2026-09-12T10:13:00Z,completed,5.2,1.0
T523256,R032,2026-09-12T10:17:00Z,completed,4.8,1.0
T885193,R007,2026-09-12T10:20:00Z,completed,6.3,1.0
T116673,R027,2026-09-12T10:21:00Z,completed,1.8,1.0
T489053,R033,2026-09-12T10:25:00Z,completed,0.9,1.0
T315924,R037,2026-09-12T10:28:00Z,completed,1.1,1.0
T624755,R030,2026-09-12T10:33:00Z,completed,3.2,1.0
T849731,R031,2026-09-12T10:34:00Z,cancelled_by_customer,11.0,1.0
T651622,R021,2026-09-12T10:41:00Z,completed,8.0,1.0
T192736,R003,2026-09-12T10:42:00Z,completed,11.3,1.0
T595839,R004,2026-09-12T10:42:00Z,completed,2.9,1.0
T309276,R022,2026-09-12T10:44:00Z,completed,10.1,1.0
T150208,R010,2026-09-12T10:52:00Z,completed,2.1,1.0
T660305,R033,2026-09-12T10:52:00Z,cancelled_by_customer,2.5,1.0
T438312,R026,2026-09-12T10:54:00Z,completed,2.3,1.0
T263010,R032,2026-09-12T10:56:00Z,completed,7.7,1.0
T101822,R021,2026-09-12T11:09:00Z,completed,7.9,1.0
T971380,R004,2026-09-12T11:09:00Z,completed,4.6,1.0
T903005,R007,2026-09-12T11:11:00Z,completed,2.6,1.0
T820289,R027,2026-09-12T11:16:00Z,completed,8.9,1.0
T554275,R037,2026-09-12T11:18:00Z,completed,10.8,1.0
T735918,R003,2026-09-12T11:19:00Z,completed,4.0,1.0
T983775,R032,2026-09-12T11:21:00Z,completed,2.0,1.2
T577102,R031,2026-09-12T11:25:00Z,completed,5.5,1.0
T860785,R014,2026-09-12T11:30:00Z,completed,6.6,1.0
T552074,R022,2026-09-12T11:31:00Z,completed,11.0,1.0
T555014,R033,2026-09-12T11:40:00Z,completed,5.8,1.0
T952613,R021,2026-09-12T11:41:00Z,completed,10.6,1.0
T449623,R010,2026-09-12T11:43:00Z,completed,8.1,1.0
T479577,R037,2026-09-12T11:48:00Z,completed,7.2,1.0
T209858,R004,2026-09-12T11:59:00Z,cancelled_by_customer,9.8,1.0
T621988,R025,2026-09-12T12:00:00Z,completed,4.2,1.0
T344610,R014,2026-09-12T12:02:00Z,completed,2.4,1.0
T614004,R7,2026-09-12T12:03:00Z,completed,10.4,1.0
T957811,R022,2026-09-12T12:05:00Z,completed,5.7,1.0
T384450,R031,2026-09-12T12:08:00Z,completed,5.4,1.0
T460124,R033,2026-09-12T12:09:00Z,completed,3.1,1.2
T246763,R010,2026-09-12T12:11:00Z,completed,4.2,1.0
T724137,R032,2026-09-12T12:11:00Z,completed,8.0,1.0
T794390,R027,2026-09-12T12:11:00Z,cancelled_by_customer,4.2,1.0
T435415,R022,2026-09-12T12:35:00Z,completed,9.2,1.0
T456075,R025,2026-09-12T12:37:00Z,completed,7.7,1.0
T391644,R037,2026-09-12T12:39:00Z,cancelled_by_rider,8.6,1.0
T808992,R024,2026-09-12T12:40:00Z,completed,5.3,1.0
T180702,R032,2026-09-12T12:47:00Z,completed,4.8,1.0
T117596,R004,2026-09-12T12:49:00Z,completed,2.9,1.2
T838900,R014,2026-09-12T12:50:00Z,completed,6.0,1.0
T203118,R027,2026-09-12T12:53:00Z,completed,10.1,1.0
T550976,R007,2026-09-12T12:54:00Z,completed,3.1,1.0
T407126,R040,2026-09-12T13:00:00Z,cancelled_by_customer,3.3,1.0
T185156,R025,2026-09-12T13:02:00Z,completed,11.4,1.0
T719959,R031,2026-09-12T13:02:00Z,completed,10.0,1.0
T180700,R024,2026-09-12T13:21:00Z,completed,8.5,1.0
T432478,R007,2026-09-12T13:21:00Z,completed,3.7,1.0
T466764,R022,2026-09-12T13:28:00Z,completed,10.4,1.0
T675647,R037,2026-09-12T13:34:00Z,cancelled_by_customer,1.5,1.5
T302952,R040,2026-09-12T13:36:00Z,completed,8.5,1.2
T800585,R032,2026-09-12T13:36:00Z,completed,2.4,1.0
T490762,R014,2026-09-12T13:39:00Z,completed,1.2,1.2
T813024,R025,2026-09-12T13:42:00Z,completed,9.4,1.5
T157399,R031,2026-09-12T13:57:00Z,completed,1.9,1.0
T990126,R024,2026-09-12T13:59:00Z,completed,1.7,1.0
T454715,R7,2026-09-12T14:04:00Z,cancelled_by_rider,6.7,1.0
T883238,R014,2026-09-12T14:05:00Z,completed,9.2,1.0
T374185,R037,2026-09-12T14:12:00Z,completed,7.1,1.0
T459865,R024,2026-09-12T14:25:00Z,completed,9.3,1.5
T479868,R025,2026-09-12T14:28:00Z,completed,6.2,1.0
T825106,R040,2026-09-12T14:31:00Z,completed,3.7,1.0
T982906,R007,2026-09-12T14:31:00Z,completed,7.9,1.2
T351169,R031,2026-09-12T14:38:00Z,completed,6.2,1.2
T155615,R014,2026-09-12T15:00:00Z,completed,2.7,1.2
T840975,R007,2026-09-12T15:02:00Z,completed,5.5,1.2
T593753,R025,2026-09-12T15:07:00Z,completed,7.9,1.5
T865676,R024,2026-09-12T15:19:00Z,cancelled_by_customer,4.4,1.0
T634944,R040,2026-09-12T15:26:00Z,cancelled_by_customer,3.9,1.0
T230807,R031,2026-09-12T15:28:00Z,completed,5.4,1.0
T894938,R014,2026-09-12T15:40:00Z,completed,6.6,1.2
T593062,R025,2026-09-12T15:50:00Z,completed,1.5,1.5
T697557,R040,2026-09-12T16:05:00Z,completed,4.4,1.2
T576067,R031,2026-09-12T16:12:00Z,completed,8.0,1.0
T426868,R024,2026-09-12T16:14:00Z,completed,4.6,1.2
T516516,R025,2026-09-12T16:34:00Z,cancelled_by_customer,10.2,1.0
T836851,R024,2026-09-12T16:47:00Z,completed,10.4,1.0
T696492,R040,2026-09-12T16:55:00Z,cancelled_by_rider,5.4,1.0
T671749,R024,2026-09-12T17:42:00Z,completed,7.7,1.0
T333953,R040,2026-09-12T17:44:00Z,completed,8.2,1.0
T346181,R040,2026-09-12T18:12:00Z,completed,1.7,1.0
T559459,R024,2026-09-12T18:13:00Z,completed,7.7,1.0
T929919,R040,2026-09-12T19:07:00Z,completed,10.3,1.0
T137452,R032,2026-09-13T02:40:00Z,completed,10.2,1.0
T557727,R039,2026-09-13T02:50:00Z,completed,3.7,1.0
T976345,R004,2026-09-13T03:10:00Z,completed,6.7,1.0
T151180,R032,2026-09-13T03:11:00Z,completed,11.0,1.0
T286550,R031,2026-09-13T03:20:00Z,completed,4.7,1.0
T299652,R029,2026-09-13T03:20:00Z,completed,8.4,1.0
T417319,R022,2026-09-13T03:30:00Z,completed,2.8,1.0
T609579,R033,2026-09-13T03:30:00Z,completed,4.7,1.0
T806588,R004,2026-09-13T03:35:00Z,completed,5.7,1.0
T918948,R039,2026-09-13T03:44:00Z,completed,10.7,1.0
T196796,R005,2026-09-13T03:50:00Z,completed,1.6,1.0
T954045,R032,2026-09-13T03:57:00Z,cancelled_by_rider,10.2,1.0
T231033,R004,2026-09-13T04:00:00Z,cancelled_by_rider,5.6,1.0
T237666,R035,2026-09-13T04:02:00Z,completed,3.2,1.0
T587003,R029,2026-09-13T04:02:00Z,completed,9.7,1.0
T139789,R007,2026-09-13T04:10:00Z,completed,10.4,1.0
T204214,R022,2026-09-13T04:15:00Z,completed,7.2,1.0
T336281,R030,2026-09-13T04:20:00Z,cancelled_by_rider,7.9,1.0
T940918,R033,2026-09-13T04:22:00Z,completed,11.0,1.0
T353787,R004,2026-09-13T04:28:00Z,completed,5.0,1.0
T478187,R039,2026-09-13T04:28:00Z,completed,11.4,1.0
T306236,R029,2026-09-13T04:34:00Z,completed,2.5,1.0
T831055,R017,2026-09-13T04:40:00Z,completed,8.2,1.0
T746247,R005,2026-09-13T04:45:00Z,completed,9.5,1.0
T991756,R033,2026-09-13T04:49:00Z,cancelled_by_customer,5.6,1.0
T336220,R019,2026-09-13T04:50:00Z,completed,1.1,1.0
T162449,R032,2026-09-13T04:51:00Z,completed,4.9,1.0
T311542,R7,2026-09-13T04:52:00Z,completed,5.6,1.0
T952007,R030,2026-09-13T04:52:00Z,completed,9.2,1.0
T383819,R022,2026-09-13T04:54:00Z,completed,3.6,1.0
T726846,R004,2026-09-13T04:59:00Z,completed,11.3,1.0
T458248,R039,2026-09-13T05:00:00Z,completed,5.7,1.0
T658170,R015,2026-09-13T05:00:00Z,cancelled_by_rider,4.1,1.0
T637099,R031,2026-09-13T05:05:00Z,completed,8.3,1.2
T859159,R035,2026-09-13T05:09:00Z,completed,8.8,1.0
T303218,R009,2026-09-13T05:10:00Z,completed,9.6,1.2
T633629,R021,2026-09-13T05:10:00Z,completed,5.7,1.0
T226120,R026,2026-09-13T05:17:00Z,completed,0.8,1.0
T207935,R018,2026-09-13T05:20:00Z,completed,6.5,1.0
T317134,R002,2026-09-13T05:20:00Z,completed,7.9,1.0
T836587,R036,2026-09-13T05:20:00Z,completed,8.2,1.0
T189099,R029,2026-09-13T05:22:00Z,completed,9.7,1.0
T899557,R019,2026-09-13T05:25:00Z,completed,5.7,1.0
T848047,R033,2026-09-13T05:26:00Z,completed,5.9,1.0
T629179,R028,2026-09-13T05:28:00Z,cancelled_by_rider,7.9,1.0
T536254,R003,2026-09-13T05:30:00Z,completed,11.1,1.0
T542308,R011,2026-09-13T05:30:00Z,completed,7.2,1.2
T811478,R006,2026-09-13T05:30:00Z,cancelled_by_rider,11.5,1.0
T646464,R017,2026-09-13T05:31:00Z,completed,9.4,1.0
T493076,R030,2026-09-13T05:34:00Z,completed,4.1,1.0
T499891,R005,2026-09-13T05:34:00Z,completed,6.3,1.0
T657994,R007,2026-09-13T05:34:00Z,cancelled_by_rider,4.2,1.0
T441538,R004,2026-09-13T05:35:00Z,completed,3.4,1.0
T469512,R021,2026-09-13T05:35:00Z,completed,6.0,1.0
T484407,R039,2026-09-13T05:38:00Z,completed,8.1,1.2
T768435,R032,2026-09-13T05:38:00Z,completed,11.0,1.0
T696287,R009,2026-09-13T05:40:00Z,completed,3.2,1.0
T143794,R031,2026-09-13T05:41:00Z,completed,7.8,1.0
T652864,R015,2026-09-13T05:44:00Z,completed,10.2,1.0
T882096,R022,2026-09-13T05:44:00Z,completed,2.1,1.0
T390542,R002,2026-09-13T05:46:00Z,completed,6.1,1.0
T222129,R012,2026-09-13T05:50:00Z,completed,8.0,1.0
T622709,R001,2026-09-13T05:50:00Z,completed,7.4,1.0
T845911,R005,2026-09-13T05:59:00Z,completed,8.0,1.0
T495312,R036,2026-09-13T06:03:00Z,completed,3.6,1.0
T529751,R030,2026-09-13T06:03:00Z,completed,2.7,1.0
T681163,R035,2026-09-13T06:03:00Z,completed,9.8,1.0
T878140,R021,2026-09-13T06:07:00Z,completed,9.0,1.0
T934691,R029,2026-09-13T06:07:00Z,completed,8.8,1.0
T332618,R7,2026-09-13T06:10:00Z,completed,1.6,1.0
T660226,R037,2026-09-13T06:10:00Z,completed,1.6,1.0
T277907,R015,2026-09-13T06:12:00Z,completed,7.0,1.0
T286138,R017,2026-09-13T06:12:00Z,completed,8.2,1.0
T291615,R009,2026-09-13T06:14:00Z,cancelled_by_customer,11.3,1.0
T439087,R028,2026-09-13T06:14:00Z,completed,11.2,1.0
T888561,R018,2026-09-13T06:14:00Z,completed,11.2,1.2
T465443,R006,2026-09-13T06:15:00Z,completed,7.0,1.0
T700766,R019,2026-09-13T06:16:00Z,completed,0.9,1.0
T726849,R039,2026-09-13T06:19:00Z,completed,3.9,1.0
T675807,R033,2026-09-13T06:21:00Z,completed,11.4,1.0
T240980,R004,2026-09-13T06:22:00Z,completed,8.0,1.0
T860248,R003,2026-09-13T06:22:00Z,completed,4.6,1.0
T608891,R011,2026-09-13T06:25:00Z,cancelled_by_customer,8.4,1.0
T145960,R031,2026-09-13T06:26:00Z,completed,5.8,1.0
T609356,R032,2026-09-13T06:26:00Z,completed,5.1,1.0
T187138,R001,2026-09-13T06:27:00Z,completed,2.1,1.0
T297202,R022,2026-09-13T06:27:00Z,completed,5.4,1.0
T586664,R002,2026-09-13T06:27:00Z,completed,2.2,1.0
T776568,R012,2026-09-13T06:27:00Z,completed,5.0,1.0
T121949,R026,2026-09-13T06:33:00Z,completed,11.5,1.0
T226432,R029,2026-09-13T06:34:00Z,cancelled_by_rider,7.0,1.0
T454740,R035,2026-09-13T06:34:00Z,completed,6.3,1.0
T178092,R030,2026-09-13T06:38:00Z,completed,4.0,1.0
T755562,R028,2026-09-13T06:39:00Z,cancelled_by_customer,1.6,1.0
T458864,R006,2026-09-13T06:40:00Z,completed,9.9,1.2
T214505,R005,2026-09-13T06:41:00Z,completed,8.2,1.0
T919735,R017,2026-09-13T06:43:00Z,completed,6.9,1.2
T960503,R015,2026-09-13T06:43:00Z,completed,2.6,1.0
T812045,R018,2026-09-13T06:45:00Z,completed,2.5,1.2
T813918,R037,2026-09-13T06:45:00Z,completed,10.8,1.0
T866344,R036,2026-09-13T06:50:00Z,completed,10.0,1.0
T321608,R011,2026-09-13T06:52:00Z,completed,5.1,1.2
T637626,R001,2026-09-13T06:52:00Z,completed,10.0,1.5
T481855,R021,2026-09-13T06:53:00Z,completed,6.4,1.0
T492744,R033,2026-09-13T06:54:00Z,completed,9.2,1.2
T313179,R009,2026-09-13T07:00:00Z,completed,6.0,1.0
T351459,R004,2026-09-13T07:00:00Z,completed,3.1,1.2
T489123,R032,2026-09-13T07:00:00Z,cancelled_by_customer,9.3,1.0
T417919,R7,2026-09-13T07:02:00Z,cancelled_by_rider,8.2,1.0
T205932,R003,2026-09-13T07:06:00Z,completed,2.9,1.0
T781827,R005,2026-09-13T07:06:00Z,completed,5.5,1.0
T335620,R012,2026-09-13T07:08:00Z,completed,2.2,1.2
T538964,R002,2026-09-13T07:10:00Z,completed,6.9,1.0
T784286,R018,2026-09-13T07:10:00Z,completed,9.6,1.2
T344997,R031,2026-09-13T07:11:00Z,completed,3.5,1.0
T389525,R029,2026-09-13T07:11:00Z,cancelled_by_rider,5.7,1.0
T489410,R022,2026-09-13T07:11:00Z,completed,5.8,1.0
T696000,R019,2026-09-13T07:11:00Z,completed,11.5,1.2
T587202,R039,2026-09-13T07:13:00Z,completed,5.8,1.2
T411896,R026,2026-09-13T07:14:00Z,completed,3.4,1.0
T975847,R028,2026-09-13T07:18:00Z,completed,0.9,1.0
T149533,R030,2026-09-13T07:20:00Z,completed,4.8,1.2
T918517,R037,2026-09-13T07:20:00Z,completed,8.1,1.0
T206103,R004,2026-09-13T07:28:00Z,completed,9.9,1.0
T775676,R015,2026-09-13T07:28:00Z,completed,9.7,1.2
T342983,R011,2026-09-13T07:30:00Z,completed,6.4,1.2
T180565,R006,2026-09-13T07:31:00Z,completed,5.6,1.0
T301826,R007,2026-09-13T07:32:00Z,completed,9.5,1.2
T883883,R033,2026-09-13T07:32:00Z,completed,1.5,1.0
T374538,R001,2026-09-13T07:36:00Z,completed,8.1,1.0
T528414,R036,2026-09-13T07:37:00Z,completed,3.7,1.0
T861977,R017,2026-09-13T07:37:00Z,completed,7.8,1.0
T321474,R002,2026-09-13T07:39:00Z,cancelled_by_rider,7.9,1.0
T223546,R018,2026-09-13T07:40:00Z,completed,6.7,1.0
T927361,R005,2026-09-13T07:41:00Z,completed,2.3,1.0
T133507,R021,2026-09-13T07:44:00Z,completed,1.8,1.0
T461097,R030,2026-09-13T07:49:00Z,completed,7.1,1.0
T190513,R026,2026-09-13T07:53:00Z,completed,7.9,1.0
T731619,R009,2026-09-13T07:53:00Z,completed,1.8,1.0
T295141,r19,2026-09-13T07:54:00Z,completed,11.3,1.0
T423675,R029,2026-09-13T07:57:00Z,completed,8.5,1.5
T574398,R003,2026-09-13T07:57:00Z,completed,6.9,1.5
T897765,R022,2026-09-13T07:58:00Z,completed,1.1,1.0
T820821,R039,2026-09-13T08:00:00Z,completed,3.5,1.0
T338999,R028,2026-09-13T08:01:00Z,cancelled_by_rider,9.1,1.0
T246814,R001,2026-09-13T08:02:00Z,completed,4.3,1.0
T373220,R006,2026-09-13T08:03:00Z,completed,7.2,1.0
T455307,R031,2026-09-13T08:04:00Z,cancelled_by_rider,7.4,1.0
T223081,R004,2026-09-13T08:06:00Z,completed,10.4,1.0
T146347,R7,2026-09-13T08:07:00Z,completed,8.7,1.0
T802961,R037,2026-09-13T08:11:00Z,completed,8.2,1.2
T639181,R033,2026-09-13T08:13:00Z,completed,5.4,1.2
T491053,R002,2026-09-13T08:16:00Z,completed,3.0,1.0
T636690,R015,2026-09-13T08:18:00Z,cancelled_by_rider,2.3,1.0
T674332,R019,2026-09-13T08:21:00Z,completed,2.8,1.5
T434141,R017,2026-09-13T08:22:00Z,completed,10.0,1.2
T702723,R005,2026-09-13T08:22:00Z,cancelled_by_rider,3.8,1.0
T417340,R011,2026-09-13T08:23:00Z,completed,6.4,1.5
T197678,R035,2026-09-13T08:27:00Z,completed,5.9,1.0
T708695,R001,2026-09-13T08:28:00Z,completed,9.7,1.0
T540563,R018,2026-09-13T08:30:00Z,completed,9.7,1.0
T406506,R006,2026-09-13T08:31:00Z,cancelled_by_rider,5.1,1.0
T448011,R031,2026-09-13T08:31:00Z,completed,5.1,1.0
T594691,R030,2026-09-13T08:33:00Z,cancelled_by_customer,9.9,1.0
T768420,R021,2026-09-13T08:34:00Z,completed,4.8,1.0
T558038,R039,2026-09-13T08:38:00Z,completed,1.4,1.0
T776454,R012,2026-09-13T08:38:00Z,completed,1.5,1.0
T164268,R026,2026-09-13T08:40:00Z,completed,3.1,1.0
T502951,R022,2026-09-13T08:40:00Z,completed,5.0,1.5
T120666,R009,2026-09-13T08:41:00Z,completed,5.7,1.0
T613937,R028,2026-09-13T08:41:00Z,completed,7.8,1.0
T340180,R004,2026-09-13T08:42:00Z,completed,4.3,1.0
T768765,R002,2026-09-13T08:46:00Z,completed,10.2,1.0
T146391,R003,2026-09-13T08:47:00Z,completed,11.0,1.0
T304630,R017,2026-09-13T08:47:00Z,completed,6.1,1.0
T338780,R029,2026-09-13T08:49:00Z,completed,5.3,1.0
T272422,R011,2026-09-13T08:52:00Z,cancelled_by_customer,2.2,1.0
T808694,R015,2026-09-13T08:55:00Z,completed,3.8,1.0
T546951,R7,2026-09-13T09:00:00Z,completed,4.0,1.0
T202855,R035,2026-09-13T09:02:00Z,completed,1.8,1.0
T858559,R012,2026-09-13T09:04:00Z,completed,8.6,1.2
T612011,R037,2026-09-13T09:05:00Z,completed,7.8,1.0
T768799,R006,2026-09-13T09:05:00Z,completed,7.6,1.0
T692921,R005,2026-09-13T09:06:00Z,completed,5.4,1.0
T181075,R028,2026-09-13T09:08:00Z,completed,5.5,1.0
T873862,R018,2026-09-13T09:08:00Z,completed,7.5,1.0
T628563,R036,2026-09-13T09:11:00Z,cancelled_by_customer,9.8,1.0
T631158,R019,2026-09-13T09:11:00Z,completed,6.3,1.0
T510207,R021,2026-09-13T09:12:00Z,cancelled_by_customer,9.5,1.0
T917680,R031,2026-09-13T09:13:00Z,completed,1.8,1.2
T995730,R039,2026-09-13T09:15:00Z,completed,3.2,1.0
T591854,R001,2026-09-13T09:16:00Z,completed,9.7,1.0
T928641,R003,2026-09-13T09:17:00Z,cancelled_by_rider,1.0,1.0
T543957,R017,2026-09-13T09:20:00Z,completed,4.0,1.0
T957958,R029,2026-09-13T09:21:00Z,completed,9.6,1.0
T552275,R015,2026-09-13T09:23:00Z,completed,10.1,1.0
T560345,R026,2026-09-13T09:26:00Z,completed,1.0,1.0
T452773,R022,2026-09-13T09:29:00Z,completed,8.2,1.0
T657651,R009,2026-09-13T09:31:00Z,completed,2.5,1.0
T908535,R004,2026-09-13T09:32:00Z,completed,2.3,1.0
T974847,R035,2026-09-13T09:38:00Z,completed,1.3,1.0
T672770,R005,2026-09-13T09:39:00Z,cancelled_by_rider,3.3,1.0
T136373,R021,2026-09-13T09:40:00Z,cancelled_by_rider,3.8,1.0
T154489,R037,2026-09-13T09:40:00Z,completed,6.0,1.0
T318738,R001,2026-09-13T09:43:00Z,completed,11.3,1.0
T105662,R012,2026-09-13T09:46:00Z,completed,1.6,1.0
T429780,R006,2026-09-13T09:46:00Z,completed,8.7,1.0
T470121,R039,2026-09-13T09:46:00Z,completed,2.2,1.0
T217318,R029,2026-09-13T09:49:00Z,completed,2.1,1.0
T663154,R018,2026-09-13T09:49:00Z,completed,2.7,1.0
T906001,R7,2026-09-13T09:52:00Z,completed,2.9,1.0
T448631,R036,2026-09-13T09:53:00Z,completed,4.0,1.2
T535034,R003,2026-09-13T09:53:00Z,completed,4.1,1.0
T458858,R009,2026-09-13T09:59:00Z,completed,10.4,1.0
T187617,R028,2026-09-13T10:02:00Z,completed,2.7,1.0
T397346,R019,2026-09-13T10:03:00Z,completed,1.7,1.0
T425239,R031,2026-09-13T10:05:00Z,completed,6.7,1.0
T561915,R017,2026-09-13T10:13:00Z,completed,10.2,1.0
T833591,R005,2026-09-13T10:13:00Z,cancelled_by_rider,3.1,1.0
T553055,R018,2026-09-13T10:15:00Z,completed,6.7,1.0
T371368,R037,2026-09-13T10:18:00Z,completed,7.9,1.0
T813565,R004,2026-09-13T10:21:00Z,completed,8.5,1.0
T700431,R001,2026-09-13T10:24:00Z,completed,5.5,1.0
T703105,R035,2026-09-13T10:24:00Z,completed,1.1,1.0
T387988,R019,2026-09-13T10:31:00Z,completed,6.4,1.0
T530402,R003,2026-09-13T10:33:00Z,completed,11.5,1.0
T905542,R012,2026-09-13T10:34:00Z,completed,10.8,1.0
T979441,R7,2026-09-13T10:35:00Z,completed,6.7,1.0
T227214,R017,2026-09-13T10:45:00Z,cancelled_by_customer,0.8,1.0
T377030,R036,2026-09-13T10:48:00Z,completed,7.4,1.0
T658594,R004,2026-09-13T10:49:00Z,completed,8.1,1.0
T194938,R028,2026-09-13T10:51:00Z,completed,11.1,1.0
T313643,R009,2026-09-13T10:52:00Z,completed,10.3,1.0
T440580,R018,2026-09-13T10:57:00Z,completed,2.9,1.2
T265249,R031,2026-09-13T11:00:00Z,completed,7.5,1.0
T116009,R012,2026-09-13T11:02:00Z,completed,9.2,1.0
T924674,R035,2026-09-13T11:03:00Z,completed,3.6,1.0
T306505,R037,2026-09-13T11:08:00Z,completed,6.3,1.0
T247454,R001,2026-09-13T11:13:00Z,completed,4.2,1.0
T271657,R007,2026-09-13T11:14:00Z,completed,3.6,1.2
T967421,R026,2026-09-13T11:18:00Z,completed,11.2,1.2
T885686,R036,2026-09-13T11:22:00Z,completed,9.1,1.0
T451601,R009,2026-09-13T11:24:00Z,completed,3.3,1.0
T528149,r19,2026-09-13T11:24:00Z,completed,5.8,1.0
T676158,R031,2026-09-13T11:26:00Z,completed,2.4,1.0
T411101,R017,2026-09-13T11:28:00Z,completed,2.6,1.0
T819981,R012,2026-09-13T11:32:00Z,completed,1.8,1.0
T871058,R004,2026-09-13T11:35:00Z,completed,5.2,1.0
T990216,R018,2026-09-13T11:36:00Z,completed,1.9,1.0
T643562,R001,2026-09-13T11:38:00Z,completed,6.2,1.0
T308305,R028,2026-09-13T11:41:00Z,cancelled_by_rider,9.2,1.2
T139332,R026,2026-09-13T11:43:00Z,completed,8.6,1.2
T670643,R037,2026-09-13T11:49:00Z,completed,10.0,1.0
T944444,R7,2026-09-13T11:52:00Z,completed,5.1,1.0
T866598,R035,2026-09-13T11:55:00Z,completed,4.6,1.0
T467395,R009,2026-09-13T12:06:00Z,completed,6.5,1.0
T787300,r19,2026-09-13T12:08:00Z,completed,8.2,1.0
T851667,R025,2026-09-13T12:10:00Z,completed,10.7,1.0
T556102,R036,2026-09-13T12:11:00Z,completed,9.5,1.0
T741142,R028,2026-09-13T12:19:00Z,completed,10.8,1.0
T109168,R026,2026-09-13T12:21:00Z,completed,5.7,1.0
T955896,R018,2026-09-13T12:24:00Z,completed,3.5,1.0
T455687,R012,2026-09-13T12:25:00Z,completed,11.2,1.2
T463525,R001,2026-09-13T12:27:00Z,completed,7.5,1.0
T253936,R037,2026-09-13T12:31:00Z,completed,7.0,1.0
T908378,R035,2026-09-13T12:34:00Z,completed,9.6,1.0
T873539,R009,2026-09-13T12:37:00Z,completed,10.2,1.0
T748076,R7,2026-09-13T12:38:00Z,completed,9.3,1.0
T375720,R014,2026-09-13T12:40:00Z,completed,6.5,1.2
T213074,R036,2026-09-13T12:53:00Z,cancelled_by_rider,10.9,1.0
T760534,R040,2026-09-13T13:00:00Z,completed,4.1,1.0
T802525,R023,2026-09-13T13:00:00Z,completed,5.4,1.0
T296569,R037,2026-09-13T13:04:00Z,completed,4.9,1.0
T738599,R009,2026-09-13T13:04:00Z,completed,3.6,1.0
T926383,R025,2026-09-13T13:05:00Z,completed,4.1,1.0
T548867,R018,2026-09-13T13:06:00Z,completed,8.2,1.0
T711183,R012,2026-09-13T13:08:00Z,completed,6.9,1.2
T840989,R026,2026-09-13T13:08:00Z,completed,6.8,1.0
T920282,R7,2026-09-13T13:10:00Z,completed,5.6,1.0
T345864,R014,2026-09-13T13:16:00Z,cancelled_by_rider,6.0,1.0
T513863,R036,2026-09-13T13:23:00Z,cancelled_by_customer,6.0,1.0
T650619,R037,2026-09-13T13:39:00Z,completed,2.6,1.0
T650728,R040,2026-09-13T13:39:00Z,cancelled_by_customer,10.9,1.0
T802736,R024,2026-09-13T13:40:00Z,completed,8.3,1.5
T664237,R023,2026-09-13T13:45:00Z,completed,6.7,1.0
T431493,R018,2026-09-13T13:48:00Z,completed,2.5,1.0
T159300,R026,2026-09-13T13:53:00Z,completed,5.3,1.5
T916476,R025,2026-09-13T14:00:00Z,completed,8.3,1.0
T572865,R014,2026-09-13T14:04:00Z,completed,7.2,1.2
T495494,R037,2026-09-13T14:25:00Z,completed,7.3,1.0
T734441,R023,2026-09-13T14:26:00Z,completed,10.1,1.0
T358770,R024,2026-09-13T14:27:00Z,cancelled_by_rider,10.9,1.2
T548523,R040,2026-09-13T14:31:00Z,completed,11.1,1.0
T759142,R014,2026-09-13T14:37:00Z,completed,5.8,1.0
T366167,R025,2026-09-13T14:40:00Z,completed,3.2,1.5
T821883,R024,2026-09-13T14:53:00Z,completed,2.7,1.0
T566810,R023,2026-09-13T15:01:00Z,cancelled_by_rider,4.3,1.5
T794786,R025,2026-09-13T15:06:00Z,completed,8.0,1.0
T314798,R037,2026-09-13T15:11:00Z,completed,10.7,1.0
T277814,R014,2026-09-13T15:13:00Z,completed,3.6,1.0
T191721,R040,2026-09-13T15:23:00Z,completed,4.9,1.2
T337351,R025,2026-09-13T15:36:00Z,completed,3.9,1.5
T475307,R024,2026-09-13T15:39:00Z,completed,6.6,1.0
T146746,R023,2026-09-13T15:42:00Z,completed,2.7,1.2
T412584,R014,2026-09-13T15:45:00Z,completed,2.1,1.2
T543377,R040,2026-09-13T15:53:00Z,completed,4.4,1.0
T803463,R037,2026-09-13T15:57:00Z,completed,3.8,1.0
T179877,R025,2026-09-13T16:06:00Z,completed,2.5,1.2
T961960,R040,2026-09-13T16:21:00Z,completed,9.5,1.2
T802242,R023,2026-09-13T16:27:00Z,completed,1.2,1.0
T582417,R024,2026-09-13T16:31:00Z,completed,9.0,1.0
T618881,R014,2026-09-13T16:33:00Z,completed,9.1,1.0
T786701,R025,2026-09-13T16:50:00Z,completed,1.1,1.2
T708939,R023,2026-09-13T16:53:00Z,completed,10.5,1.0
T426520,R040,2026-09-13T17:05:00Z,completed,8.1,1.2
T135522,R014,2026-09-13T17:12:00Z,completed,4.4,1.0
T386368,R024,2026-09-13T17:17:00Z,completed,3.8,1.0
T711654,R025,2026-09-13T17:17:00Z,completed,1.2,1.0
T315853,R023,2026-09-13T17:29:00Z,completed,2.1,1.0
T500272,R014,2026-09-13T17:50:00Z,completed,10.7,1.0
T863402,R040,2026-09-13T17:50:00Z,completed,1.3,1.0
T652555,R023,2026-09-13T17:59:00Z,completed,5.1,1.0
T236109,R024,2026-09-13T18:02:00Z,completed,9.3,1.0
T701097,R040,2026-09-13T18:19:00Z,completed,11.1,1.0
T524828,R040,2026-09-13T18:45:00Z,completed,3.8,1.2
T771297,R014,2026-09-13T18:45:00Z,completed,3.8,1.0
T550726,R040,2026-09-13T19:12:00Z,completed,3.2,1.0
T192499,R014,2026-09-13T19:25:00Z,completed,3.3,1.0
T779121,R040,2026-09-13T19:46:00Z,completed,2.1,1.0
T741080,R040,2026-09-13T20:15:00Z,completed,2.4,1.0
T415041,R040,2026-09-13T21:05:00Z,completed,8.1,1.0
T434732,R026,2026-09-14T02:30:00Z,completed,5.0,1.0
T963854,R019,2026-09-14T03:00:00Z,completed,5.2,1.0
T732331,R026,2026-09-14T03:13:00Z,completed,1.2,1.0
T164710,R013,2026-09-14T03:20:00Z,cancelled_by_customer,4.9,1.0
T688660,R012,2026-09-14T03:20:00Z,completed,4.2,1.0
T105272,R015,2026-09-14T03:30:00Z,completed,6.0,1.5
T522954,R034,2026-09-14T03:30:00Z,completed,6.3,1.0
T441197,R036,2026-09-14T03:40:00Z,completed,4.3,1.0
T602217,R038,2026-09-14T03:40:00Z,completed,7.2,1.0
T829918,R012,2026-09-14T03:45:00Z,completed,2.3,1.0
T734867,R026,2026-09-14T03:49:00Z,completed,4.2,1.0
T442096,R017,2026-09-14T03:50:00Z,completed,3.3,1.0
T601799,R019,2026-09-14T03:50:00Z,completed,1.0,1.0
T951013,R034,2026-09-14T03:58:00Z,completed,9.9,1.0
T654298,R018,2026-09-14T04:00:00Z,completed,5.0,1.0
T912937,R015,2026-09-14T04:00:00Z,completed,2.5,1.0
T627458,R038,2026-09-14T04:09:00Z,completed,4.5,1.0
T158394,R009,2026-09-14T04:10:00Z,completed,1.3,1.0
T506104,R032,2026-09-14T04:10:00Z,completed,9.5,1.0
T265465,R013,2026-09-14T04:12:00Z,completed,6.9,1.0
T525647,R021,2026-09-14T04:15:00Z,completed,2.5,1.0
T279565,R017,2026-09-14T04:16:00Z,cancelled_by_rider,5.4,1.0
T987306,R006,2026-09-14T04:20:00Z,completed,4.9,1.0
T976890,R026,2026-09-14T04:22:00Z,completed,10.1,1.0
T305053,R036,2026-09-14T04:24:00Z,completed,4.6,1.2
T504785,R012,2026-09-14T04:25:00Z,completed,3.8,1.0
T232980,r19,2026-09-14T04:33:00Z,completed,10.5,1.0
T189272,R015,2026-09-14T04:34:00Z,completed,5.7,1.0
T189191,R035,2026-09-14T04:40:00Z,completed,1.6,1.0
T658904,R011,2026-09-14T04:40:00Z,completed,0.9,1.0
T916477,R022,2026-09-14T04:40:00Z,completed,3.7,1.0
T716594,R021,2026-09-14T04:46:00Z,completed,5.8,1.0
T213016,R018,2026-09-14T04:47:00Z,completed,6.6,1.0
T267632,R034,2026-09-14T04:48:00Z,completed,11.1,1.2
T918781,R013,2026-09-14T04:48:00Z,completed,10.8,1.0
T416698,R038,2026-09-14T04:49:00Z,completed,7.3,1.0
T198610,R032,2026-09-14T04:50:00Z,completed,5.6,1.0
T466563,R028,2026-09-14T04:50:00Z,completed,10.5,1.0
T843478,R010,2026-09-14T04:50:00Z,completed,4.3,1.0
T292205,R017,2026-09-14T04:52:00Z,completed,2.1,1.0
T292185,R036,2026-09-14T04:53:00Z,completed,8.4,1.0
T506434,R006,2026-09-14T04:57:00Z,completed,6.9,1.0
T949250,R039,2026-09-14T05:00:00Z,cancelled_by_rider,10.4,1.0
T952989,R009,2026-09-14T05:03:00Z,cancelled_by_rider,6.0,1.0
T857030,R011,2026-09-14T05:06:00Z,completed,10.7,1.0
T600524,R002,2026-09-14T05:10:00Z,completed,3.1,1.0
T652178,R007,2026-09-14T05:10:00Z,completed,6.5,1.0
T720618,R016,2026-09-14T05:10:00Z,completed,4.2,1.0
T754913,R037,2026-09-14T05:10:00Z,completed,9.3,1.0
T241800,R012,2026-09-14T05:12:00Z,completed,3.6,1.0
T214009,R015,2026-09-14T05:13:00Z,completed,5.4,1.0
T479650,R028,2026-09-14T05:18:00Z,completed,9.4,1.0
T412195,R036,2026-09-14T05:19:00Z,completed,6.4,1.0
T420782,R003,2026-09-14T05:20:00Z,completed,4.3,1.0
T698721,R035,2026-09-14T05:24:00Z,completed,10.9,1.0
T924374,R026,2026-09-14T05:24:00Z,cancelled_by_customer,7.7,1.0
T389478,R019,2026-09-14T05:25:00Z,completed,2.6,1.0
T923883,R022,2026-09-14T05:25:00Z,completed,2.5,1.0
T412409,R034,2026-09-14T05:27:00Z,completed,9.8,1.2
T429144,R030,2026-09-14T05:30:00Z,completed,10.0,1.0
T526075,R031,2026-09-14T05:30:00Z,completed,11.3,1.0
T605471,R039,2026-09-14T05:33:00Z,completed,7.3,1.0
T291977,R021,2026-09-14T05:37:00Z,completed,1.1,1.0
T363745,R013,2026-09-14T05:37:00Z,completed,9.8,1.0
T853229,R7,2026-09-14T05:37:00Z,completed,2.8,1.0
T665835,R017,2026-09-14T05:38:00Z,completed,10.0,1.0
T962479,R032,2026-09-14T05:38:00Z,cancelled_by_customer,10.5,1.0
T513445,R018,2026-09-14T05:40:00Z,completed,1.3,1.0
T280267,R010,2026-09-14T05:41:00Z,completed,1.7,1.0
T914804,R009,2026-09-14T05:41:00Z,completed,10.3,1.0
T154397,R038,2026-09-14T05:42:00Z,completed,8.8,1.0
T352303,R006,2026-09-14T05:43:00Z,completed,5.1,1.0
T108936,R037,2026-09-14T05:44:00Z,cancelled_by_customer,4.1,1.0
T979435,R012,2026-09-14T05:47:00Z,completed,10.8,1.0
T786856,R011,2026-09-14T05:48:00Z,completed,1.0,1.0
T596423,R036,2026-09-14T05:52:00Z,completed,6.5,1.0
T396216,R015,2026-09-14T05:54:00Z,completed,7.9,1.0
T342076,R003,2026-09-14T05:56:00Z,completed,9.3,1.0
T544450,R031,2026-09-14T05:58:00Z,completed,1.1,1.0
T869327,R016,2026-09-14T05:58:00Z,completed,4.0,1.2
T429455,R028,2026-09-14T06:01:00Z,completed,5.5,1.0
T564259,R035,2026-09-14T06:03:00Z,completed,2.4,1.0
T771196,R026,2026-09-14T06:03:00Z,completed,7.2,1.0
T444849,R002,2026-09-14T06:04:00Z,completed,2.2,1.0
T660998,R019,2026-09-14T06:06:00Z,completed,2.3,1.0
T150224,R038,2026-09-14T06:07:00Z,completed,7.1,1.0
T372664,R033,2026-09-14T06:10:00Z,completed,9.1,1.0
T462523,R020,2026-09-14T06:10:00Z,completed,1.3,1.0
T979652,R034,2026-09-14T06:11:00Z,completed,2.6,1.0
T793407,R022,2026-09-14T06:13:00Z,completed,1.6,1.0
T794711,R032,2026-09-14T06:14:00Z,completed,1.8,1.0
T274400,R039,2026-09-14T06:15:00Z,completed,3.9,1.0
T383538,R017,2026-09-14T06:15:00Z,completed,8.2,1.0
T203994,R030,2026-09-14T06:19:00Z,cancelled_by_rider,3.2,1.0
T323730,R007,2026-09-14T06:20:00Z,completed,10.8,1.0
T721187,R011,2026-09-14T06:22:00Z,completed,5.4,1.0
T347141,R021,2026-09-14T06:24:00Z,completed,3.9,1.2
T542171,R012,2026-09-14T06:25:00Z,completed,5.4,1.0
T105224,R003,2026-09-14T06:26:00Z,completed,1.6,1.0
T147784,R009,2026-09-14T06:27:00Z,completed,6.5,1.0
T311162,R010,2026-09-14T06:28:00Z,completed,8.9,1.0
T821695,R013,2026-09-14T06:29:00Z,completed,5.6,1.0
T217800,R037,2026-09-14T06:30:00Z,completed,5.6,1.0
T668540,R015,2026-09-14T06:32:00Z,completed,3.9,1.0
T106240,R002,2026-09-14T06:33:00Z,completed,6.3,1.0
T492845,R018,2026-09-14T06:33:00Z,completed,6.3,1.2
T880809,R036,2026-09-14T06:35:00Z,completed,5.9,1.2
T274505,R016,2026-09-14T06:36:00Z,completed,5.2,1.0
T167237,R033,2026-09-14T06:39:00Z,cancelled_by_rider,4.2,1.0
T412667,R039,2026-09-14T06:43:00Z,completed,6.4,1.0
T984420,R031,2026-09-14T06:45:00Z,completed,9.1,1.2
T494403,R017,2026-09-14T06:48:00Z,cancelled_by_rider,9.4,1.0
T728129,R7,2026-09-14T06:49:00Z,completed,2.9,1.0
T901344,R030,2026-09-14T06:50:00Z,completed,5.7,1.2
T175228,R026,2026-09-14T06:53:00Z,completed,10.1,1.0
T514300,R035,2026-09-14T06:55:00Z,completed,6.0,1.0
T701752,R006,2026-09-14T06:58:00Z,completed,2.8,1.2
T562625,R038,2026-09-14T06:59:00Z,completed,6.9,1.0
T358158,R012,2026-09-14T07:00:00Z,completed,1.8,1.5
T581196,R013,2026-09-14T07:00:00Z,completed,5.5,1.0
T756727,R008,2026-09-14T07:00:00Z,completed,7.1,1.0
T167633,r19,2026-09-14T07:01:00Z,completed,3.6,1.5
T275444,R020,2026-09-14T07:01:00Z,completed,4.1,1.0
T938982,R003,2026-09-14T07:01:00Z,completed,2.8,1.0
T778481,R032,2026-09-14T07:02:00Z,completed,6.0,1.2
T559660,R015,2026-09-14T07:03:00Z,completed,1.8,1.0
T435400,R034,2026-09-14T07:04:00Z,completed,10.5,1.2
T614981,R022,2026-09-14T07:08:00Z,completed,7.6,1.0
T150356,R011,2026-09-14T07:09:00Z,completed,9.5,1.2
T158916,R018,2026-09-14T07:09:00Z,completed,9.0,1.0
T389848,R037,2026-09-14T07:09:00Z,completed,5.9,1.0
T975520,R028,2026-09-14T07:09:00Z,completed,5.0,1.5
T594696,R009,2026-09-14T07:14:00Z,completed,2.1,1.5
T481966,R017,2026-09-14T07:15:00Z,completed,3.4,1.0
T963014,R031,2026-09-14T07:15:00Z,completed,1.1,1.2
T239649,R021,2026-09-14T07:18:00Z,completed,6.6,1.0
T727857,R010,2026-09-14T07:20:00Z,completed,2.1,1.0
T465558,R030,2026-09-14T07:22:00Z,completed,6.3,1.0
T929559,R039,2026-09-14T07:23:00Z,completed,7.5,1.2
T361814,R016,2026-09-14T07:24:00Z,completed,6.0,1.5
T825427,R026,2026-09-14T07:24:00Z,cancelled_by_customer,9.6,1.0
T955153,R002,2026-09-14T07:25:00Z,completed,6.6,1.5
T261906,R033,2026-09-14T07:32:00Z,completed,6.6,1.2
T743493,R034,2026-09-14T07:32:00Z,completed,10.1,1.2
T451181,R015,2026-09-14T07:33:00Z,completed,4.6,1.0
T116032,R008,2026-09-14T07:36:00Z,completed,10.0,1.2
T225941,R022,2026-09-14T07:36:00Z,completed,1.3,1.0
T313834,R003,2026-09-14T07:37:00Z,cancelled_by_rider,11.2,1.2
T594114,R007,2026-09-14T07:37:00Z,completed,9.8,1.0
T617631,R020,2026-09-14T07:39:00Z,completed,1.5,1.0
T979604,R032,2026-09-14T07:40:00Z,cancelled_by_customer,7.0,1.5
T801482,R006,2026-09-14T07:42:00Z,completed,6.1,1.0
T767445,R012,2026-09-14T07:43:00Z,completed,10.8,1.0
T388992,R028,2026-09-14T07:44:00Z,completed,4.3,1.0
T764225,r19,2026-09-14T07:44:00Z,completed,10.2,1.0
T966360,R035,2026-09-14T07:48:00Z,completed,1.0,1.0
T233519,R026,2026-09-14T07:49:00Z,completed,9.5,1.0
T910949,R030,2026-09-14T07:49:00Z,completed,5.2,1.5
T153724,R017,2026-09-14T07:52:00Z,completed,11.3,1.0
T359290,R013,2026-09-14T07:52:00Z,completed,10.7,1.2
T637877,R031,2026-09-14T07:52:00Z,completed,6.1,1.2
T114016,R010,2026-09-14T07:57:00Z,completed,10.7,1.0
T187861,R011,2026-09-14T07:59:00Z,completed,3.3,1.2
T302128,R037,2026-09-14T07:59:00Z,completed,8.0,1.5
T536417,R018,2026-09-14T07:59:00Z,completed,6.1,1.5
T602820,R016,2026-09-14T08:01:00Z,completed,9.0,1.0
T919251,R033,2026-09-14T08:02:00Z,cancelled_by_customer,5.3,1.0
T896350,R009,2026-09-14T08:04:00Z,completed,11.1,1.0
T596182,R039,2026-09-14T08:07:00Z,completed,5.1,1.0
T227201,R021,2026-09-14T08:08:00Z,completed,7.0,1.0
T111477,R034,2026-09-14T08:09:00Z,completed,1.2,1.0
T727465,R028,2026-09-14T08:09:00Z,completed,3.7,1.0
T447274,R012,2026-09-14T08:10:00Z,completed,6.0,1.0
T806817,R015,2026-09-14T08:10:00Z,completed,6.0,1.0
T442930,R008,2026-09-14T08:11:00Z,completed,8.8,1.2
T157800,R022,2026-09-14T08:15:00Z,completed,9.3,1.5
T340518,R002,2026-09-14T08:16:00Z,completed,10.3,1.2
T129394,R003,2026-09-14T08:17:00Z,completed,2.7,1.2
T587226,R007,2026-09-14T08:21:00Z,completed,3.6,1.0
T683886,R019,2026-09-14T08:22:00Z,completed,1.2,1.0
T257044,R031,2026-09-14T08:25:00Z,completed,1.9,1.0
T595176,R006,2026-09-14T08:25:00Z,completed,8.6,1.0
T274209,R013,2026-09-14T08:26:00Z,completed,4.2,1.0
T225362,R018,2026-09-14T08:27:00Z,completed,2.9,1.0
T275422,R030,2026-09-14T08:28:00Z,completed,9.4,1.0
T730506,R020,2026-09-14T08:31:00Z,completed,2.2,1.0
T591229,R017,2026-09-14T08:32:00Z,completed,0.9,1.0
T222794,R033,2026-09-14T08:35:00Z,completed,7.1,1.0
T793885,R008,2026-09-14T08:41:00Z,completed,4.3,1.0
T629924,R035,2026-09-14T08:42:00Z,completed,2.0,1.0
T296958,R010,2026-09-14T08:44:00Z,completed,5.0,1.0
T445854,R026,2026-09-14T08:44:00Z,completed,3.9,1.0
T994961,R011,2026-09-14T08:44:00Z,completed,1.6,1.0
T352397,R007,2026-09-14T08:48:00Z,cancelled_by_rider,5.4,1.0
T601993,R009,2026-09-14T08:50:00Z,completed,2.2,1.0
T332305,R002,2026-09-14T08:51:00Z,completed,1.3,1.0
T339040,R022,2026-09-14T08:52:00Z,completed,10.9,1.0
T207191,R006,2026-09-14T08:53:00Z,completed,4.5,1.0
T232371,R021,2026-09-14T08:53:00Z,completed,4.3,1.0
T244775,R028,2026-09-14T08:53:00Z,completed,3.2,1.0
T830576,R034,2026-09-14T08:54:00Z,completed,9.3,1.0
T906408,R037,2026-09-14T08:54:00Z,completed,10.7,1.0
T114969,r19,2026-09-14T08:55:00Z,completed,5.6,1.0
T740184,R016,2026-09-14T08:56:00Z,completed,1.4,1.0
T905683,R039,2026-09-14T08:56:00Z,completed,8.2,1.0
T938696,R031,2026-09-14T08:57:00Z,completed,10.6,1.0
T588050,R017,2026-09-14T08:58:00Z,completed,8.9,1.0
T541372,R012,2026-09-14T08:59:00Z,completed,2.9,1.0
T969760,R033,2026-09-14T09:01:00Z,completed,0.9,1.0
T328568,R020,2026-09-14T09:04:00Z,completed,2.6,1.0
T488562,R003,2026-09-14T09:05:00Z,completed,3.0,1.0
T794142,R035,2026-09-14T09:15:00Z,completed,5.4,1.0
T436575,R030,2026-09-14T09:19:00Z,completed,4.3,1.0
T623824,R022,2026-09-14T09:20:00Z,completed,1.5,1.0
T414238,R026,2026-09-14T09:21:00Z,completed,6.7,1.0
T565955,R013,2026-09-14T09:21:00Z,completed,2.2,1.0
T120306,R002,2026-09-14T09:24:00Z,completed,3.6,1.0
T753073,R037,2026-09-14T09:25:00Z,completed,2.7,1.0
T975745,R034,2026-09-14T09:25:00Z,completed,9.7,1.0
T257702,R012,2026-09-14T09:27:00Z,cancelled_by_customer,3.3,1.0
T573378,R031,2026-09-14T09:27:00Z,completed,0.9,1.0
T544186,R021,2026-09-14T09:28:00Z,cancelled_by_customer,5.2,1.0
T388026,R009,2026-09-14T09:29:00Z,completed,7.9,1.0
T491573,R016,2026-09-14T09:29:00Z,completed,10.8,1.0
T401919,R008,2026-09-14T09:34:00Z,completed,4.8,1.2
T199753,R007,2026-09-14T09:38:00Z,cancelled_by_rider,4.7,1.0
T371615,R010,2026-09-14T09:38:00Z,completed,5.4,1.0
T653507,R011,2026-09-14T09:39:00Z,completed,5.3,1.0
T836263,R019,2026-09-14T09:39:00Z,completed,8.0,1.0
T822583,R028,2026-09-14T09:40:00Z,completed,6.6,1.0
T250674,R006,2026-09-14T09:41:00Z,completed,8.3,1.0
T130887,R020,2026-09-14T09:45:00Z,completed,6.4,1.0
T364201,R033,2026-09-14T09:47:00Z,completed,7.5,1.0
T541101,R035,2026-09-14T09:47:00Z,completed,8.1,1.0
T183144,R017,2026-09-14T09:50:00Z,completed,1.0,1.0
T321614,R013,2026-09-14T09:52:00Z,cancelled_by_customer,1.3,1.0
T261109,R016,2026-09-14T09:56:00Z,completed,10.5,1.0
T750778,R030,2026-09-14T09:57:00Z,completed,8.2,1.0
T724692,R002,2026-09-14T09:58:00Z,completed,10.8,1.0
T874844,R008,2026-09-14T09:59:00Z,completed,3.8,1.0
T255505,R003,2026-09-14T10:00:00Z,completed,1.4,1.0
T884588,R021,2026-09-14T10:05:00Z,completed,4.0,1.0
T752613,R012,2026-09-14T10:07:00Z,completed,1.1,1.0
T968361,R022,2026-09-14T10:07:00Z,completed,8.9,1.0
T210160,R031,2026-09-14T10:14:00Z,cancelled_by_customer,8.6,1.0
T904337,R009,2026-09-14T10:15:00Z,completed,3.9,1.0
T529425,R034,2026-09-14T10:16:00Z,completed,6.8,1.0
T273952,R007,2026-09-14T10:17:00Z,cancelled_by_customer,10.3,1.0
T403843,R037,2026-09-14T10:17:00Z,completed,9.6,1.0
T488050,R030,2026-09-14T10:25:00Z,completed,6.0,1.0
T605744,R020,2026-09-14T10:25:00Z,completed,11.1,1.0
T360218,R016,2026-09-14T10:26:00Z,cancelled_by_customer,2.6,1.0
T866988,R006,2026-09-14T10:26:00Z,completed,9.8,1.0
T672194,R011,2026-09-14T10:27:00Z,cancelled_by_customer,7.7,1.0
T497757,R033,2026-09-14T10:30:00Z,completed,5.0,1.0
T463811,R035,2026-09-14T10:33:00Z,completed,4.9,1.2
T909114,R013,2026-09-14T10:35:00Z,completed,9.0,1.0
T110937,R012,2026-09-14T10:36:00Z,completed,8.2,1.0
T436073,R017,2026-09-14T10:36:00Z,completed,9.9,1.0
T815781,R002,2026-09-14T10:37:00Z,completed,3.9,1.0
T661658,R008,2026-09-14T10:42:00Z,completed,8.3,1.0
T260578,R031,2026-09-14T10:43:00Z,completed,7.4,1.0
T354747,R010,2026-09-14T10:45:00Z,cancelled_by_rider,2.8,1.0
T806595,R021,2026-09-14T10:48:00Z,completed,9.0,1.0
T739702,R037,2026-09-14T10:50:00Z,completed,10.9,1.0
T227148,R022,2026-09-14T10:54:00Z,completed,7.3,1.0
T988010,R035,2026-09-14T11:00:00Z,completed,10.9,1.0
T535354,R007,2026-09-14T11:02:00Z,completed,4.5,1.0
T641286,R034,2026-09-14T11:03:00Z,completed,6.6,1.0
T375973,R016,2026-09-14T11:04:00Z,completed,4.2,1.0
T203908,R011,2026-09-14T11:05:00Z,completed,6.0,1.0
T189842,R017,2026-09-14T11:06:00Z,completed,2.5,1.0
T896851,R006,2026-09-14T11:10:00Z,completed,2.2,1.0
T303737,R010,2026-09-14T11:12:00Z,completed,6.7,1.0
T159075,R028,2026-09-14T11:16:00Z,completed,9.5,1.0
T143848,R021,2026-09-14T11:18:00Z,cancelled_by_rider,3.7,1.0
T510872,R030,2026-09-14T11:18:00Z,completed,11.1,1.0
T304720,R020,2026-09-14T11:19:00Z,completed,8.9,1.0
T798006,R031,2026-09-14T11:21:00Z,cancelled_by_customer,5.3,1.2
T937798,R008,2026-09-14T11:21:00Z,completed,7.3,1.0
T284175,R033,2026-09-14T11:23:00Z,completed,6.0,1.0
T580529,R012,2026-09-14T11:23:00Z,completed,2.4,1.0
T389419,R013,2026-09-14T11:26:00Z,completed,9.1,1.0
T615801,R022,2026-09-14T11:27:00Z,completed,1.6,1.0
T280643,R023,2026-09-14T11:30:00Z,completed,5.5,1.0
T264055,R017,2026-09-14T11:31:00Z,completed,8.0,1.0
T313004,R037,2026-09-14T11:35:00Z,completed,10.1,1.0
T374456,R024,2026-09-14T11:40:00Z,completed,0.9,1.0
T649550,R034,2026-09-14T11:41:00Z,completed,9.3,1.0
T715105,R011,2026-09-14T11:43:00Z,completed,1.6,1.0
T799486,R010,2026-09-14T11:48:00Z,completed,5.3,1.0
T411115,R031,2026-09-14T11:49:00Z,completed,1.5,1.0
T393405,R033,2026-09-14T11:50:00Z,completed,8.9,1.0
T899085,R016,2026-09-14T11:50:00Z,completed,10.6,1.0
T453234,R030,2026-09-14T11:58:00Z,cancelled_by_rider,1.5,1.0
T989450,R013,2026-09-14T12:02:00Z,completed,6.4,1.0
T441475,R037,2026-09-14T12:03:00Z,completed,1.0,1.0
T181343,R008,2026-09-14T12:05:00Z,completed,8.9,1.0
T335282,R006,2026-09-14T12:12:00Z,cancelled_by_customer,1.5,1.0
T205574,R012,2026-09-14T12:15:00Z,completed,2.9,1.0
T396262,R023,2026-09-14T12:15:00Z,completed,3.1,1.0
T573822,R022,2026-09-14T12:18:00Z,completed,9.3,1.0
T637680,R024,2026-09-14T12:18:00Z,completed,5.8,1.2
T485025,R017,2026-09-14T12:22:00Z,completed,2.1,1.0
T835597,R010,2026-09-14T12:22:00Z,completed,7.9,1.2
T129116,R031,2026-09-14T12:25:00Z,completed,3.5,1.0
T493818,R016,2026-09-14T12:25:00Z,completed,11.2,1.0
T649961,R011,2026-09-14T12:27:00Z,completed,2.1,1.0
T768643,R025,2026-09-14T12:30:00Z,completed,6.2,1.0
T557964,R030,2026-09-14T12:31:00Z,cancelled_by_customer,10.8,1.0
T448723,R034,2026-09-14T12:36:00Z,completed,4.0,1.0
T395348,R028,2026-09-14T12:40:00Z,completed,4.3,1.0
T761613,R023,2026-09-14T12:42:00Z,completed,3.3,1.0
T557933,R008,2026-09-14T12:48:00Z,completed,1.4,1.2
T915327,R031,2026-09-14T12:50:00Z,completed,4.3,1.0
T283299,R013,2026-09-14T12:53:00Z,completed,10.7,1.0
T821924,R016,2026-09-14T12:53:00Z,completed,10.5,1.0
T160711,R037,2026-09-14T12:57:00Z,completed,9.8,1.0
T418471,R025,2026-09-14T12:59:00Z,completed,7.6,1.0
T476716,R022,2026-09-14T13:04:00Z,completed,8.7,1.0
T872421,R024,2026-09-14T13:04:00Z,completed,2.7,1.0
T336645,R011,2026-09-14T13:06:00Z,completed,4.3,1.0
T334409,R023,2026-09-14T13:09:00Z,cancelled_by_rider,4.5,1.0
T522962,R030,2026-09-14T13:13:00Z,completed,1.0,1.0
T100381,R028,2026-09-14T13:24:00Z,completed,10.4,1.0
T401975,R025,2026-09-14T13:29:00Z,completed,3.0,1.0
T906454,R022,2026-09-14T13:30:00Z,completed,3.3,1.2
T453183,R023,2026-09-14T13:37:00Z,completed,10.7,1.0
T702588,R013,2026-09-14T13:39:00Z,cancelled_by_rider,7.7,1.0
T750776,R024,2026-09-14T13:46:00Z,completed,11.1,1.0
T320327,R037,2026-09-14T13:47:00Z,completed,1.0,1.0
T317858,R030,2026-09-14T13:52:00Z,completed,11.2,1.5
T563198,R011,2026-09-14T13:55:00Z,completed,5.8,1.0
T108660,R008,2026-09-14T13:58:00Z,completed,1.9,1.0
T268812,R023,2026-09-14T14:02:00Z,completed,1.9,1.0
T749569,R025,2026-09-14T14:03:00Z,completed,3.1,1.2
T921722,R023,2026-09-14T14:28:00Z,completed,9.1,1.0
T397528,R024,2026-09-14T14:30:00Z,completed,1.4,1.0
T970383,R011,2026-09-14T14:31:00Z,completed,7.2,1.2
T337426,R030,2026-09-14T14:41:00Z,completed,7.8,1.0
T108972,R025,2026-09-14T14:58:00Z,completed,9.6,1.5
T919772,R023,2026-09-14T14:59:00Z,completed,10.9,1.0
T821805,R024,2026-09-14T15:01:00Z,completed,11.3,1.5
T581690,R025,2026-09-14T15:32:00Z,completed,3.4,1.2
T238706,R024,2026-09-14T15:38:00Z,cancelled_by_customer,9.4,1.2
T174397,R023,2026-09-14T15:42:00Z,completed,9.2,1.0
T584362,R024,2026-09-14T16:04:00Z,completed,11.2,1.0
T771029,R023,2026-09-14T16:22:00Z,completed,6.4,1.0
T224932,R024,2026-09-14T16:34:00Z,completed,2.8,1.0
T443290,R023,2026-09-14T16:51:00Z,completed,7.0,1.0
T894541,R023,2026-09-14T17:16:00Z,completed,4.3,1.0
T257662,R024,2026-09-14T17:20:00Z,completed,6.8,1.0
T900820,R023,2026-09-14T17:49:00Z,completed,0.9,1.0
T117245,R024,2026-09-14T18:12:00Z,completed,6.5,1.0
T155023,R024,2026-09-14T19:07:00Z,completed,10.6,1.0
T916823,R024,2026-09-14T19:57:00Z,completed,1.2,1.0
T359628,R024,2026-09-14T20:31:00Z,completed,1.2,1.0
T851978,R012,2026-09-15T02:50:00Z,completed,5.7,1.0
T932468,R032,2026-09-15T02:50:00Z,completed,3.3,1.0
T140104,R005,2026-09-15T03:00:00Z,completed,8.8,1.0
T309477,R028,2026-09-15T03:10:00Z,completed,4.2,1.0
T756458,R009,2026-09-15T03:10:00Z,completed,7.5,1.0
T777018,R018,2026-09-15T03:10:00Z,completed,8.1,1.0
T523517,R035,2026-09-15T03:20:00Z,completed,2.9,1.0
T693736,R012,2026-09-15T03:23:00Z,completed,1.3,1.0
T702035,R032,2026-09-15T03:37:00Z,completed,8.5,1.0
T650448,R016,2026-09-15T03:40:00Z,completed,8.7,1.0
T101901,R005,2026-09-15T03:41:00Z,completed,4.1,1.0
T612079,R034,2026-09-15T03:50:00Z,completed,11.1,1.0
T864333,R009,2026-09-15T03:53:00Z,completed,10.3,1.0
T716838,R018,2026-09-15T03:55:00Z,completed,9.8,1.0
T739377,R028,2026-09-15T03:57:00Z,completed,9.2,1.0
T581934,R013,2026-09-15T04:00:00Z,completed,7.9,1.0
T605255,R037,2026-09-15T04:00:00Z,completed,5.4,1.0
T629243,R020,2026-09-15T04:00:00Z,completed,7.3,1.0
T696234,R012,2026-09-15T04:02:00Z,completed,11.5,1.0
T477099,R035,2026-09-15T04:03:00Z,completed,4.9,1.0
T694610,R016,2026-09-15T04:05:00Z,completed,11.4,1.0
T102515,R005,2026-09-15T04:08:00Z,completed,2.3,1.2
T554967,R032,2026-09-15T04:12:00Z,completed,4.5,1.0
T199078,R022,2026-09-15T04:20:00Z,completed,4.8,1.0
T601509,R020,2026-09-15T04:26:00Z,completed,2.7,1.0
T791387,R012,2026-09-15T04:29:00Z,completed,1.5,1.0
T527520,R018,2026-09-15T04:36:00Z,completed,5.9,1.0
T681931,R005,2026-09-15T04:37:00Z,completed,3.4,1.0
T241181,R029,2026-09-15T04:40:00Z,completed,9.3,1.0
T308836,R027,2026-09-15T04:40:00Z,completed,5.0,1.0
T441643,R034,2026-09-15T04:41:00Z,completed,7.1,1.0
T909621,R009,2026-09-15T04:42:00Z,completed,6.1,1.0
T763425,R032,2026-09-15T04:48:00Z,completed,7.1,1.0
T502346,R028,2026-09-15T04:49:00Z,completed,7.4,1.0
T481178,R013,2026-09-15T04:52:00Z,completed,11.0,1.0
T792066,R037,2026-09-15T04:55:00Z,completed,5.1,1.0
T735074,R035,2026-09-15T04:56:00Z,completed,11.2,1.0
T988181,R016,2026-09-15T05:00:00Z,completed,1.5,1.0
T108177,R018,2026-09-15T05:02:00Z,completed,3.2,1.0
T874916,R020,2026-09-15T05:04:00Z,completed,8.7,1.0
T876483,R034,2026-09-15T05:07:00Z,completed,6.4,1.0
T485135,R012,2026-09-15T05:08:00Z,completed,4.8,1.0
T734001,R022,2026-09-15T05:08:00Z,completed,4.4,1.0
T690943,R027,2026-09-15T05:10:00Z,completed,4.4,1.0
T963842,R036,2026-09-15T05:10:00Z,completed,3.4,1.0
T726235,R009,2026-09-15T05:15:00Z,completed,5.9,1.0
T708683,R021,2026-09-15T05:20:00Z,completed,10.8,1.0
T462819,R032,2026-09-15T05:21:00Z,completed,1.3,1.0
T443417,R005,2026-09-15T05:25:00Z,completed,6.9,1.0
T571955,R016,2026-09-15T05:26:00Z,completed,8.4,1.0
T417151,R019,2026-09-15T05:30:00Z,completed,10.5,1.0
T146240,R029,2026-09-15T05:32:00Z,completed,2.6,1.0
T776905,R022,2026-09-15T05:35:00Z,completed,7.3,1.0
T935357,R035,2026-09-15T05:35:00Z,cancelled_by_rider,3.2,1.0
T368902,R028,2026-09-15T05:36:00Z,completed,4.5,1.0
T397437,R018,2026-09-15T05:38:00Z,completed,5.3,1.0
T226045,R011,2026-09-15T05:40:00Z,completed,9.1,1.0
T277573,R031,2026-09-15T05:40:00Z,completed,5.5,1.0
T749874,R010,2026-09-15T05:40:00Z,completed,9.3,1.0
T234363,R013,2026-09-15T05:44:00Z,completed,4.4,1.0
T782494,R034,2026-09-15T05:44:00Z,completed,10.9,1.0
T848680,R012,2026-09-15T05:46:00Z,completed,2.0,1.0
T797521,R037,2026-09-15T05:49:00Z,completed,3.3,1.0
T715145,R021,2026-09-15T05:50:00Z,completed,0.8,1.0
T404686,R036,2026-09-15T05:53:00Z,cancelled_by_customer,3.5,1.0
T439370,R005,2026-09-15T05:54:00Z,completed,5.6,1.0
T256476,R029,2026-09-15T05:58:00Z,completed,8.4,1.0
T898842,R020,2026-09-15T05:59:00Z,completed,3.9,1.0
T384514,R003,2026-09-15T06:00:00Z,completed,3.6,1.0
T721275,R038,2026-09-15T06:00:00Z,completed,0.8,1.0
T806171,R001,2026-09-15T06:00:00Z,completed,5.5,1.0
T397804,R032,2026-09-15T06:01:00Z,completed,4.7,1.0
T394829,R027,2026-09-15T06:02:00Z,completed,2.2,1.0
T240234,R016,2026-09-15T06:06:00Z,completed,4.3,1.0
T895834,R019,2026-09-15T06:06:00Z,completed,6.5,1.0
T591464,R009,2026-09-15T06:08:00Z,completed,4.0,1.0
T575514,R031,2026-09-15T06:09:00Z,completed,5.0,1.0
T954835,R033,2026-09-15T06:10:00Z,completed,9.8,1.2
T452966,R035,2026-09-15T06:17:00Z,cancelled_by_rider,9.3,1.0
T615785,R028,2026-09-15T06:18:00Z,completed,4.0,1.0
T391541,R008,2026-09-15T06:20:00Z,completed,6.4,1.0
T842056,R030,2026-09-15T06:20:00Z,completed,6.9,1.0
T865659,R017,2026-09-15T06:20:00Z,completed,5.3,1.0
T175295,R011,2026-09-15T06:22:00Z,completed,1.9,1.0
T897485,R012,2026-09-15T06:22:00Z,completed,10.4,1.0
T456069,R034,2026-09-15T06:23:00Z,cancelled_by_customer,8.3,1.0
T235052,R021,2026-09-15T06:25:00Z,completed,4.4,1.0
T542374,R027,2026-09-15T06:28:00Z,completed,11.2,1.0
T599423,R038,2026-09-15T06:28:00Z,completed,10.6,1.0
T592061,R018,2026-09-15T06:29:00Z,completed,4.7,1.0
T691167,R036,2026-09-15T06:29:00Z,completed,8.8,1.0
T859424,R029,2026-09-15T06:29:00Z,cancelled_by_customer,11.2,1.0
T161820,R010,2026-09-15T06:30:00Z,completed,7.0,1.2
T332912,R037,2026-09-15T06:30:00Z,cancelled_by_rider,6.1,1.5
T337682,R013,2026-09-15T06:31:00Z,completed,1.6,1.5
T554965,R019,2026-09-15T06:31:00Z,cancelled_by_customer,4.5,1.0
T854319,R016,2026-09-15T06:32:00Z,completed,10.7,1.0
T416413,R005,2026-09-15T06:33:00Z,completed,10.0,1.0
T461379,R020,2026-09-15T06:36:00Z,completed,1.5,1.5
T108638,R031,2026-09-15T06:38:00Z,cancelled_by_rider,8.7,1.0
T278899,R033,2026-09-15T06:38:00Z,completed,1.0,1.0
T175168,R009,2026-09-15T06:43:00Z,completed,6.3,1.2
T281726,R001,2026-09-15T06:43:00Z,completed,9.0,1.5
T395797,R003,2026-09-15T06:46:00Z,completed,4.6,1.2
T880037,R022,2026-09-15T06:50:00Z,completed,1.8,1.2
T935734,R035,2026-09-15T06:52:00Z,completed,11.5,1.0
T433348,R034,2026-09-15T06:57:00Z,completed,7.7,1.0
T689098,R037,2026-09-15T07:00:00Z,completed,7.4,1.0
T682946,R005,2026-09-15T07:01:00Z,completed,9.6,1.5
T701327,R020,2026-09-15T07:01:00Z,cancelled_by_customer,6.0,1.5
T560899,R021,2026-09-15T07:03:00Z,completed,2.2,1.0
T105535,R018,2026-09-15T07:05:00Z,cancelled_by_rider,7.5,1.0
T325665,R033,2026-09-15T07:05:00Z,completed,8.6,1.0
T411855,R028,2026-09-15T07:05:00Z,completed,9.4,1.5
T672852,R017,2026-09-15T07:07:00Z,completed,9.3,1.5
T546102,R019,2026-09-15T07:09:00Z,completed,1.0,1.2
T151431,R012,2026-09-15T07:12:00Z,completed,7.5,1.0
T166198,R029,2026-09-15T07:12:00Z,completed,5.2,1.0
T936855,R030,2026-09-15T07:12:00Z,completed,2.9,1.0
T249968,R038,2026-09-15T07:13:00Z,completed,7.2,1.5
T806885,R011,2026-09-15T07:14:00Z,completed,10.7,1.0
T610139,R008,2026-09-15T07:15:00Z,completed,5.0,1.2
T171273,R013,2026-09-15T07:18:00Z,completed,7.3,1.2
T849801,R036,2026-09-15T07:18:00Z,completed,9.7,1.0
T986095,R031,2026-09-15T07:18:00Z,completed,7.3,1.0
T591105,R009,2026-09-15T07:19:00Z,completed,10.2,1.0
T115719,R010,2026-09-15T07:21:00Z,completed,6.7,1.0
T883770,R027,2026-09-15T07:23:00Z,completed,2.5,1.0
T618118,R001,2026-09-15T07:24:00Z,cancelled_by_customer,1.0,1.0
T276623,R035,2026-09-15T07:25:00Z,completed,1.0,1.2
T591724,R016,2026-09-15T07:26:00Z,completed,9.4,1.2
T438708,R003,2026-09-15T07:27:00Z,completed,4.0,1.0
T390615,R028,2026-09-15T07:30:00Z,completed,7.7,1.2
T738955,R018,2026-09-15T07:33:00Z,completed,8.3,1.5
T153944,R005,2026-09-15T07:36:00Z,completed,8.2,1.0
T868831,R034,2026-09-15T07:38:00Z,completed,6.8,1.0
T910556,R037,2026-09-15T07:41:00Z,completed,1.6,1.2
T283896,R012,2026-09-15T07:42:00Z,completed,2.9,1.2
T569739,R022,2026-09-15T07:43:00Z,completed,5.1,1.0
T669836,R036,2026-09-15T07:45:00Z,completed,10.3,1.0
T953989,R017,2026-09-15T07:48:00Z,cancelled_by_customer,7.6,1.0
T258221,R019,2026-09-15T07:49:00Z,completed,1.1,1.5
T759616,R038,2026-09-15T07:49:00Z,completed,1.9,1.0
T182366,R001,2026-09-15T07:51:00Z,completed,5.9,1.0
T714800,R021,2026-09-15T07:51:00Z,cancelled_by_rider,6.3,1.0
T228007,R020,2026-09-15T07:52:00Z,completed,4.4,1.2
T499117,R035,2026-09-15T07:52:00Z,completed,3.7,1.2
T627367,R031,2026-09-15T07:52:00Z,completed,4.1,1.0
T913681,R016,2026-09-15T07:52:00Z,completed,1.1,1.0
T986770,R029,2026-09-15T07:54:00Z,completed,3.4,1.2
T628281,R003,2026-09-15T07:55:00Z,completed,8.9,1.5
T987300,R033,2026-09-15T07:55:00Z,completed,1.1,1.0
T185018,R011,2026-09-15T07:57:00Z,completed,8.4,1.0
T943595,R010,2026-09-15T07:59:00Z,completed,4.7,1.0
T247447,R030,2026-09-15T08:00:00Z,completed,10.6,1.0
T824822,R013,2026-09-15T08:02:00Z,completed,8.6,1.2
T502151,R028,2026-09-15T08:06:00Z,completed,2.7,1.5
T595814,R034,2026-09-15T08:06:00Z,completed,8.5,1.0
T734515,R009,2026-09-15T08:06:00Z,completed,5.8,1.2
T403503,R022,2026-09-15T08:08:00Z,completed,6.6,1.0
T498063,R008,2026-09-15T08:10:00Z,cancelled_by_rider,10.6,1.0
T298119,R027,2026-09-15T08:16:00Z,completed,5.6,1.0
T380971,R012,2026-09-15T08:20:00Z,completed,0.8,1.2
T467263,R035,2026-09-15T08:23:00Z,completed,11.1,1.5
T187035,R033,2026-09-15T08:24:00Z,completed,1.4,1.2
T608468,R031,2026-09-15T08:25:00Z,completed,9.1,1.0
T899772,R001,2026-09-15T08:28:00Z,completed,1.4,1.0
T108802,R021,2026-09-15T08:33:00Z,completed,2.2,1.0
T389457,R010,2026-09-15T08:33:00Z,completed,7.0,1.0
T557965,R037,2026-09-15T08:35:00Z,completed,4.4,1.0
T326479,R011,2026-09-15T08:36:00Z,completed,1.2,1.0
T266720,r19,2026-09-15T08:37:00Z,completed,11.4,1.0
T565390,R036,2026-09-15T08:37:00Z,completed,10.9,1.0
T148713,R016,2026-09-15T08:38:00Z,completed,10.2,1.0
T294476,R017,2026-09-15T08:39:00Z,completed,10.1,1.0
T108968,R030,2026-09-15T08:40:00Z,completed,11.2,1.0
T479969,R038,2026-09-15T08:42:00Z,completed,11.3,1.0
T139329,R003,2026-09-15T08:46:00Z,completed,6.3,1.0
T286092,R009,2026-09-15T08:47:00Z,cancelled_by_rider,11.2,1.0
T275478,R013,2026-09-15T08:49:00Z,completed,8.2,1.0
T840010,R027,2026-09-15T08:49:00Z,completed,7.8,1.0
T280893,R028,2026-09-15T08:55:00Z,completed,8.9,1.0
T799150,R035,2026-09-15T08:57:00Z,completed,2.1,1.2
T649083,R005,2026-09-15T09:01:00Z,completed,5.7,1.0
T698805,R022,2026-09-15T09:03:00Z,completed,7.9,1.0
T417947,R008,2026-09-15T09:05:00Z,completed,3.5,1.0
T747770,R016,2026-09-15T09:05:00Z,completed,5.3,1.0
T394007,R012,2026-09-15T09:08:00Z,completed,0.8,1.0
T209671,R038,2026-09-15T09:09:00Z,completed,10.9,1.0
T896002,R037,2026-09-15T09:12:00Z,completed,1.1,1.0
T536800,R031,2026-09-15T09:13:00Z,cancelled_by_rider,6.6,1.0
T982363,R011,2026-09-15T09:14:00Z,completed,8.3,1.0
T160075,R001,2026-09-15T09:15:00Z,completed,10.3,1.0
T428010,R021,2026-09-15T09:15:00Z,completed,6.2,1.0
T115545,R017,2026-09-15T09:17:00Z,completed,3.7,1.0
T732006,R033,2026-09-15T09:19:00Z,completed,5.3,1.0
T898974,R030,2026-09-15T09:19:00Z,completed,3.2,1.0
T421857,R010,2026-09-15T09:21:00Z,completed,4.4,1.0
T588662,R019,2026-09-15T09:22:00Z,completed,0.9,1.0
T174354,R003,2026-09-15T09:25:00Z,completed,9.0,1.0
T703841,R036,2026-09-15T09:26:00Z,completed,2.0,1.0
T163039,R028,2026-09-15T09:27:00Z,completed,4.3,1.0
T263093,R013,2026-09-15T09:33:00Z,completed,7.2,1.0
T710863,R012,2026-09-15T09:34:00Z,completed,7.5,1.0
T162890,R027,2026-09-15T09:35:00Z,completed,4.7,1.0
T970481,R031,2026-09-15T09:43:00Z,completed,6.4,1.0
T632152,R035,2026-09-15T09:45:00Z,completed,8.7,1.0
T778417,R008,2026-09-15T09:46:00Z,completed,10.7,1.0
T195105,R022,2026-09-15T09:50:00Z,completed,11.5,1.0
T836379,R038,2026-09-15T09:53:00Z,completed,7.2,1.0
T313566,R016,2026-09-15T09:54:00Z,completed,9.1,1.2
T125761,R001,2026-09-15T09:56:00Z,completed,4.7,1.0
T676882,R011,2026-09-15T09:56:00Z,completed,7.1,1.0
T328406,R003,2026-09-15T09:59:00Z,completed,10.9,1.0
T704343,r19,2026-09-15T10:02:00Z,completed,11.3,1.0
T977714,R037,2026-09-15T10:05:00Z,completed,4.0,1.0
T324497,R017,2026-09-15T10:08:00Z,completed,8.3,1.0
T438874,R035,2026-09-15T10:12:00Z,completed,1.5,1.0
T372553,R027,2026-09-15T10:13:00Z,completed,8.9,1.0
T769195,R013,2026-09-15T10:13:00Z,completed,8.7,1.0
T916571,R030,2026-09-15T10:14:00Z,completed,2.2,1.0
T103865,R008,2026-09-15T10:16:00Z,completed,5.0,1.0
T258260,R028,2026-09-15T10:16:00Z,completed,8.8,1.0
T331588,R016,2026-09-15T10:29:00Z,cancelled_by_customer,8.2,1.0
T201193,R031,2026-09-15T10:30:00Z,completed,8.3,1.0
T600576,R011,2026-09-15T10:31:00Z,completed,4.5,1.0
T249849,R022,2026-09-15T10:35:00Z,completed,6.1,1.0
T350024,r19,2026-09-15T10:35:00Z,completed,4.8,1.0
T838290,R017,2026-09-15T10:36:00Z,completed,4.7,1.2
T147806,R028,2026-09-15T10:41:00Z,completed,3.6,1.0
T349627,R038,2026-09-15T10:41:00Z,completed,7.5,1.0
T817162,R005,2026-09-15T10:41:00Z,completed,1.9,1.0
T310565,R030,2026-09-15T10:50:00Z,completed,11.4,1.0
T190120,R003,2026-09-15T10:53:00Z,completed,6.4,1.0
T427758,R013,2026-09-15T10:58:00Z,completed,9.4,1.0
T214274,R022,2026-09-15T11:06:00Z,completed,3.4,1.0
T822630,R035,2026-09-15T11:06:00Z,completed,7.1,1.0
T691696,R027,2026-09-15T11:07:00Z,cancelled_by_rider,7.1,1.0
T505244,R038,2026-09-15T11:18:00Z,cancelled_by_customer,10.3,1.0
T866407,R011,2026-09-15T11:21:00Z,completed,6.4,1.0
T136353,R016,2026-09-15T11:22:00Z,completed,5.7,1.0
T713627,R017,2026-09-15T11:28:00Z,completed,7.9,1.0
T183098,R023,2026-09-15T11:30:00Z,completed,5.2,1.0
T334152,R035,2026-09-15T11:34:00Z,completed,8.4,1.0
T380067,R013,2026-09-15T11:39:00Z,completed,7.4,1.0
T921797,R003,2026-09-15T11:39:00Z,completed,10.3,1.0
T583885,R022,2026-09-15T11:59:00Z,cancelled_by_customer,4.3,1.2
T775412,R038,2026-09-15T12:00:00Z,completed,2.3,1.0
T171992,R017,2026-09-15T12:05:00Z,completed,2.5,1.0
T408722,R023,2026-09-15T12:12:00Z,completed,6.3,1.0
T980512,R011,2026-09-15T12:12:00Z,completed,1.1,1.0
T428720,R040,2026-09-15T12:20:00Z,completed,8.0,1.0
T136259,R003,2026-09-15T12:31:00Z,completed,7.9,1.0
T998811,R025,2026-09-15T12:40:00Z,completed,8.9,1.0
T264394,R038,2026-09-15T12:46:00Z,completed,3.1,1.0
T426748,R017,2026-09-15T12:48:00Z,completed,7.3,1.0
T767813,R003,2026-09-15T12:58:00Z,completed,10.1,1.0
T969178,R014,2026-09-15T13:00:00Z,completed,6.8,1.0
T328658,R023,2026-09-15T13:03:00Z,completed,10.0,1.0
T848887,R025,2026-09-15T13:05:00Z,completed,9.4,1.0
T567202,R040,2026-09-15T13:08:00Z,completed,5.2,1.0
T581235,R017,2026-09-15T13:22:00Z,completed,5.6,1.0
T153773,R024,2026-09-15T13:30:00Z,completed,11.0,1.5
T831414,R003,2026-09-15T13:48:00Z,completed,3.4,1.5
T333877,R040,2026-09-15T13:55:00Z,completed,9.9,1.0
T686180,R014,2026-09-15T13:55:00Z,completed,5.8,1.2
T742678,R024,2026-09-15T13:55:00Z,completed,4.0,1.0
T319741,R025,2026-09-15T13:56:00Z,completed,6.7,1.5
T801963,R023,2026-09-15T13:58:00Z,cancelled_by_rider,8.0,1.2
T952797,R017,2026-09-15T14:04:00Z,completed,9.7,1.5
T130520,R024,2026-09-15T14:25:00Z,completed,5.6,1.5
T738831,R003,2026-09-15T14:30:00Z,completed,6.9,1.0
T417561,R040,2026-09-15T14:32:00Z,completed,0.8,1.0
T585907,R025,2026-09-15T14:32:00Z,completed,1.1,1.0
T167417,R014,2026-09-15T14:36:00Z,completed,2.3,1.0
T240471,R017,2026-09-15T14:37:00Z,completed,4.1,1.0
T694601,R023,2026-09-15T14:48:00Z,completed,4.6,1.2
T518612,R014,2026-09-15T15:08:00Z,completed,7.0,1.0
T382906,R025,2026-09-15T15:09:00Z,completed,10.5,1.0
T980610,R003,2026-09-15T15:09:00Z,completed,4.3,1.2
T970904,R040,2026-09-15T15:19:00Z,completed,6.2,1.0
T721307,R024,2026-09-15T15:20:00Z,completed,1.8,1.5
T495486,R023,2026-09-15T15:38:00Z,completed,8.4,1.0
T754901,R024,2026-09-15T15:55:00Z,completed,1.4,1.5
T900997,R025,2026-09-15T15:59:00Z,completed,4.1,1.2
T664415,R014,2026-09-15T16:00:00Z,completed,0.8,1.0
T313625,R040,2026-09-15T16:04:00Z,completed,10.2,1.0
T651314,R023,2026-09-15T16:16:00Z,cancelled_by_customer,9.6,1.0
T918572,R014,2026-09-15T16:31:00Z,completed,6.8,1.0
T660357,R040,2026-09-15T16:34:00Z,completed,10.5,1.0
T898862,R024,2026-09-15T16:44:00Z,completed,7.4,1.0
T445077,R025,2026-09-15T16:51:00Z,completed,10.4,1.0
T443941,R014,2026-09-15T16:59:00Z,completed,5.7,1.0
T150186,R023,2026-09-15T17:07:00Z,completed,7.9,1.0
T524506,R040,2026-09-15T17:23:00Z,completed,10.3,1.0
T739320,R025,2026-09-15T17:26:00Z,completed,1.7,1.0
T857736,R024,2026-09-15T17:33:00Z,completed,3.3,1.0
T649398,R014,2026-09-15T17:39:00Z,completed,8.3,1.2
T916805,R023,2026-09-15T17:50:00Z,completed,2.8,1.0
T670877,R024,2026-09-15T18:10:00Z,completed,3.9,1.0
T238496,R025,2026-09-15T18:18:00Z,completed,4.3,1.0
T963782,R040,2026-09-15T18:18:00Z,completed,10.1,1.0
T854436,R014,2026-09-15T18:19:00Z,completed,5.7,1.0
T278862,R023,2026-09-15T18:20:00Z,completed,6.3,1.0
T482297,R024,2026-09-15T18:36:00Z,completed,9.9,1.0
T723787,R025,2026-09-15T18:45:00Z,completed,11.4,1.0
T717215,R023,2026-09-15T18:53:00Z,completed,6.5,1.0
T511095,R024,2026-09-15T19:26:00Z,completed,3.7,1.0
T345727,R023,2026-09-15T19:30:00Z,completed,11.3,1.0
T192997,R023,2026-09-15T20:12:00Z,completed,3.5,1.0
T156016,R024,2026-09-15T20:18:00Z,completed,11.4,1.0
T117635,R019,2026-09-16T02:30:00Z,completed,3.4,1.0
T292822,R029,2026-09-16T02:40:00Z,completed,0.9,1.0
T576415,R006,2026-09-16T02:50:00Z,completed,9.8,1.0
T648988,R027,2026-09-16T02:50:00Z,completed,10.6,1.0
T131595,R002,2026-09-16T03:00:00Z,completed,8.0,1.0
T863829,R016,2026-09-16T03:00:00Z,completed,8.8,1.0
T106626,R019,2026-09-16T03:04:00Z,completed,6.9,1.0
T136344,R009,2026-09-16T03:10:00Z,completed,11.0,1.0
T841782,R020,2026-09-16T03:10:00Z,completed,4.4,1.0
T527820,R029,2026-09-16T03:24:00Z,completed,8.6,1.0
T306126,R039,2026-09-16T03:30:00Z,completed,6.2,1.0
T654868,R036,2026-09-16T03:30:00Z,completed,9.5,1.0
T692245,R034,2026-09-16T03:30:00Z,completed,1.4,1.0
T447250,R006,2026-09-16T03:31:00Z,completed,1.7,1.0
T637105,R019,2026-09-16T03:34:00Z,completed,6.7,1.0
T637694,R027,2026-09-16T03:38:00Z,cancelled_by_customer,7.9,1.0
T633821,R002,2026-09-16T03:39:00Z,completed,8.0,1.0
T854986,R020,2026-09-16T03:39:00Z,cancelled_by_customer,10.6,1.0
T173015,R001,2026-09-16T03:40:00Z,completed,9.5,1.0
T681172,R011,2026-09-16T03:40:00Z,completed,1.8,1.0
T263345,R016,2026-09-16T03:50:00Z,completed,10.9,1.0
T939471,R029,2026-09-16T03:55:00Z,completed,10.8,1.2
T925157,R034,2026-09-16T03:57:00Z,completed,4.8,1.0
T346764,R009,2026-09-16T04:05:00Z,completed,2.6,1.0
T434746,R036,2026-09-16T04:06:00Z,completed,1.3,1.0
T782587,R039,2026-09-16T04:07:00Z,completed,2.0,1.0
T215288,R006,2026-09-16T04:10:00Z,cancelled_by_customer,10.1,1.0
T404562,R031,2026-09-16T04:10:00Z,completed,11.1,1.0
T150777,R002,2026-09-16T04:13:00Z,completed,4.2,1.0
T890816,R020,2026-09-16T04:16:00Z,completed,4.5,1.0
T472654,R016,2026-09-16T04:17:00Z,completed,8.3,1.0
T742997,R011,2026-09-16T04:18:00Z,completed,9.3,1.0
T420819,R7,2026-09-16T04:20:00Z,completed,10.0,1.0
T334651,R001,2026-09-16T04:21:00Z,completed,6.8,1.0
T945238,r19,2026-09-16T04:25:00Z,completed,9.8,1.0
T205642,R038,2026-09-16T04:30:00Z,cancelled_by_rider,1.7,1.0
T768237,R040,2026-09-16T04:30:00Z,completed,5.1,1.0
T229168,R027,2026-09-16T04:31:00Z,completed,4.9,1.0
T990761,R006,2026-09-16T04:37:00Z,completed,3.9,1.0
T777838,R029,2026-09-16T04:38:00Z,completed,5.2,1.0
T488710,R002,2026-09-16T04:44:00Z,cancelled_by_rider,2.8,1.0
T111553,R036,2026-09-16T04:47:00Z,completed,6.1,1.0
T586859,R7,2026-09-16T04:47:00Z,completed,8.9,1.0
T130619,R034,2026-09-16T04:48:00Z,completed,2.5,1.0
T881989,R020,2026-09-16T04:51:00Z,completed,9.4,1.0
T119682,R039,2026-09-16T04:54:00Z,completed,6.6,1.0
T789819,R001,2026-09-16T05:00:00Z,completed,9.8,1.2
T983075,R009,2026-09-16T05:00:00Z,completed,7.4,1.2
T437159,R019,2026-09-16T05:03:00Z,completed,6.5,1.0
T859018,R016,2026-09-16T05:04:00Z,completed,10.8,1.0
T271056,R031,2026-09-16T05:05:00Z,completed,1.6,1.2
T962474,R004,2026-09-16T05:10:00Z,completed,4.3,1.0
T368706,R027,2026-09-16T05:14:00Z,completed,5.2,1.0
T428337,R7,2026-09-16T05:17:00Z,completed,8.2,1.0
T519983,R006,2026-09-16T05:18:00Z,completed,6.2,1.0
T716717,R040,2026-09-16T05:18:00Z,completed,5.7,1.0
T738020,R002,2026-09-16T05:19:00Z,completed,3.5,1.0
T198629,R029,2026-09-16T05:20:00Z,cancelled_by_customer,11.0,1.0
T254589,R030,2026-09-16T05:20:00Z,completed,5.4,1.0
T748267,R039,2026-09-16T05:24:00Z,completed,2.1,1.0
T662527,R038,2026-09-16T05:25:00Z,completed,3.8,1.0
T363940,R003,2026-09-16T05:30:00Z,completed,8.8,1.0
T773350,R026,2026-09-16T05:30:00Z,completed,4.0,1.0
T865762,R015,2026-09-16T05:30:00Z,completed,1.5,1.0
T347502,R036,2026-09-16T05:31:00Z,completed,1.2,1.0
T320438,R011,2026-09-16T05:32:00Z,completed,1.0,1.0
T184467,R001,2026-09-16T05:35:00Z,completed,1.7,1.0
T307352,R034,2026-09-16T05:41:00Z,completed,7.5,1.0
T847828,R009,2026-09-16T05:41:00Z,completed,2.0,1.0
T257497,R020,2026-09-16T05:45:00Z,completed,6.1,1.0
T216024,R029,2026-09-16T05:46:00Z,completed,3.6,1.0
T833395,R019,2026-09-16T05:48:00Z,completed,7.1,1.0
T159202,R007,2026-09-16T05:49:00Z,completed,7.0,1.0
T238047,R028,2026-09-16T05:50:00Z,completed,9.7,1.0
T672556,R031,2026-09-16T05:53:00Z,cancelled_by_customer,1.3,1.0
T511526,R004,2026-09-16T05:54:00Z,cancelled_by_customer,6.2,1.0
T128802,R016,2026-09-16T05:56:00Z,completed,7.1,1.0
T745220,R040,2026-09-16T05:59:00Z,completed,4.7,1.0
T435573,R017,2026-09-16T06:00:00Z,completed,4.8,1.0
T572023,R027,2026-09-16T06:00:00Z,completed,8.2,1.0
T861266,R038,2026-09-16T06:00:00Z,completed,8.8,1.0
T407799,R001,2026-09-16T06:05:00Z,completed,5.5,1.0
T221330,R039,2026-09-16T06:06:00Z,completed,3.9,1.0
T461270,R009,2026-09-16T06:08:00Z,completed,8.9,1.0
T973904,R030,2026-09-16T06:08:00Z,completed,1.3,1.0
T815179,R006,2026-09-16T06:11:00Z,completed,9.7,1.0
T900650,R002,2026-09-16T06:12:00Z,completed,9.7,1.0
T622211,R034,2026-09-16T06:13:00Z,completed,4.0,1.0
T941320,R020,2026-09-16T06:13:00Z,completed,5.3,1.0
T852317,R007,2026-09-16T06:16:00Z,completed,7.8,1.0
T115408,R026,2026-09-16T06:17:00Z,completed,8.0,1.0
T654872,R011,2026-09-16T06:17:00Z,completed,10.9,1.0
T962390,R015,2026-09-16T06:18:00Z,completed,3.8,1.0
T555414,R003,2026-09-16T06:20:00Z,completed,7.2,1.0
T119505,R004,2026-09-16T06:23:00Z,completed,2.9,1.0
T608137,R031,2026-09-16T06:24:00Z,completed,1.8,1.0
T675258,R036,2026-09-16T06:25:00Z,completed,0.9,1.0
T331532,R038,2026-09-16T06:30:00Z,completed,10.0,1.0
T436076,R001,2026-09-16T06:30:00Z,completed,5.1,1.0
T965956,R029,2026-09-16T06:32:00Z,completed,7.0,1.2
T658118,R030,2026-09-16T06:35:00Z,completed,5.6,1.0
T647694,R019,2026-09-16T06:36:00Z,completed,11.1,1.5
T833424,R028,2026-09-16T06:36:00Z,completed,10.5,1.2
T263726,R017,2026-09-16T06:37:00Z,completed,10.4,1.2
T374444,R040,2026-09-16T06:38:00Z,completed,7.0,1.5
T640038,R016,2026-09-16T06:39:00Z,completed,6.8,1.5
T577733,R027,2026-09-16T06:40:00Z,completed,11.3,1.0
T861743,R034,2026-09-16T06:41:00Z,completed,9.4,1.0
T963118,R002,2026-09-16T06:43:00Z,completed,7.7,1.0
T204360,R015,2026-09-16T06:44:00Z,completed,10.1,1.0
T863754,R039,2026-09-16T06:51:00Z,completed,13.0,1.0
T653495,R004,2026-09-16T06:53:00Z,completed,1.5,1.0
T223574,R009,2026-09-16T06:58:00Z,completed,10.3,1.2
T444590,R026,2026-09-16T07:00:00Z,completed,3.2,1.0
T369424,R038,2026-09-16T07:02:00Z,completed,9.8,1.0
T530670,R019,2026-09-16T07:03:00Z,completed,10.6,1.2
T575111,R006,2026-09-16T07:04:00Z,cancelled_by_rider,0.9,1.0
T197338,R011,2026-09-16T07:06:00Z,completed,2.9,1.0
T303625,R020,2026-09-16T07:06:00Z,completed,5.3,1.0
T396431,R028,2026-09-16T07:08:00Z,cancelled_by_rider,8.4,1.0
T257276,R040,2026-09-16T07:10:00Z,completed,1.4,1.0
T852699,R002,2026-09-16T07:11:00Z,completed,9.8,1.0
T526154,R015,2026-09-16T07:13:00Z,cancelled_by_customer,2.7,1.2
T637971,R036,2026-09-16T07:13:00Z,completed,4.6,1.5
T624124,R031,2026-09-16T07:14:00Z,completed,5.0,1.5
T103905,R016,2026-09-16T07:15:00Z,completed,9.1,1.0
T500650,R001,2026-09-16T07:16:00Z,completed,5.1,1.0
T376678,R029,2026-09-16T07:18:00Z,cancelled_by_rider,3.8,1.2
T868448,R003,2026-09-16T07:19:00Z,completed,1.8,1.2
T299909,R030,2026-09-16T07:22:00Z,completed,7.5,1.0
T551552,R027,2026-09-16T07:27:00Z,completed,3.3,1.2
T785386,R034,2026-09-16T07:28:00Z,completed,3.7,1.2
T112522,R017,2026-09-16T07:30:00Z,completed,8.0,1.2
T108187,R009,2026-09-16T07:31:00Z,completed,1.6,1.0
T888414,R020,2026-09-16T07:31:00Z,completed,10.8,1.0
T504613,R039,2026-09-16T07:32:00Z,completed,12.0,1.0
T172145,R006,2026-09-16T07:33:00Z,completed,4.3,1.0
T926335,R011,2026-09-16T07:33:00Z,completed,1.6,1.0
T655805,R038,2026-09-16T07:38:00Z,completed,7.8,1.0
T396319,R004,2026-09-16T07:42:00Z,completed,7.6,1.0
T965139,R028,2026-09-16T07:42:00Z,cancelled_by_customer,2.3,1.5
T477987,R026,2026-09-16T07:43:00Z,completed,1.1,1.2
T478122,R015,2026-09-16T07:43:00Z,completed,7.8,1.0
T465562,R036,2026-09-16T07:46:00Z,completed,10.2,1.2
T718604,R031,2026-09-16T07:46:00Z,completed,9.7,1.0
T707247,R002,2026-09-16T07:52:00Z,completed,3.3,1.0
T991369,R034,2026-09-16T07:54:00Z,completed,2.8,1.0
T329179,R001,2026-09-16T07:55:00Z,completed,1.9,1.0
T670723,R017,2026-09-16T07:56:00Z,cancelled_by_customer,9.5,1.0
T983598,R019,2026-09-16T07:56:00Z,completed,2.0,1.0
T895372,R7,2026-09-16T07:59:00Z,completed,10.0,1.0
T282251,R040,2026-09-16T08:00:00Z,completed,3.2,1.0
T727010,R027,2026-09-16T08:03:00Z,completed,4.6,1.5
T621237,R009,2026-09-16T08:05:00Z,completed,11.0,1.2
T516136,R016,2026-09-16T08:07:00Z,completed,5.8,1.2
T352070,R028,2026-09-16T08:08:00Z,completed,3.7,1.0
T105242,R029,2026-09-16T08:09:00Z,completed,11.4,1.5
T654163,R039,2026-09-16T08:12:00Z,completed,5.0,1.0
T218600,R030,2026-09-16T08:16:00Z,completed,10.1,1.2
T581633,R015,2026-09-16T08:16:00Z,completed,2.2,1.2
T980118,R038,2026-09-16T08:18:00Z,completed,11.2,1.0
T697574,R003,2026-09-16T08:20:00Z,cancelled_by_customer,8.1,1.0
T570375,R020,2026-09-16T08:22:00Z,completed,4.1,1.0
T900651,R019,2026-09-16T08:22:00Z,completed,6.2,1.0
T888695,R036,2026-09-16T08:23:00Z,cancelled_by_customer,6.7,1.5
T150700,R004,2026-09-16T08:25:00Z,completed,1.1,1.0
T794361,R011,2026-09-16T08:25:00Z,completed,1.0,1.0
T627862,R017,2026-09-16T08:28:00Z,cancelled_by_customer,5.9,1.0
T659281,R006,2026-09-16T08:28:00Z,cancelled_by_rider,8.1,1.0
T584407,R002,2026-09-16T08:30:00Z,completed,8.1,1.0
T845742,R027,2026-09-16T08:30:00Z,completed,6.3,1.0
T114794,R009,2026-09-16T08:35:00Z,cancelled_by_rider,2.3,1.0
T786323,R034,2026-09-16T08:36:00Z,completed,2.4,1.0
T295613,R026,2026-09-16T08:38:00Z,completed,5.7,1.0
T982769,R040,2026-09-16T08:38:00Z,completed,5.5,1.0
T875817,R031,2026-09-16T08:40:00Z,completed,1.8,1.2
T111833,R028,2026-09-16T08:42:00Z,completed,1.7,1.0
T168033,R007,2026-09-16T08:42:00Z,completed,4.9,1.0
T315033,R001,2026-09-16T08:44:00Z,completed,5.9,1.0
T229995,R038,2026-09-16T08:49:00Z,completed,3.7,1.0
T479649,R029,2026-09-16T08:53:00Z,completed,3.2,1.0
T541504,R030,2026-09-16T08:54:00Z,completed,7.4,1.2
T717669,R015,2026-09-16T08:54:00Z,completed,2.9,1.0
T158539,R027,2026-09-16T08:56:00Z,completed,8.5,1.0
T185482,R016,2026-09-16T08:57:00Z,completed,10.0,1.0
T256005,R036,2026-09-16T08:58:00Z,cancelled_by_customer,10.9,1.0
T864198,R007,2026-09-16T09:11:00Z,completed,10.3,1.0
T250206,R017,2026-09-16T09:13:00Z,completed,10.4,1.0
T765040,R003,2026-09-16T09:13:00Z,completed,8.5,1.0
T881889,R011,2026-09-16T09:14:00Z,completed,3.3,1.0
T688332,R020,2026-09-16T09:16:00Z,completed,1.0,1.0
T613954,R002,2026-09-16T09:17:00Z,completed,1.1,1.0
T135174,R040,2026-09-16T09:20:00Z,completed,3.5,1.0
T543046,R026,2026-09-16T09:22:00Z,completed,7.6,1.0
T901588,R031,2026-09-16T09:26:00Z,completed,6.1,1.0
T926203,R028,2026-09-16T09:28:00Z,completed,2.6,1.0
T171742,R009,2026-09-16T09:29:00Z,completed,1.5,1.2
T650495,R038,2026-09-16T09:30:00Z,completed,4.2,1.0
T177232,R030,2026-09-16T09:33:00Z,completed,0.8,1.0
T751938,R016,2026-09-16T09:34:00Z,completed,2.7,1.0
T119065,R027,2026-09-16T09:41:00Z,completed,5.2,1.0
T982500,R003,2026-09-16T09:41:00Z,completed,4.1,1.0
T249321,R036,2026-09-16T09:42:00Z,completed,8.4,1.0
T679850,R020,2026-09-16T09:42:00Z,completed,4.5,1.0
T906463,R029,2026-09-16T09:45:00Z,completed,5.3,1.0
T513091,R015,2026-09-16T09:49:00Z,completed,8.4,1.0
T301591,R011,2026-09-16T09:51:00Z,completed,9.2,1.0
T823093,R002,2026-09-16T09:55:00Z,completed,6.1,1.0
T966942,R017,2026-09-16T09:56:00Z,completed,10.9,1.0
T908754,R009,2026-09-16T10:01:00Z,completed,7.8,1.0
T691931,R007,2026-09-16T10:03:00Z,cancelled_by_customer,5.2,1.0
T876547,R038,2026-09-16T10:09:00Z,completed,4.7,1.0
T142828,R016,2026-09-16T10:10:00Z,completed,2.9,1.0
T723798,R031,2026-09-16T10:11:00Z,completed,10.6,1.2
T191332,R026,2026-09-16T10:14:00Z,completed,9.5,1.0
T663442,R020,2026-09-16T10:14:00Z,completed,2.1,1.0
T362414,R030,2026-09-16T10:15:00Z,cancelled_by_customer,5.2,1.0
T950721,R036,2026-09-16T10:16:00Z,completed,3.9,1.0
T475769,R003,2026-09-16T10:22:00Z,completed,2.4,1.0
T371578,R028,2026-09-16T10:23:00Z,completed,2.5,1.0
T386569,R002,2026-09-16T10:24:00Z,completed,8.5,1.0
T132118,R017,2026-09-16T10:26:00Z,completed,8.5,1.0
T498135,R011,2026-09-16T10:33:00Z,completed,11.3,1.0
T662398,R015,2026-09-16T10:40:00Z,completed,9.7,1.0
T221005,R038,2026-09-16T10:46:00Z,completed,2.1,1.0
T974760,R031,2026-09-16T10:49:00Z,completed,2.8,1.0
T433018,R007,2026-09-16T10:51:00Z,completed,2.0,1.0
T212271,R020,2026-09-16T10:53:00Z,completed,9.9,1.0
T694275,R036,2026-09-16T10:53:00Z,completed,8.0,1.0
T479876,R016,2026-09-16T11:03:00Z,completed,6.1,1.0
T733721,R003,2026-09-16T11:04:00Z,completed,8.2,1.0
T895732,R026,2026-09-16T11:04:00Z,completed,8.4,1.0
T119816,R017,2026-09-16T11:05:00Z,completed,7.2,1.0
T121633,R030,2026-09-16T11:08:00Z,completed,5.1,1.0
T381512,R028,2026-09-16T11:14:00Z,completed,7.0,1.0
T814460,R011,2026-09-16T11:22:00Z,completed,5.6,1.0
T371721,R031,2026-09-16T11:26:00Z,completed,10.3,1.0
T720478,R020,2026-09-16T11:28:00Z,completed,5.0,1.0
T359690,R007,2026-09-16T11:35:00Z,completed,1.7,1.0
T836093,R017,2026-09-16T11:35:00Z,completed,5.7,1.0
T221259,R036,2026-09-16T11:44:00Z,completed,6.8,1.0
T807977,R023,2026-09-16T11:50:00Z,completed,7.0,1.0
T416627,R016,2026-09-16T11:52:00Z,cancelled_by_customer,11.2,1.0
T874117,R031,2026-09-16T11:52:00Z,completed,1.9,1.0
T988675,R030,2026-09-16T11:56:00Z,completed,2.7,1.0
T237801,R003,2026-09-16T11:57:00Z,completed,1.1,1.0
T849480,R026,2026-09-16T11:59:00Z,completed,5.1,1.0
T453456,R020,2026-09-16T12:06:00Z,cancelled_by_customer,9.3,1.0
T811382,R028,2026-09-16T12:06:00Z,completed,10.6,1.0
T131255,R023,2026-09-16T12:19:00Z,completed,1.0,1.0
T605963,R031,2026-09-16T12:20:00Z,completed,10.2,1.0
T937672,R003,2026-09-16T12:28:00Z,completed,10.8,1.0
T321062,R024,2026-09-16T12:30:00Z,completed,2.9,1.0
T843393,R016,2026-09-16T12:30:00Z,completed,4.1,1.0
T107847,R026,2026-09-16T12:33:00Z,cancelled_by_rider,3.2,1.0
T638896,R036,2026-09-16T12:35:00Z,completed,7.1,1.0
T239029,R030,2026-09-16T12:48:00Z,completed,6.2,1.0
T432979,R031,2026-09-16T12:51:00Z,completed,4.3,1.0
T871433,R028,2026-09-16T12:59:00Z,completed,2.3,1.0
T898582,R003,2026-09-16T12:59:00Z,completed,11.4,1.0
T103861,R023,2026-09-16T13:03:00Z,completed,6.0,1.0
T457460,R024,2026-09-16T13:04:00Z,completed,2.4,1.0
T587246,R016,2026-09-16T13:20:00Z,completed,10.3,1.0
T469992,R030,2026-09-16T13:21:00Z,completed,5.9,1.0
T585262,R028,2026-09-16T13:30:00Z,cancelled_by_rider,2.3,1.2
T487837,R023,2026-09-16T13:56:00Z,completed,2.4,1.2
T301287,R024,2026-09-16T13:57:00Z,completed,6.1,1.0
T883492,R030,2026-09-16T14:03:00Z,completed,8.4,1.0
T915888,R028,2026-09-16T14:13:00Z,completed,5.7,1.2
T651342,R024,2026-09-16T14:46:00Z,completed,10.1,1.5
T454544,R028,2026-09-16T14:47:00Z,completed,11.3,1.0
T309298,R030,2026-09-16T14:50:00Z,completed,1.8,1.0
T421197,R028,2026-09-16T15:35:00Z,completed,3.7,1.0
T906891,R024,2026-09-16T15:35:00Z,completed,7.6,1.0
T105560,R023,2026-09-16T15:43:00Z,completed,7.3,1.2
T467647,R024,2026-09-16T16:11:00Z,completed,11.2,1.5
T420719,R023,2026-09-16T16:21:00Z,cancelled_by_customer,9.2,1.2
T946760,R023,2026-09-16T17:16:00Z,completed,2.9,1.0
T616507,R023,2026-09-16T17:55:00Z,completed,9.5,1.0
T946145,R040,2026-09-16T18:38:00Z,completed,2100,1.0
T895233,R023,2026-09-16T18:46:00Z,completed,8.6,1.0
T839869,R023,2026-09-16T19:34:00Z,completed,11.0,1.0
T746422,R023,2026-09-16T20:16:00Z,completed,8.6,1.0
T289154,R016,2026-09-17T02:30:00Z,completed,8.2,1.0
T300601,R027,2026-09-17T02:30:00Z,completed,9.7,1.0
T337285,R005,2026-09-17T02:30:00Z,completed,6.7,1.2
T132815,R037,2026-09-17T02:50:00Z,completed,2.0,1.0
T370070,R008,2026-09-17T02:50:00Z,cancelled_by_rider,1.0,1.0
T293759,R027,2026-09-17T02:56:00Z,completed,10.0,1.0
T631256,R005,2026-09-17T02:56:00Z,completed,8.6,1.0
T605401,R016,2026-09-17T02:59:00Z,completed,2.2,1.0
T720820,R012,2026-09-17T03:00:00Z,completed,9.3,1.0
T479813,R7,2026-09-17T03:10:00Z,completed,8.8,1.0
T739434,R035,2026-09-17T03:10:00Z,completed,8.0,1.0
T854037,R037,2026-09-17T03:19:00Z,cancelled_by_customer,6.4,1.0
T935594,r19,2026-09-17T03:20:00Z,cancelled_by_customer,7.5,1.0
T930372,R012,2026-09-17T03:25:00Z,completed,7.9,1.0
T367494,R008,2026-09-17T03:28:00Z,completed,10.4,1.0
T453208,R027,2026-09-17T03:28:00Z,cancelled_by_rider,11.0,1.0
T423126,R016,2026-09-17T03:29:00Z,completed,10.0,1.0
T314207,R009,2026-09-17T03:30:00Z,completed,5.3,1.0
T448181,R001,2026-09-17T03:30:00Z,completed,11.2,1.0
T647435,R028,2026-09-17T03:30:00Z,completed,6.8,1.0
T690517,R030,2026-09-17T03:30:00Z,completed,5.3,1.0
T859610,R010,2026-09-17T03:30:00Z,completed,3.9,1.0
T294053,R005,2026-09-17T03:32:00Z,completed,9.4,1.0
T527903,R006,2026-09-17T03:40:00Z,completed,11.4,1.0
T799032,R007,2026-09-17T03:44:00Z,completed,6.9,1.0
T918469,R035,2026-09-17T03:45:00Z,completed,5.7,1.0
T603468,R037,2026-09-17T03:47:00Z,completed,2.6,1.0
T776704,R012,2026-09-17T03:54:00Z,completed,7.6,1.0
T854874,R008,2026-09-17T03:57:00Z,completed,4.1,1.0
T717061,R010,2026-09-17T04:07:00Z,completed,5.9,1.0
T878378,R028,2026-09-17T04:07:00Z,completed,4.8,1.0
T398478,R006,2026-09-17T04:09:00Z,completed,11.2,1.0
T133988,R034,2026-09-17T04:10:00Z,completed,6.5,1.0
T356884,R026,2026-09-17T04:10:00Z,completed,8.8,1.0
T364302,R021,2026-09-17T04:10:00Z,completed,2.8,1.0
T579525,R027,2026-09-17T04:12:00Z,completed,10.8,1.0
T824296,R030,2026-09-17T04:12:00Z,completed,2.4,1.0
T151843,R019,2026-09-17T04:15:00Z,completed,10.6,1.0
T459101,R009,2026-09-17T04:17:00Z,completed,3.0,1.0
T963688,R035,2026-09-17T04:18:00Z,completed,4.3,1.0
T298951,R016,2026-09-17T04:21:00Z,completed,1.8,1.0
T562207,R005,2026-09-17T04:24:00Z,completed,11.5,1.0
T532408,R001,2026-09-17T04:25:00Z,completed,9.7,1.0
T576490,R007,2026-09-17T04:34:00Z,completed,6.5,1.0
T849500,R012,2026-09-17T04:35:00Z,completed,1.4,1.0
T437441,R037,2026-09-17T04:36:00Z,completed,6.8,1.0
T274782,R032,2026-09-17T04:40:00Z,completed,11100,1.0
T539283,R030,2026-09-17T04:42:00Z,completed,7.1,1.0
T409802,R008,2026-09-17T04:44:00Z,cancelled_by_customer,2.3,1.0
T361151,R010,2026-09-17T04:45:00Z,completed,7.6,1.0
T740672,R034,2026-09-17T04:47:00Z,cancelled_by_customer,10.6,1.0
T181285,R039,2026-09-17T04:50:00Z,completed,10900,1.0
T671595,R027,2026-09-17T04:50:00Z,completed,5.5,1.0
T559890,R006,2026-09-17T04:52:00Z,completed,11.3,1.0
T935153,R005,2026-09-17T04:54:00Z,completed,4.4,1.0
T692307,R009,2026-09-17T04:56:00Z,completed,2.8,1.0
T160526,R026,2026-09-17T04:57:00Z,completed,4.8,1.0
T571527,R015,2026-09-17T05:00:00Z,completed,7.0,1.0
T268450,R028,2026-09-17T05:02:00Z,completed,7.5,1.2
T275921,R019,2026-09-17T05:04:00Z,completed,4.8,1.0
T520855,R011,2026-09-17T05:10:00Z,completed,2.4,1.0
T826531,R034,2026-09-17T05:12:00Z,cancelled_by_rider,3.1,1.0
T170145,R016,2026-09-17T05:13:00Z,completed,5.5,1.0
T486646,R035,2026-09-17T05:13:00Z,completed,9.5,1.0
T369822,R037,2026-09-17T05:15:00Z,completed,3.6,1.0
T569010,R004,2026-09-17T05:17:00Z,completed,4.6,1.0
T828789,R006,2026-09-17T05:18:00Z,completed,0.9,1.0
T203099,R7,2026-09-17T05:19:00Z,completed,9.5,1.0
T695344,R030,2026-09-17T05:19:00Z,completed,7.9,1.0
T949736,R001,2026-09-17T05:20:00Z,completed,9.6,1.0
T135336,R008,2026-09-17T05:25:00Z,completed,1.8,1.0
T384664,R012,2026-09-17T05:25:00Z,completed,11.5,1.0
T691510,R015,2026-09-17T05:27:00Z,completed,1.1,1.0
T321670,R032,2026-09-17T05:28:00Z,completed,11300,1.0
T997217,R039,2026-09-17T05:28:00Z,completed,1100,1.0
T641341,R033,2026-09-17T05:30:00Z,cancelled_by_rider,5.1,1.0
T667359,R017,2026-09-17T05:30:00Z,completed,6.9,1.0
T199156,R010,2026-09-17T05:31:00Z,completed,6.0,1.0
T329037,R009,2026-09-17T05:35:00Z,completed,3.2,1.0
T399152,R027,2026-09-17T05:37:00Z,completed,8.6,1.0
T390999,R005,2026-09-17T05:38:00Z,completed,7.4,1.0
T321706,R038,2026-09-17T05:40:00Z,completed,2600,1.0
T489282,R021,2026-09-17T05:40:00Z,completed,7.1,1.0
T877369,R013,2026-09-17T05:40:00Z,completed,4.1,1.0
T624621,R001,2026-09-17T05:45:00Z,completed,3.1,1.0
T648178,R006,2026-09-17T05:45:00Z,completed,9.1,1.0
T543314,R035,2026-09-17T05:48:00Z,completed,1.3,1.2
T940557,R026,2026-09-17T05:50:00Z,completed,4.6,1.0
T984015,R019,2026-09-17T05:50:00Z,completed,3.8,1.0
T857886,R011,2026-09-17T05:51:00Z,completed,9.8,1.0
T261292,R028,2026-09-17T05:53:00Z,completed,2.4,1.0
T628255,R008,2026-09-17T05:54:00Z,completed,3.3,1.0
T551762,R037,2026-09-17T05:56:00Z,completed,5.0,1.0
T495349,R012,2026-09-17T05:58:00Z,completed,10.1,1.0
T600372,R030,2026-09-17T06:00:00Z,completed,1.0,1.0
T859596,R036,2026-09-17T06:00:00Z,completed,8.1,1.0
T102048,R034,2026-09-17T06:01:00Z,completed,2.9,1.0
T441433,R010,2026-09-17T06:01:00Z,completed,1.2,1.0
T459767,R016,2026-09-17T06:05:00Z,completed,10.1,1.0
T984529,R7,2026-09-17T06:07:00Z,completed,9.2,1.0
T942376,R021,2026-09-17T06:08:00Z,completed,9.5,1.0
T347622,R033,2026-09-17T06:14:00Z,completed,11.3,1.0
T555226,R001,2026-09-17T06:15:00Z,completed,7.5,1.0
T587513,R032,2026-09-17T06:15:00Z,completed,4200,1.0
T405207,R013,2026-09-17T06:16:00Z,completed,9.3,1.0
T140189,R017,2026-09-17T06:18:00Z,completed,2.8,1.0
T350031,R015,2026-09-17T06:19:00Z,completed,7.6,1.0
T428988,R028,2026-09-17T06:21:00Z,completed,5.3,1.0
T384654,R009,2026-09-17T06:22:00Z,completed,3.4,1.0
T621463,R035,2026-09-17T06:23:00Z,completed,9.6,1.2
T650729,R039,2026-09-17T06:23:00Z,completed,8600,1.0
T623571,R011,2026-09-17T06:25:00Z,completed,9.3,1.0
T755251,R038,2026-09-17T06:27:00Z,completed,3300,1.0
T783258,R026,2026-09-17T06:28:00Z,completed,8.5,1.0
T956585,R037,2026-09-17T06:30:00Z,cancelled_by_customer,6.4,1.0
T917235,R005,2026-09-17T06:31:00Z,completed,4.3,1.0
T151877,R004,2026-09-17T06:34:00Z,completed,9.9,1.0
T743594,R006,2026-09-17T06:35:00Z,completed,3.6,1.0
T187048,R036,2026-09-17T06:36:00Z,completed,9.1,1.5
T355108,R030,2026-09-17T06:37:00Z,completed,8.4,1.0
T526150,R019,2026-09-17T06:37:00Z,completed,1.2,1.0
T163925,R010,2026-09-17T06:38:00Z,completed,4.0,1.0
T214994,R034,2026-09-17T06:38:00Z,completed,6.2,1.2
T139889,R013,2026-09-17T06:43:00Z,completed,1.5,1.2
T158796,R021,2026-09-17T06:46:00Z,completed,7.9,1.5
T300046,R008,2026-09-17T06:47:00Z,completed,3.1,1.0
T610494,R032,2026-09-17T06:48:00Z,completed,10700,1.0
T503755,R039,2026-09-17T06:53:00Z,completed,8100,1.0
T320209,R007,2026-09-17T06:56:00Z,completed,4.7,1.0
T710512,R015,2026-09-17T06:56:00Z,completed,11.4,1.2
T840575,R035,2026-09-17T06:56:00Z,completed,11.3,1.0
T637867,R038,2026-09-17T07:00:00Z,completed,4500,1.0
T688599,R033,2026-09-17T07:00:00Z,completed,8.4,1.0
T738428,R017,2026-09-17T07:01:00Z,completed,7.7,1.2
T889831,R026,2026-09-17T07:01:00Z,cancelled_by_customer,1.9,1.0
T240680,R009,2026-09-17T07:05:00Z,completed,3.5,1.0
T615353,R028,2026-09-17T07:06:00Z,completed,1.4,1.0
T248835,R037,2026-09-17T07:07:00Z,completed,2.7,1.2
T682365,R034,2026-09-17T07:09:00Z,completed,3.2,1.0
T827862,R001,2026-09-17T07:09:00Z,completed,8.1,1.5
T543952,R005,2026-09-17T07:10:00Z,completed,1.8,1.5
T641138,R013,2026-09-17T07:10:00Z,completed,3.2,1.0
T784874,R004,2026-09-17T07:11:00Z,completed,6.9,1.0
T115344,R006,2026-09-17T07:13:00Z,completed,9.0,1.5
T484517,R021,2026-09-17T07:14:00Z,completed,5.1,1.0
T241299,R011,2026-09-17T07:17:00Z,cancelled_by_rider,6.2,1.0
T429503,R010,2026-09-17T07:17:00Z,completed,7.8,1.0
T863655,R032,2026-09-17T07:24:00Z,completed,7400,1.0
T482410,R030,2026-09-17T07:25:00Z,completed,3.8,1.0
T561600,R036,2026-09-17T07:25:00Z,completed,7.8,1.5
T922433,R019,2026-09-17T07:29:00Z,completed,4.4,1.0
T362041,R012,2026-09-17T07:31:00Z,completed,5.4,1.2
T198288,R026,2026-09-17T07:32:00Z,completed,11.5,1.0
T538002,R015,2026-09-17T07:33:00Z,cancelled_by_customer,10.0,1.0
T775265,R033,2026-09-17T07:33:00Z,completed,3.1,1.0
T906561,R008,2026-09-17T07:33:00Z,completed,10.3,1.0
T155475,R028,2026-09-17T07:35:00Z,completed,5.0,1.0
T894951,R017,2026-09-17T07:35:00Z,cancelled_by_rider,2.9,1.5
T134810,R013,2026-09-17T07:41:00Z,completed,2.6,1.0
T493371,R005,2026-09-17T07:42:00Z,completed,8.0,1.5
T894516,R035,2026-09-17T07:42:00Z,completed,10.5,1.5
T886681,R039,2026-09-17T07:43:00Z,completed,4700,1.2
T453082,R009,2026-09-17T07:47:00Z,completed,2.5,1.0
T638469,R7,2026-09-17T07:47:00Z,completed,1.3,1.2
T400536,R032,2026-09-17T07:49:00Z,completed,1700,1.0
T624078,R037,2026-09-17T07:50:00Z,completed,9.1,1.0
T397443,R038,2026-09-17T07:51:00Z,completed,11000,1.0
T510475,R001,2026-09-17T07:51:00Z,completed,7.1,1.0
T528550,R034,2026-09-17T07:57:00Z,completed,11.2,1.0
T714995,R011,2026-09-17T08:00:00Z,cancelled_by_customer,11.2,1.0
T724739,R004,2026-09-17T08:00:00Z,completed,3.8,1.5
T800335,R010,2026-09-17T08:01:00Z,completed,2.8,1.0
T592595,R015,2026-09-17T08:04:00Z,completed,10.9,1.2
T394950,R026,2026-09-17T08:05:00Z,completed,6.7,1.2
T439122,R017,2026-09-17T08:05:00Z,completed,3.1,1.0
T849946,R008,2026-09-17T08:06:00Z,completed,1.3,1.0
T874806,R006,2026-09-17T08:08:00Z,completed,6.6,1.2
T615280,R033,2026-09-17T08:09:00Z,completed,6.9,1.2
T805329,R021,2026-09-17T08:09:00Z,completed,11.3,1.0
T144754,R012,2026-09-17T08:11:00Z,completed,4.2,1.0
T754231,R036,2026-09-17T08:12:00Z,completed,6.7,1.0
T117517,R030,2026-09-17T08:14:00Z,completed,1.7,1.0
T719556,R028,2026-09-17T08:16:00Z,completed,6.3,1.5
T778744,R005,2026-09-17T08:16:00Z,completed,7.9,1.0
T384133,R7,2026-09-17T08:17:00Z,completed,4.7,1.0
T690585,r19,2026-09-17T08:17:00Z,completed,7.3,1.0
T442299,R032,2026-09-17T08:20:00Z,completed,9100,1.5
T685202,R038,2026-09-17T08:20:00Z,completed,7600,1.5
T172347,R001,2026-09-17T08:22:00Z,completed,6.4,1.0
T419329,R035,2026-09-17T08:24:00Z,completed,7.6,1.0
T100472,R039,2026-09-17T08:32:00Z,completed,1300,1.0
T310191,R009,2026-09-17T08:32:00Z,completed,4.4,1.0
T891890,R013,2026-09-17T08:35:00Z,completed,5.0,1.0
T536293,R037,2026-09-17T08:38:00Z,completed,2.1,1.0
T520480,R006,2026-09-17T08:39:00Z,completed,5.4,1.0
T559518,R010,2026-09-17T08:39:00Z,completed,2.8,1.0
T646136,R012,2026-09-17T08:39:00Z,completed,8.5,1.0
T815785,R036,2026-09-17T08:41:00Z,completed,10.9,1.0
T756575,R034,2026-09-17T08:42:00Z,completed,4.1,1.0
T305131,R004,2026-09-17T08:43:00Z,completed,3.9,1.0
T200434,R019,2026-09-17T08:44:00Z,completed,3.9,1.0
T717019,R015,2026-09-17T08:44:00Z,completed,2.9,1.0
T129835,R038,2026-09-17T08:47:00Z,completed,4700,1.0
T922077,R7,2026-09-17T08:48:00Z,completed,3.4,1.0
T109938,R028,2026-09-17T08:49:00Z,completed,3.8,1.0
T970628,R021,2026-09-17T08:52:00Z,cancelled_by_rider,10.9,1.0
T676729,R011,2026-09-17T08:53:00Z,completed,8.5,1.0
T668877,R033,2026-09-17T08:57:00Z,completed,5.8,1.0
T360538,R026,2026-09-17T08:58:00Z,completed,1.1,1.0
T951233,R017,2026-09-17T08:59:00Z,completed,6.8,1.0
T370919,R001,2026-09-17T09:02:00Z,completed,10.1,1.0
T699020,R032,2026-09-17T09:04:00Z,completed,2800,1.0
T823068,R006,2026-09-17T09:04:00Z,cancelled_by_customer,11.0,1.0
T995194,R005,2026-09-17T09:04:00Z,completed,8.0,1.0
T971059,R009,2026-09-17T09:05:00Z,completed,3.8,1.0
T303514,R039,2026-09-17T09:07:00Z,completed,9600,1.0
T304939,R034,2026-09-17T09:14:00Z,cancelled_by_rider,10.3,1.0
T311888,R037,2026-09-17T09:14:00Z,completed,6.3,1.0
T148262,R010,2026-09-17T09:16:00Z,completed,8.1,1.0
T165429,R015,2026-09-17T09:17:00Z,completed,5.2,1.0
T262030,R002,2026-09-12T03:41:00Z,completed,0.8,1.0
T953014,R028,2026-09-17T09:22:00Z,completed,4.2,1.0
T140258,R004,2026-09-17T09:24:00Z,completed,3.5,1.0
T843487,R007,2026-09-17T09:24:00Z,completed,8.5,1.0
T758434,R012,2026-09-17T09:26:00Z,completed,6.8,1.0
T924552,R033,2026-09-17T09:31:00Z,completed,9.9,1.0
T547527,R038,2026-09-17T09:32:00Z,completed,7900,1.0
T739950,R036,2026-09-17T09:32:00Z,completed,5.8,1.0
T484575,R021,2026-09-17T09:34:00Z,completed,7.0,1.0
T394194,R019,2026-09-17T09:35:00Z,completed,9.8,1.0
T224286,R011,2026-09-17T09:36:00Z,completed,3.1,1.0
T111230,R009,2026-09-17T09:40:00Z,completed,2.1,1.0
T701261,R017,2026-09-17T09:42:00Z,completed,11.5,1.0
T527047,R006,2026-09-17T09:49:00Z,completed,2.1,1.2
T109545,R034,2026-09-17T09:50:00Z,completed,3.6,1.0
T170117,R026,2026-09-17T09:50:00Z,completed,9.8,1.0
T511080,R001,2026-09-17T09:51:00Z,completed,8.6,1.0
T139049,R032,2026-09-17T09:55:00Z,completed,9400,1.0
T206136,R039,2026-09-17T10:01:00Z,completed,3400,1.0
T287656,R010,2026-09-17T10:03:00Z,completed,1.1,1.0
T852879,R019,2026-09-17T10:03:00Z,completed,7.9,1.0
T604539,R033,2026-09-17T10:04:00Z,completed,4.1,1.0
T798295,R037,2026-09-17T10:05:00Z,completed,3.5,1.0
T504544,R021,2026-09-17T10:10:00Z,completed,11.5,1.0
T236787,R036,2026-09-17T10:12:00Z,completed,7.9,1.0
T715901,R028,2026-09-17T10:13:00Z,completed,10.4,1.0
T510150,R006,2026-09-17T10:17:00Z,completed,8.3,1.0
T814310,R026,2026-09-17T10:17:00Z,completed,9.8,1.0
T968982,R038,2026-09-17T10:17:00Z,completed,11400,1.0
T886860,R004,2026-09-17T10:19:00Z,completed,3.6,1.0
T935472,R012,2026-09-17T10:20:00Z,cancelled_by_customer,7.1,1.0
T647724,R001,2026-09-17T10:25:00Z,completed,9.9,1.0
T160181,R011,2026-09-17T10:30:00Z,cancelled_by_rider,7.7,1.0
T766187,R009,2026-09-17T10:30:00Z,completed,2.2,1.0
T694207,R017,2026-09-17T10:33:00Z,cancelled_by_rider,8.8,1.0
T951922,R032,2026-09-17T10:37:00Z,completed,8700,1.0
T260070,R037,2026-09-17T10:38:00Z,completed,5.9,1.0
T360656,R033,2026-09-17T10:40:00Z,completed,10.5,1.0
T950929,R010,2026-09-17T10:40:00Z,completed,4.6,1.0
T577623,R026,2026-09-17T10:42:00Z,completed,9.2,1.0
T241807,R006,2026-09-17T10:44:00Z,completed,2.8,1.0
T718249,R039,2026-09-17T10:46:00Z,completed,5200,1.0
T779448,R038,2026-09-17T10:46:00Z,completed,3900,1.0
T338388,R028,2026-09-17T10:49:00Z,completed,8.6,1.0
T928219,r19,2026-09-17T10:52:00Z,completed,3.0,1.0
T212009,R021,2026-09-17T10:53:00Z,completed,2.3,1.0
T805535,R011,2026-09-17T10:56:00Z,completed,11.3,1.0
T809353,R036,2026-09-17T11:03:00Z,completed,5.5,1.0
T292105,R004,2026-09-17T11:09:00Z,completed,9.5,1.0
T562112,R017,2026-09-17T11:10:00Z,completed,3.7,1.0
T742339,R001,2026-09-17T11:16:00Z,cancelled_by_customer,0.9,1.0
T438787,R032,2026-09-17T11:19:00Z,completed,2800,1.0
T945103,R039,2026-09-17T11:20:00Z,completed,4000,1.0
T944235,R033,2026-09-17T11:27:00Z,completed,0.9,1.0
T793774,R006,2026-09-17T11:29:00Z,completed,11.3,1.0
T501786,R037,2026-09-17T11:30:00Z,completed,9.2,1.0
T607602,R014,2026-09-17T11:30:00Z,completed,10.5,1.0
T305096,R011,2026-09-17T11:34:00Z,completed,7.0,1.0
T190296,R019,2026-09-17T11:39:00Z,completed,3.3,1.0
T941519,R021,2026-09-17T11:39:00Z,completed,1.3,1.0
T452786,R038,2026-09-17T11:41:00Z,completed,8000,1.0
T420080,R001,2026-09-17T11:42:00Z,completed,1.0,1.0
T677071,R028,2026-09-17T11:44:00Z,completed,10.5,1.0
T136009,R040,2026-09-17T11:50:00Z,completed,5400,1.0
T123162,R006,2026-09-17T11:54:00Z,completed,1.0,1.0
T782604,R017,2026-09-17T11:55:00Z,completed,5.5,1.0
T847286,R014,2026-09-17T11:56:00Z,completed,2.8,1.0
T471897,R039,2026-09-17T12:00:00Z,completed,11300,1.0
T388139,R032,2026-09-17T12:05:00Z,completed,5000,1.0
T752738,R019,2026-09-17T12:09:00Z,completed,10.2,1.0
T118558,R038,2026-09-17T12:16:00Z,completed,4500,1.0
T350278,R014,2026-09-17T12:25:00Z,completed,7.1,1.0
T234597,R004,2026-09-17T12:28:00Z,completed,10.6,1.0
T612416,R024,2026-09-17T12:30:00Z,completed,2.6,1.0
T129884,R028,2026-09-17T12:33:00Z,cancelled_by_rider,1.1,1.0
T473505,R001,2026-09-17T12:34:00Z,cancelled_by_rider,8.5,1.0
T689922,R040,2026-09-17T12:35:00Z,completed,4200,1.0
T250559,R039,2026-09-17T12:41:00Z,completed,4000,1.0
T247058,R032,2026-09-17T12:49:00Z,completed,10500,1.0
T738705,R038,2026-09-17T12:54:00Z,completed,4800,1.0
T636589,R019,2026-09-17T13:01:00Z,cancelled_by_rider,11.1,1.0
T459929,R024,2026-09-17T13:03:00Z,completed,7.9,1.0
T746882,R004,2026-09-17T13:04:00Z,cancelled_by_rider,9.5,1.0
T597886,R014,2026-09-17T13:18:00Z,completed,6.7,1.0
T785584,R023,2026-09-17T13:20:00Z,completed,9.8,1.0
T724088,R040,2026-09-17T13:24:00Z,completed,4300,1.0
T760863,R039,2026-09-17T13:28:00Z,completed,900,1.0
T529640,R024,2026-09-17T13:36:00Z,completed,4.3,1.0
T737681,r19,2026-09-17T13:37:00Z,completed,10.9,1.2
T849579,R025,2026-09-17T13:40:00Z,completed,5.6,1.0
T426281,R032,2026-09-17T13:41:00Z,cancelled_by_rider,1700,1.0
T981507,R004,2026-09-17T13:51:00Z,completed,6.1,1.5
T113255,R014,2026-09-17T13:52:00Z,completed,2.7,1.2
T393784,R023,2026-09-17T13:56:00Z,completed,6.1,1.5
T802638,R024,2026-09-17T14:09:00Z,completed,6.2,1.0
T664844,R039,2026-09-17T14:13:00Z,completed,6500,1.0
T942761,R040,2026-09-17T14:16:00Z,completed,6800,1.0
T540952,R032,2026-09-17T14:30:00Z,completed,3600,1.0
T303910,R025,2026-09-17T14:31:00Z,completed,9.7,1.0
T460048,R014,2026-09-17T14:41:00Z,completed,4.6,1.0
T917936,R024,2026-09-17T14:42:00Z,completed,6.6,1.0
T234044,R023,2026-09-17T14:48:00Z,completed,1.8,1.0
T461379,R020,2026-09-15T06:36:00Z,completed,1.5,1.5
T622254,R040,2026-09-17T14:53:00Z,completed,8400,1.2
T767180,R025,2026-09-17T15:00:00Z,completed,6.3,1.0
T998637,R024,2026-09-17T15:15:00Z,completed,1.8,1.0
T400540,R014,2026-09-17T15:21:00Z,completed,3.7,1.0
T117654,R025,2026-09-17T15:41:00Z,completed,10.6,1.0
T124196,R040,2026-09-17T15:48:00Z,completed,3300,1.5
T743979,R024,2026-09-17T15:48:00Z,completed,4.2,1.0
T767711,R023,2026-09-17T15:57:00Z,completed,4.4,1.5
T608332,R014,2026-09-17T16:05:00Z,completed,4.9,1.5
T472918,R025,2026-09-17T16:13:00Z,completed,1.8,1.0
T619534,R040,2026-09-17T16:22:00Z,completed,10300,1.2
T468718,R023,2026-09-17T16:25:00Z,completed,11.2,1.0
T159818,R014,2026-09-17T16:41:00Z,completed,10.2,1.0
T724601,R025,2026-09-17T16:49:00Z,completed,9.5,1.0
T254697,R023,2026-09-17T17:06:00Z,completed,3.7,1.0
T458266,R014,2026-09-17T17:13:00Z,completed,8.8,1.0
T289364,R014,2026-09-17T17:40:00Z,completed,10.0,1.2
T468180,R025,2026-09-17T17:40:00Z,completed,7.7,1.0
T235680,R023,2026-09-17T17:53:00Z,completed,5.9,1.0
T951094,R014,2026-09-17T18:20:00Z,completed,6.9,1.0
T821090,R023,2026-09-17T18:25:00Z,completed,9.2,1.2
T466945,R024,2026-09-17T18:40:00Z,completed,1.1,1.0
T616245,R024,2026-09-17T19:15:00Z,completed,4.2,1.0
T893056,R023,2026-09-17T19:17:00Z,completed,3.9,1.0
T296270,R024,2026-09-17T19:50:00Z,completed,8.6,1.0
T711357,R023,2026-09-17T20:10:00Z,completed,10.3,1.0
T506816,R023,2026-09-17T20:55:00Z,completed,5.0,1.0
T296687,R023,2026-09-17T21:47:00Z,completed,7.2,1.0
T439103,R023,2026-09-17T22:40:00Z,completed,10.6,1.0
T659111,R037,2026-09-18T02:40:00Z,completed,7.5,1.0
T683414,R004,2026-09-18T02:40:00Z,completed,5.4,1.0
T103036,R011,2026-09-18T02:50:00Z,completed,2.8,1.0
T231594,R006,2026-09-18T02:50:00Z,completed,1.6,1.0
T458495,R030,2026-09-18T02:50:00Z,completed,10.1,1.0
T306484,R7,2026-09-18T03:00:00Z,cancelled_by_customer,7.7,1.0
T386361,R038,2026-09-18T03:10:00Z,cancelled_by_customer,4000,1.0
T146488,R004,2026-09-18T03:23:00Z,completed,8.0,1.0
T721303,R037,2026-09-18T03:26:00Z,cancelled_by_rider,7.1,1.2
T321687,R011,2026-09-18T03:29:00Z,completed,11.2,1.0
T218482,R014,2026-09-18T03:30:00Z,completed,7.6,1.0
T508876,R036,2026-09-18T03:30:00Z,completed,1.5,1.0
T738585,R031,2026-09-18T03:30:00Z,completed,4100,1.0
T859731,R005,2026-09-18T03:39:00Z,cancelled_by_customer,3.9,1.0
T493420,R013,2026-09-18T03:40:00Z,completed,7.3,1.0
T469532,R030,2026-09-18T03:43:00Z,cancelled_by_rider,6.8,1.0
T703368,R007,2026-09-18T03:49:00Z,completed,1.6,1.0
T288899,R020,2026-09-18T03:50:00Z,completed,1.8,1.2
T401597,R029,2026-09-18T03:50:00Z,completed,11.0,1.0
T530366,R038,2026-09-18T03:51:00Z,completed,1000,1.0
T409921,R004,2026-09-18T04:10:00Z,completed,9.9,1.0
T424586,R021,2026-09-18T04:10:00Z,completed,2.5,1.0
T883963,R036,2026-09-18T04:11:00Z,completed,4.9,1.0
T719303,R011,2026-09-18T04:12:00Z,cancelled_by_rider,2.4,1.0
T571075,R031,2026-09-18T04:17:00Z,completed,6200,1.0
T600799,R030,2026-09-18T04:17:00Z,completed,4.4,1.0
T111369,R037,2026-09-18T04:19:00Z,completed,9.0,1.0
T342794,R008,2026-09-18T04:20:00Z,completed,2.4,1.0
T786843,R014,2026-09-18T04:20:00Z,completed,6.4,1.0
T367233,R006,2026-09-18T04:21:00Z,completed,7.2,1.0
T529693,R020,2026-09-18T04:21:00Z,completed,9.2,1.0
T874934,R013,2026-09-18T04:23:00Z,completed,0.9,1.0
T900698,R007,2026-09-18T04:26:00Z,cancelled_by_rider,5.9,1.0
T143945,R005,2026-09-18T04:30:00Z,completed,9.5,1.0
T656955,R029,2026-09-18T04:30:00Z,completed,3.3,1.0
T855689,R015,2026-09-18T04:30:00Z,completed,4.6,1.0
T455919,R001,2026-09-18T04:40:00Z,completed,2.8,1.0
T400911,R038,2026-09-18T04:41:00Z,completed,4400,1.0
T234242,R011,2026-09-18T04:42:00Z,completed,3.2,1.0
T378740,R030,2026-09-18T04:43:00Z,completed,4.9,1.0
T312538,R031,2026-09-18T04:47:00Z,completed,5000,1.5
T133706,R006,2026-09-18T04:49:00Z,completed,2.8,1.0
T155935,R012,2026-09-18T04:50:00Z,completed,7.7,1.0
T535732,R022,2026-09-18T04:50:00Z,completed,3.7,1.0
T601337,R004,2026-09-18T04:52:00Z,completed,1.4,1.0
T617415,R021,2026-09-18T04:54:00Z,completed,1.8,1.0
T804522,R008,2026-09-18T04:55:00Z,completed,1.0,1.0
T295836,R036,2026-09-18T04:57:00Z,completed,1.2,1.0
T340289,R029,2026-09-18T04:57:00Z,completed,3.7,1.0
T164391,R005,2026-09-18T05:00:00Z,completed,3.7,1.2
T359412,R7,2026-09-18T05:01:00Z,completed,4.2,1.0
T465982,R037,2026-09-18T05:02:00Z,cancelled_by_rider,6.2,1.0
T663823,R015,2026-09-18T05:05:00Z,completed,11.1,1.0
T732164,R020,2026-09-18T05:05:00Z,completed,1.4,1.0
T879497,R001,2026-09-18T05:05:00Z,completed,6.7,1.0
T136219,R033,2026-09-18T05:10:00Z,completed,4.4,1.0
T578128,R014,2026-09-18T05:10:00Z,completed,4.6,1.0
T872093,R010,2026-09-18T05:10:00Z,completed,9.7,1.0
T844939,R030,2026-09-18T05:14:00Z,completed,6.4,1.0
T353677,R013,2026-09-18T05:15:00Z,completed,3.4,1.0
T594239,R011,2026-09-18T05:17:00Z,completed,7.7,1.0
T694881,R038,2026-09-18T05:17:00Z,completed,2600,1.0
T567480,R027,2026-09-18T05:20:00Z,completed,7.1,1.0
T333011,R008,2026-09-18T05:21:00Z,completed,8.9,1.0
T187990,R006,2026-09-18T05:24:00Z,completed,7.8,1.0
T916683,R012,2026-09-18T05:24:00Z,completed,1.1,1.0
T311195,R022,2026-09-18T05:25:00Z,completed,2.0,1.0
T773609,R007,2026-09-18T05:28:00Z,completed,7.6,1.0
T986291,R037,2026-09-18T05:28:00Z,completed,4.8,1.0
T650807,R031,2026-09-18T05:31:00Z,completed,1300,1.0
T406784,R020,2026-09-18T05:35:00Z,completed,5.4,1.0
T711062,R004,2026-09-18T05:37:00Z,completed,8.0,1.0
T125670,R026,2026-09-18T05:40:00Z,completed,4.0,1.0
T741451,R033,2026-09-18T05:42:00Z,completed,10.3,1.0
T821979,R015,2026-09-18T05:43:00Z,completed,5.5,1.0
T515349,R036,2026-09-18T05:44:00Z,completed,8.1,1.0
T680936,R030,2026-09-18T05:47:00Z,completed,11.1,1.0
T964372,R021,2026-09-18T05:48:00Z,completed,4.8,1.0
T516264,R010,2026-09-18T05:49:00Z,completed,5.9,1.0
T321094,R006,2026-09-18T05:50:00Z,cancelled_by_rider,9.8,1.0
T146459,R014,2026-09-18T05:51:00Z,completed,8.0,1.0
T658575,R029,2026-09-18T05:52:00Z,completed,5.5,1.0
T644536,R022,2026-09-18T05:55:00Z,completed,1.9,1.0
T659488,R005,2026-09-18T05:55:00Z,completed,8.0,1.0
T846019,R037,2026-09-18T05:55:00Z,completed,3.9,1.0
T940551,R007,2026-09-18T05:57:00Z,completed,8.3,1.0
T634572,R038,2026-09-18T05:58:00Z,completed,8300,1.0
T258506,R013,2026-09-18T05:59:00Z,completed,5.6,1.0
T814802,R001,2026-09-18T05:59:00Z,completed,4.0,1.2
T214205,R039,2026-09-18T06:00:00Z,completed,8500,1.0
T882349,R016,2026-09-18T06:00:00Z,completed,10.7,1.0
T371841,R011,2026-09-18T06:04:00Z,completed,2.4,1.0
T235096,R004,2026-09-18T06:06:00Z,completed,7.1,1.0
T155925,R012,2026-09-18T06:10:00Z,cancelled_by_customer,5.7,1.2
T494384,R033,2026-09-18T06:10:00Z,completed,9.4,1.0
T327837,R008,2026-09-18T06:13:00Z,completed,7.5,1.0
T487829,R027,2026-09-18T06:14:00Z,completed,11.5,1.0
T263228,R015,2026-09-18T06:15:00Z,cancelled_by_customer,4.6,1.0
T837272,R026,2026-09-18T06:18:00Z,completed,6.6,1.0
T424818,R030,2026-09-18T06:20:00Z,completed,7.8,1.0
T649196,R003,2026-09-18T06:20:00Z,completed,4.1,1.0
T842019,R002,2026-09-18T06:20:00Z,cancelled_by_customer,4.7,1.0
T242194,R010,2026-09-18T06:21:00Z,completed,9.5,1.0
T931965,R031,2026-09-18T06:21:00Z,completed,5100,1.0
T366312,R020,2026-09-18T06:22:00Z,cancelled_by_rider,9.7,1.0
T905393,R021,2026-09-18T06:23:00Z,completed,1.8,1.0
T873050,R005,2026-09-18T06:24:00Z,completed,9.7,1.0
T454031,R036,2026-09-18T06:26:00Z,completed,4.0,1.0
T984475,R022,2026-09-18T06:26:00Z,completed,10.8,1.0
T663189,R006,2026-09-18T06:29:00Z,completed,10.4,1.0
T694845,R7,2026-09-18T06:32:00Z,completed,1.2,1.0
T849074,R029,2026-09-18T06:32:00Z,completed,0.9,1.0
T388483,R037,2026-09-18T06:35:00Z,completed,5.6,1.0
T296966,R018,2026-09-18T06:36:00Z,completed,8.0,1.5
T288853,R014,2026-09-18T06:37:00Z,completed,5.9,1.0
T299098,R013,2026-09-18T06:41:00Z,completed,6.0,1.0
T355848,R012,2026-09-18T06:41:00Z,completed,6.2,1.2
T659741,R038,2026-09-18T06:42:00Z,completed,3900,1.2
T601625,R016,2026-09-18T06:43:00Z,completed,7.1,1.0
T548224,R011,2026-09-18T06:45:00Z,cancelled_by_rider,5.6,1.0
T731053,R015,2026-09-18T06:46:00Z,completed,3.6,1.0
T450502,R027,2026-09-18T06:51:00Z,completed,4.1,1.2
T172800,R001,2026-09-18T06:53:00Z,completed,9.4,1.2
T414244,R033,2026-09-18T06:53:00Z,completed,4.5,1.0
T692100,R026,2026-09-18T06:53:00Z,completed,4.8,1.0
T640452,R022,2026-09-18T06:54:00Z,completed,5.7,1.0
T173325,R008,2026-09-18T06:55:00Z,completed,10.7,1.0
T931504,R039,2026-09-18T06:55:00Z,completed,4300,1.2
T933365,R004,2026-09-18T06:59:00Z,completed,4.3,1.5
T135137,R036,2026-09-18T07:00:00Z,completed,6.2,1.0
T169067,R030,2026-09-18T07:00:00Z,cancelled_by_customer,2.3,1.2
T193747,R031,2026-09-18T07:02:00Z,completed,5400,1.0
T293874,R010,2026-09-18T07:03:00Z,cancelled_by_rider,4.5,1.5
T534438,R7,2026-09-18T07:06:00Z,completed,10.3,1.0
T577730,R003,2026-09-18T07:07:00Z,cancelled_by_rider,4.6,1.2
T242979,R020,2026-09-18T07:08:00Z,completed,4.3,1.2
T880332,R005,2026-09-18T07:09:00Z,completed,1.1,1.0
T820973,R014,2026-09-18T07:11:00Z,completed,6.1,1.0
T561093,R002,2026-09-18T07:13:00Z,completed,4.9,1.5
T295930,R006,2026-09-18T07:14:00Z,completed,7.5,1.2
T564458,R013,2026-09-18T07:16:00Z,completed,4.3,1.0
T682423,R012,2026-09-18T07:16:00Z,completed,1.1,1.5
T451692,R021,2026-09-18T07:18:00Z,completed,1.4,1.0
T611923,R029,2026-09-18T07:20:00Z,completed,2.3,1.5
T436508,R038,2026-09-18T07:23:00Z,completed,900,1.0
T733113,R037,2026-09-18T07:23:00Z,completed,7.8,1.0
T240737,R018,2026-09-18T07:24:00Z,completed,10.2,1.2
T490022,R027,2026-09-18T07:24:00Z,completed,9.1,1.0
T693145,R001,2026-09-18T07:24:00Z,completed,7.1,1.0
T593127,R015,2026-09-18T07:25:00Z,completed,7.5,1.0
T362928,R022,2026-09-18T07:27:00Z,completed,10.5,1.0
T183048,R008,2026-09-18T07:30:00Z,cancelled_by_rider,4.2,1.2
T667164,R004,2026-09-18T07:32:00Z,completed,7.7,1.0
T383668,R016,2026-09-18T07:33:00Z,completed,3.5,1.0
T826905,R031,2026-09-18T07:36:00Z,completed,3100,1.0
T117107,R011,2026-09-18T07:38:00Z,completed,7.8,1.0
T545767,R005,2026-09-18T07:39:00Z,completed,8.2,1.5
T993230,R039,2026-09-18T07:39:00Z,completed,6800,1.0
T150205,R036,2026-09-18T07:40:00Z,completed,4.6,1.0
T616589,R026,2026-09-18T07:47:00Z,completed,11.1,1.2
T691629,R010,2026-09-18T07:47:00Z,completed,4.8,1.2
T795631,R020,2026-09-18T07:48:00Z,completed,7.1,1.0
T887559,R003,2026-09-18T07:49:00Z,completed,7.0,1.0
T677887,R001,2026-09-18T07:53:00Z,completed,8.2,1.2
T911145,R006,2026-09-18T07:53:00Z,completed,10.7,1.2
T637155,R014,2026-09-18T07:55:00Z,cancelled_by_rider,3.0,1.0
T410315,R013,2026-09-18T07:56:00Z,cancelled_by_rider,3.3,1.0
T819562,R037,2026-09-18T07:56:00Z,completed,5.2,1.0
T200117,R012,2026-09-18T07:57:00Z,completed,1.1,1.5
T340693,R027,2026-09-18T07:58:00Z,completed,10.6,1.5
T121304,R002,2026-09-18T08:03:00Z,completed,5.6,1.0
T231083,R022,2026-09-18T08:04:00Z,completed,9.2,1.0
T897774,R015,2026-09-18T08:05:00Z,completed,2.2,1.5
T752781,R039,2026-09-18T08:07:00Z,completed,11300,1.0
T241004,R038,2026-09-18T08:11:00Z,completed,10900,1.0
T478820,R004,2026-09-18T08:13:00Z,completed,0.9,1.0
T990831,R036,2026-09-18T08:13:00Z,completed,6.5,1.0
T528218,R018,2026-09-18T08:15:00Z,completed,2.2,1.0
T474019,R001,2026-09-18T08:18:00Z,cancelled_by_rider,3.7,1.2
T519342,R016,2026-09-18T08:19:00Z,completed,5.4,1.0
T987378,R006,2026-09-18T08:19:00Z,completed,4.9,1.0
T473588,R031,2026-09-18T08:21:00Z,completed,8500,1.0
T112952,R026,2026-09-18T08:22:00Z,cancelled_by_customer,8.3,1.2
T100225,R008,2026-09-18T08:23:00Z,completed,10.5,1.0
T165330,R020,2026-09-18T08:23:00Z,completed,4.0,1.0
T642481,R003,2026-09-18T08:23:00Z,completed,4.5,1.2
T896673,R005,2026-09-18T08:25:00Z,completed,2.6,1.2
T716337,R013,2026-09-18T08:28:00Z,completed,2.5,1.0
T376746,R010,2026-09-18T08:30:00Z,completed,4.0,1.0
T804206,R027,2026-09-18T08:31:00Z,completed,4.3,1.0
T815078,R014,2026-09-18T08:33:00Z,completed,1.3,1.0
T390101,R038,2026-09-18T08:38:00Z,completed,11400,1.0
T867996,R002,2026-09-18T08:38:00Z,cancelled_by_rider,4.7,1.0
T652200,R012,2026-09-18T08:42:00Z,completed,2.2,1.0
T181811,R022,2026-09-18T08:43:00Z,completed,8.7,1.0
T740325,R018,2026-09-18T08:45:00Z,completed,6.2,1.0
T252976,R037,2026-09-18T08:47:00Z,completed,3.7,1.0
T740349,R006,2026-09-18T08:50:00Z,completed,9.5,1.0
T882074,R039,2026-09-18T08:50:00Z,completed,1600,1.0
T485261,R015,2026-09-18T08:56:00Z,completed,10.3,1.0
T859610,R010,2026-09-17T03:30:00Z,completed,3.9,1.0
T556285,R016,2026-09-18T08:57:00Z,completed,5.4,1.0
T506812,R013,2026-09-18T08:59:00Z,completed,6.9,1.0
T687232,R036,2026-09-18T09:00:00Z,completed,3.0,1.0
T822839,R033,2026-09-18T09:01:00Z,completed,8.5,1.0
T551523,R001,2026-09-18T09:03:00Z,completed,4.0,1.0
T889703,R004,2026-09-18T09:03:00Z,completed,8.8,1.0
T272981,R005,2026-09-18T09:07:00Z,completed,1.0,1.0
T324443,R026,2026-09-18T09:07:00Z,completed,10.2,1.0
T716550,R010,2026-09-18T09:08:00Z,completed,8.6,1.0
T866499,R002,2026-09-18T09:08:00Z,completed,10.8,1.0
T410324,R027,2026-09-18T09:12:00Z,completed,8.4,1.0
T586938,R012,2026-09-18T09:13:00Z,completed,10.6,1.0
T186681,R003,2026-09-18T09:16:00Z,completed,3.5,1.0
T191087,R022,2026-09-18T09:20:00Z,completed,1.8,1.0
T703826,R014,2026-09-18T09:20:00Z,completed,8.9,1.0
T243774,R033,2026-09-18T09:26:00Z,completed,8.5,1.0
T492090,R021,2026-09-18T09:29:00Z,cancelled_by_customer,3.8,1.0
T817902,R015,2026-09-18T09:30:00Z,completed,5.9,1.0
T908149,R038,2026-09-18T09:30:00Z,cancelled_by_rider,9800,1.0
T942702,R036,2026-09-18T09:30:00Z,completed,3.1,1.0
T324499,R016,2026-09-18T09:33:00Z,completed,8.8,1.0
T970479,R018,2026-09-18T09:36:00Z,completed,7.3,1.0
T842548,R039,2026-09-18T09:37:00Z,completed,8000,1.0
T910689,R005,2026-09-18T09:42:00Z,completed,11.2,1.0
T577752,R006,2026-09-18T09:43:00Z,completed,5.6,1.0
T442354,R001,2026-09-18T09:45:00Z,completed,7.8,1.0
T691981,R004,2026-09-18T09:45:00Z,completed,5.8,1.0
T557882,R002,2026-09-18T09:46:00Z,completed,5.3,1.0
T235133,R010,2026-09-18T09:47:00Z,completed,8.9,1.0
T219123,R027,2026-09-18T09:48:00Z,completed,1.9,1.0
T254251,R013,2026-09-18T09:53:00Z,completed,8.2,1.0
T894187,R026,2026-09-18T09:53:00Z,completed,4.0,1.0
T961329,R022,2026-09-18T09:57:00Z,completed,1.2,1.0
T408530,R003,2026-09-18T09:59:00Z,completed,6.5,1.0
T631176,R012,2026-09-18T10:00:00Z,completed,10.0,1.0
T838228,R016,2026-09-18T10:00:00Z,completed,5.4,1.0
T416369,R039,2026-09-18T10:03:00Z,completed,3100,1.0
T516509,R033,2026-09-18T10:05:00Z,completed,6.8,1.0
T808368,R021,2026-09-18T10:05:00Z,completed,5.3,1.0
T918701,R036,2026-09-18T10:08:00Z,completed,5.2,1.0
T690992,R004,2026-09-18T10:17:00Z,completed,8.3,1.0
T368091,R002,2026-09-18T10:19:00Z,completed,8.6,1.0
T728914,R013,2026-09-18T10:21:00Z,completed,7.1,1.0
T655224,R022,2026-09-18T10:25:00Z,completed,0.9,1.0
T908176,R005,2026-09-18T10:28:00Z,completed,2.9,1.0
T311934,R010,2026-09-18T10:30:00Z,completed,4.1,1.0
T823595,R003,2026-09-18T10:35:00Z,completed,1.1,1.0
T175390,R012,2026-09-18T10:36:00Z,completed,6.6,1.0
T595486,R027,2026-09-18T10:36:00Z,completed,8.7,1.0
T482747,R026,2026-09-18T10:46:00Z,completed,6.5,1.0
T138203,R016,2026-09-18T10:48:00Z,completed,6.4,1.0
T598018,R013,2026-09-18T10:51:00Z,completed,6.5,1.0
T263869,R021,2026-09-18T10:53:00Z,completed,9.2,1.0
T950037,R002,2026-09-18T10:53:00Z,completed,4.1,1.0
T880840,R033,2026-09-18T10:54:00Z,cancelled_by_rider,8.4,1.0
T940173,R039,2026-09-18T10:55:00Z,completed,3300,1.0
T178256,R004,2026-09-18T10:57:00Z,completed,8.8,1.0
T871695,R018,2026-09-18T11:07:00Z,completed,9.0,1.0
T713694,R022,2026-09-18T11:08:00Z,completed,5.9,1.0
T183411,R026,2026-09-18T11:14:00Z,completed,2.6,1.0
T769690,R010,2026-09-18T11:15:00Z,completed,8.4,1.0
T967351,R003,2026-09-18T11:15:00Z,completed,6.9,1.0
T306438,R012,2026-09-18T11:16:00Z,completed,10.6,1.0
T261662,R033,2026-09-18T11:20:00Z,completed,8.7,1.0
T665549,R013,2026-09-18T11:22:00Z,completed,9.3,1.0
T285829,R021,2026-09-18T11:25:00Z,completed,9.7,1.0
T411560,R004,2026-09-18T11:35:00Z,completed,0.9,1.2
T684554,R022,2026-09-18T11:36:00Z,completed,8.0,1.0
T267919,R002,2026-09-18T11:40:00Z,completed,2.6,1.0
T828998,R016,2026-09-18T11:43:00Z,completed,4.3,1.0
T191615,R039,2026-09-18T11:44:00Z,completed,8900,1.0
T799154,R018,2026-09-18T11:44:00Z,completed,1.7,1.0
T174480,R033,2026-09-18T11:51:00Z,completed,5.6,1.0
T414506,R026,2026-09-18T11:54:00Z,completed,5.0,1.0
T226267,R022,2026-09-18T12:02:00Z,completed,6.2,1.0
T986653,R021,2026-09-18T12:06:00Z,cancelled_by_customer,4.4,1.0
T216631,R004,2026-09-18T12:09:00Z,completed,1.4,1.0
T164431,R002,2026-09-18T12:10:00Z,completed,10.9,1.0
T458260,R012,2026-09-18T12:10:00Z,completed,6.2,1.0
T586843,R003,2026-09-18T12:10:00Z,completed,6.0,1.0
T626495,R010,2026-09-18T12:10:00Z,completed,10.2,1.0
T357159,R039,2026-09-18T12:16:00Z,completed,5700,1.0
T818757,R026,2026-09-18T12:26:00Z,completed,11.5,1.0
T111495,R018,2026-09-18T12:28:00Z,completed,2.6,1.0
T133571,R016,2026-09-18T12:30:00Z,completed,9.9,1.0
T975912,R024,2026-09-18T12:30:00Z,completed,5.7,1.0
T594713,R033,2026-09-18T12:35:00Z,completed,9.6,1.0
T704408,R021,2026-09-18T12:48:00Z,cancelled_by_rider,8.8,1.0
T392339,R010,2026-09-18T12:54:00Z,completed,10.1,1.0
T106605,R039,2026-09-18T12:59:00Z,completed,6700,1.0
T869648,R003,2026-09-18T12:59:00Z,completed,10.8,1.0
T433551,R024,2026-09-18T13:03:00Z,completed,1.5,1.0
T854314,R012,2026-09-18T13:04:00Z,completed,8.3,1.0
T772221,R025,2026-09-18T13:10:00Z,completed,7.6,1.0
T773790,R018,2026-09-18T13:12:00Z,completed,7.3,1.2
T142591,R026,2026-09-18T13:19:00Z,completed,1.7,1.0
T154552,R024,2026-09-18T13:36:00Z,completed,2.6,1.0
T319488,R010,2026-09-18T13:43:00Z,completed,9.6,1.2
T117492,R003,2026-09-18T13:53:00Z,completed,10.5,1.2
T194624,R025,2026-09-18T13:57:00Z,completed,2.2,1.2
T103649,R026,2026-09-18T14:01:00Z,completed,0.9,1.0
T608094,R018,2026-09-18T14:05:00Z,completed,10.4,1.0
T267669,R024,2026-09-18T14:09:00Z,completed,2.4,1.0
T555005,R010,2026-09-18T14:20:00Z,completed,9.2,1.0
T376617,R003,2026-09-18T14:23:00Z,completed,1.0,1.0
T841752,R026,2026-09-18T14:28:00Z,completed,3.8,1.2
T100972,R025,2026-09-18T14:30:00Z,completed,4.0,1.5
T470944,R024,2026-09-18T14:42:00Z,completed,2.1,1.0
T447734,R025,2026-09-18T14:58:00Z,completed,2.4,1.0
T589127,R018,2026-09-18T15:00:00Z,completed,10.6,1.5
T605113,R003,2026-09-18T15:09:00Z,completed,9.0,1.0
T524860,R024,2026-09-18T15:15:00Z,completed,4.3,1.0
T342269,R025,2026-09-18T15:30:00Z,completed,11.0,1.0
T560919,R003,2026-09-18T15:37:00Z,completed,7.2,1.0
T568715,R024,2026-09-18T15:48:00Z,completed,1.7,1.0
T771212,R025,2026-09-18T15:56:00Z,completed,7.6,1.5
T413296,R003,2026-09-18T16:03:00Z,completed,1.5,1.0
T420065,R024,2026-09-18T16:21:00Z,completed,8.6,1.0
T725905,R025,2026-09-18T16:22:00Z,completed,4.7,1.5
T552357,R024,2026-09-18T16:54:00Z,completed,3.3,1.0
T261394,R025,2026-09-18T17:03:00Z,completed,5.3,1.2
T427905,R025,2026-09-18T17:36:00Z,completed,7.8,1.0
T112310,R025,2026-09-18T18:01:00Z,completed,9.2,1.0
T758181,R015,2026-09-19T09:11:00Z,completed,8.3,1.0
T562077,R014,2026-09-18T19:12:00Z,completed,1.2,1.0
T784380,R014,2026-09-18T19:50:00Z,completed,7.4,1.0
T637051,R014,2026-09-18T20:32:00Z,completed,2.7,1.0
T457454,R038,2026-09-19T02:30:00Z,completed,4800,1.0
T684204,R010,2026-09-19T02:30:00Z,completed,3.9,1.0
T850032,R015,2026-09-19T02:30:00Z,completed,7.3,1.0
T341492,R003,2026-09-19T02:40:00Z,completed,3.3,1.0
T539822,R002,2026-09-19T02:50:00Z,completed,10.3,1.0
T310214,R037,2026-09-19T03:00:00Z,completed,3.0,1.0
T395869,R015,2026-09-19T03:08:00Z,completed,5.7,1.0
T585081,R003,2026-09-19T03:16:00Z,completed,9.0,1.0
T915912,R038,2026-09-19T03:17:00Z,completed,2500,1.0
T366539,R010,2026-09-19T03:19:00Z,completed,6.9,1.0
T122604,R004,2026-09-19T03:20:00Z,completed,5.1,1.0
T676609,R009,2026-09-19T03:20:00Z,completed,1.3,1.0
T292028,R037,2026-09-19T03:26:00Z,completed,4.7,1.0
T232042,R7,2026-09-19T03:30:00Z,completed,1.8,1.0
T258029,R034,2026-09-19T03:30:00Z,completed,6.6,1.0
T560949,R026,2026-09-19T03:30:00Z,completed,1.7,1.0
T652361,R011,2026-09-19T03:30:00Z,completed,7.3,1.0
T659722,R001,2026-09-19T03:30:00Z,completed,7.5,1.0
T152720,R036,2026-09-20T11:31:00Z,completed,11.4,1.0
T711361,R032,2026-09-19T03:30:00Z,completed,2700,1.0
T880027,R016,2026-09-19T03:30:00Z,completed,2.1,1.0
T967540,R030,2026-09-19T03:30:00Z,completed,6.8,1.0
T974719,r19,2026-09-19T03:30:00Z,completed,1.1,1.0
T775768,R002,2026-09-19T03:32:00Z,completed,2.4,1.0
T897071,R012,2026-09-19T03:40:00Z,completed,4.8,1.0
T774532,R017,2026-09-19T03:50:00Z,completed,8.3,1.0
T431940,R003,2026-09-19T03:56:00Z,completed,3.6,1.0
T438007,R004,2026-09-19T03:58:00Z,completed,2.8,1.0
T321020,R007,2026-09-19T04:02:00Z,completed,2.4,1.0
T406836,R016,2026-09-19T04:02:00Z,completed,8.6,1.0
T408146,R010,2026-09-19T04:02:00Z,completed,1.2,1.2
T633409,R012,2026-09-19T04:05:00Z,completed,5.5,1.0
T259279,R001,2026-09-19T04:06:00Z,completed,5.3,1.0
T824394,R038,2026-09-19T04:06:00Z,cancelled_by_rider,10100,1.0
T867229,R037,2026-09-19T04:07:00Z,completed,1.7,1.0
T603586,r19,2026-09-19T04:09:00Z,completed,8.3,1.0
T519161,R018,2026-09-19T04:10:00Z,completed,6.4,1.0
T862474,R013,2026-09-19T04:10:00Z,completed,5.5,1.0
T178721,R002,2026-09-19T04:12:00Z,completed,3.7,1.0
T149895,R005,2026-09-19T04:13:00Z,completed,9.7,1.0
T286968,R009,2026-09-19T04:13:00Z,cancelled_by_rider,0.9,1.0
T889900,R026,2026-09-19T04:14:00Z,completed,2.9,1.0
T360199,R011,2026-09-19T04:16:00Z,completed,5.3,1.0
T490182,R030,2026-09-19T04:16:00Z,completed,8.4,1.0
T954299,R034,2026-09-19T04:19:00Z,completed,13.0,1.0
T257830,R006,2026-09-19T04:20:00Z,completed,7.1,1.0
T387245,R032,2026-09-19T04:20:00Z,completed,7200,1.0
T816721,R022,2026-09-19T04:20:00Z,completed,11.2,1.0
T660907,R015,2026-09-19T04:21:00Z,completed,6.1,1.0
T834624,R010,2026-09-19T04:33:00Z,completed,6.4,1.0
T568092,R037,2026-09-19T04:35:00Z,completed,3.6,1.0
T821627,R007,2026-09-19T04:36:00Z,completed,1.5,1.0
T481197,R017,2026-09-19T04:37:00Z,completed,10.0,1.0
T544093,R018,2026-09-19T04:37:00Z,completed,1.7,1.0
T465301,R002,2026-09-19T04:40:00Z,completed,10.3,1.0
T520773,R016,2026-09-19T04:40:00Z,completed,4.2,1.0
T141418,R001,2026-09-19T04:43:00Z,completed,7.9,1.0
T196683,R003,2026-09-19T04:43:00Z,cancelled_by_rider,4.6,1.0
T680802,R038,2026-09-19T04:44:00Z,completed,11000,1.0
T303139,R004,2026-09-19T04:45:00Z,cancelled_by_customer,2.5,1.0
T163901,r19,2026-09-19T04:46:00Z,completed,9.0,1.2
T260944,R005,2026-09-19T04:48:00Z,completed,3.9,1.0
T930852,R012,2026-09-19T04:49:00Z,completed,4.1,1.0
T179005,R030,2026-09-19T04:50:00Z,completed,8.5,1.0
T276010,R009,2026-09-19T04:50:00Z,cancelled_by_customer,11.4,1.0
T985330,R026,2026-09-19T04:53:00Z,completed,6.6,1.0
T790617,R013,2026-09-19T04:56:00Z,cancelled_by_customer,10.7,1.0
T526263,R006,2026-09-19T04:59:00Z,completed,6.5,1.0
T693620,R011,2026-09-19T05:02:00Z,completed,2.0,1.0
T112866,R010,2026-09-19T05:04:00Z,completed,1.7,1.0
T409395,R034,2026-09-19T05:06:00Z,completed,12.0,1.0
T868136,R017,2026-09-19T05:06:00Z,cancelled_by_customer,2.3,1.0
T840677,R7,2026-09-19T05:07:00Z,completed,9.0,1.5
T252596,R022,2026-09-19T05:08:00Z,completed,7.7,1.0
T631522,R032,2026-09-19T05:09:00Z,completed,1200,1.0
T481678,R016,2026-09-19T05:10:00Z,completed,13.0,1.0
T523952,R008,2026-09-19T05:10:00Z,completed,6.9,1.0
T836705,R020,2026-09-19T05:10:00Z,completed,1.4,1.0
T863117,R027,2026-09-19T05:10:00Z,completed,10.3,1.0
T366771,R002,2026-09-19T05:12:00Z,cancelled_by_rider,10.7,1.0
T494834,R037,2026-09-19T05:15:00Z,completed,3.3,1.0
T943442,R003,2026-09-19T05:18:00Z,completed,3.6,1.0
T277926,R031,2026-09-19T05:20:00Z,completed,7700,1.0
T375618,R030,2026-09-19T05:20:00Z,completed,6.0,1.0
T729536,R004,2026-09-19T05:21:00Z,cancelled_by_customer,3.9,1.0
T142285,R026,2026-09-19T05:23:00Z,completed,2.0,1.0
T328084,R018,2026-09-19T05:24:00Z,cancelled_by_customer,6.1,1.0
T764391,r19,2026-09-19T05:25:00Z,completed,8.8,1.0
T856882,R038,2026-09-19T05:27:00Z,cancelled_by_rider,6900,1.0
T961373,R015,2026-09-19T05:29:00Z,cancelled_by_rider,3.8,1.0
T349418,R039,2026-09-19T05:30:00Z,completed,3200,1.0
T205735,R001,2026-09-19T05:32:00Z,completed,6.5,1.0
T518501,R010,2026-09-19T05:32:00Z,completed,0.8,1.0
T545933,R008,2026-09-19T05:36:00Z,completed,8.0,1.0
T668304,R005,2026-09-19T05:36:00Z,completed,3.7,1.0
T556150,R013,2026-09-19T05:37:00Z,completed,4.8,1.0
T624456,R027,2026-09-19T05:38:00Z,completed,2.4,1.0
T942098,R009,2026-09-19T05:38:00Z,completed,7.0,1.0
T171840,R029,2026-09-19T05:40:00Z,completed,8.0,1.0
T732912,R037,2026-09-19T05:40:00Z,cancelled_by_customer,2.0,1.0
T677445,R007,2026-09-19T05:41:00Z,completed,5.7,1.0
T962752,R012,2026-09-19T05:41:00Z,completed,1.3,1.0
T713588,R022,2026-09-19T05:45:00Z,completed,1.5,1.0
T919693,R006,2026-09-19T05:45:00Z,completed,8.6,1.0
T660472,R011,2026-09-19T05:49:00Z,completed,3.9,1.0
T419596,R021,2026-09-19T05:50:00Z,completed,11.3,1.0
T813204,R028,2026-09-19T05:50:00Z,completed,1.0,1.0
T900949,R016,2026-09-19T05:51:00Z,completed,10.0,1.0
T727809,R017,2026-09-19T05:52:00Z,completed,2.9,1.0
T940686,R002,2026-09-19T05:52:00Z,completed,8.5,1.0
T404692,R030,2026-09-19T05:53:00Z,completed,4.0,1.5
T858185,R018,2026-09-19T05:53:00Z,completed,6.4,1.0
T311857,R003,2026-09-19T05:54:00Z,completed,8.1,1.0
T322156,R034,2026-09-19T05:54:00Z,completed,1.6,1.0
T332992,R032,2026-09-19T05:54:00Z,completed,5000,1.0
T798621,R020,2026-09-19T05:56:00Z,completed,9.5,1.0
T158136,R010,2026-09-19T05:59:00Z,completed,5.9,1.2
T623072,R004,2026-09-19T05:59:00Z,completed,3.8,1.0
T590426,R035,2026-09-19T06:00:00Z,completed,3.6,1.0
T422086,R015,2026-09-19T06:04:00Z,completed,10.9,1.0
T328397,R026,2026-09-19T06:07:00Z,completed,5.7,1.0
T563117,R038,2026-09-19T06:07:00Z,completed,800,1.0
T686938,R031,2026-09-19T06:09:00Z,completed,5400,1.0
T907764,R029,2026-09-19T06:10:00Z,completed,8.6,1.0
T335909,R001,2026-09-19T06:11:00Z,completed,5.1,1.0
T175452,r19,2026-09-19T06:15:00Z,completed,5.2,1.0
T739622,R039,2026-09-19T06:17:00Z,completed,6100,1.2
T781716,R037,2026-09-19T06:17:00Z,completed,9.8,1.0
T822991,R033,2026-09-19T06:20:00Z,completed,3.5,1.0
T226094,R028,2026-09-19T06:22:00Z,completed,5.5,1.2
T278604,R011,2026-09-19T06:22:00Z,completed,7.4,1.0
T968883,R005,2026-09-19T06:22:00Z,completed,2.8,1.0
T309051,R008,2026-09-19T06:25:00Z,cancelled_by_rider,4.5,1.0
T680542,R034,2026-09-19T06:25:00Z,completed,6.7,1.0
T976501,R027,2026-09-19T06:25:00Z,completed,11.3,1.0
T866465,R009,2026-09-19T06:28:00Z,completed,5.5,1.0
T948020,R7,2026-09-19T06:28:00Z,completed,3.9,1.0
T323347,R030,2026-09-19T06:29:00Z,completed,2.4,1.0
T555096,R006,2026-09-19T06:29:00Z,completed,5.2,1.0
T928429,R012,2026-09-19T06:30:00Z,completed,4.1,1.0
T198175,R022,2026-09-19T06:32:00Z,completed,2.6,1.0
T642347,R013,2026-09-19T06:32:00Z,completed,4.6,1.5
T563729,R016,2026-09-19T06:34:00Z,completed,12.0,1.0
T982925,R031,2026-09-19T06:37:00Z,completed,4200,1.2
T519688,R035,2026-09-19T06:38:00Z,completed,11.3,1.5
T570794,R017,2026-09-19T06:38:00Z,completed,4.9,1.0
T842638,R010,2026-09-19T06:38:00Z,completed,10.5,1.2
T859105,R020,2026-09-19T06:38:00Z,completed,4.3,1.5
T144563,R018,2026-09-19T06:41:00Z,completed,0.8,1.0
T520078,R026,2026-09-19T06:41:00Z,completed,3.3,1.0
T725843,R004,2026-09-19T06:41:00Z,completed,3.2,1.0
T338775,R032,2026-09-19T06:42:00Z,completed,1200,1.0
T306881,R039,2026-09-19T06:44:00Z,completed,2500,1.0
T583362,R021,2026-09-19T06:44:00Z,completed,2.3,1.0
T900370,R003,2026-09-19T06:47:00Z,completed,8.6,1.0
T283072,R001,2026-09-19T06:48:00Z,completed,4.1,1.0
T645454,R008,2026-09-19T06:52:00Z,completed,4.6,1.0
T124441,R037,2026-09-19T06:56:00Z,cancelled_by_customer,1.3,1.0
T811220,R034,2026-09-19T06:57:00Z,completed,8.2,1.0
T244728,R015,2026-09-19T06:58:00Z,completed,1.6,1.0
T283547,R005,2026-09-19T06:59:00Z,completed,7.1,1.0
T329894,R019,2026-09-19T07:00:00Z,completed,7.3,1.0
T577674,R033,2026-09-19T07:02:00Z,completed,5.6,1.0
T321995,R030,2026-09-19T07:03:00Z,completed,6.1,1.0
T692881,R029,2026-09-19T07:03:00Z,completed,3.5,1.0
T367222,R027,2026-09-19T07:05:00Z,completed,5.4,1.2
T210847,R018,2026-09-19T07:06:00Z,cancelled_by_customer,11.0,1.0
T994926,R011,2026-09-19T07:07:00Z,completed,1.2,1.0
T846074,R007,2026-09-19T07:08:00Z,completed,3.2,1.0
T907854,R035,2026-09-19T07:08:00Z,completed,1.4,1.0
T705983,R017,2026-09-19T07:12:00Z,completed,4.7,1.0
T967216,R016,2026-09-19T07:12:00Z,completed,13.0,1.0
T202211,R012,2026-09-19T07:13:00Z,completed,11.0,1.0
T529799,R004,2026-09-19T07:13:00Z,completed,9.4,1.5
T424929,R028,2026-09-19T07:15:00Z,completed,3.4,1.0
T113476,R026,2026-09-19T07:19:00Z,completed,4.1,1.0
T129240,R022,2026-09-19T07:21:00Z,cancelled_by_customer,1.8,1.2
T667833,R031,2026-09-19T07:21:00Z,completed,8800,1.0
T149990,R006,2026-09-19T07:23:00Z,cancelled_by_customer,10.2,1.0
T660986,R009,2026-09-19T07:23:00Z,cancelled_by_customer,8.7,1.5
T301215,R013,2026-09-19T07:24:00Z,completed,2.3,1.0
T348616,R010,2026-09-19T07:24:00Z,completed,6.4,1.0
T361693,R032,2026-09-19T07:25:00Z,completed,3400,1.0
T429673,R001,2026-09-19T07:27:00Z,cancelled_by_rider,3.1,1.0
T312667,R029,2026-09-19T07:29:00Z,completed,4.9,1.2
T325363,R037,2026-09-19T07:29:00Z,cancelled_by_customer,4.9,1.5
T700368,R020,2026-09-19T07:29:00Z,completed,8.1,1.5
T540820,R019,2026-09-19T07:33:00Z,completed,3.8,1.0
T858391,R039,2026-09-19T07:33:00Z,cancelled_by_rider,3500,1.0
T730937,R033,2026-09-19T07:34:00Z,completed,5.5,1.0
T366890,R021,2026-09-19T07:36:00Z,completed,9.7,1.2
T375332,R011,2026-09-19T07:37:00Z,completed,7.4,1.0
T162872,R003,2026-09-19T07:38:00Z,completed,6.9,1.0
T759619,R008,2026-09-19T07:38:00Z,completed,7.8,1.0
T469386,R007,2026-09-19T07:41:00Z,completed,4.5,1.0
T228816,R004,2026-09-19T07:43:00Z,completed,7.2,1.0
T666144,R015,2026-09-19T07:45:00Z,completed,3.5,1.5
T103156,R028,2026-09-19T07:46:00Z,completed,3.2,1.0
T891466,R034,2026-09-19T07:46:00Z,completed,5.9,1.0
T560827,R022,2026-09-19T07:49:00Z,completed,5.3,1.0
T386439,R030,2026-09-19T07:50:00Z,completed,6.2,1.0
T846924,R017,2026-09-19T07:54:00Z,completed,11.1,1.5
T624041,R029,2026-09-19T07:55:00Z,completed,5.4,1.0
T387622,R037,2026-09-19T07:56:00Z,completed,2.9,1.0
T246087,R020,2026-09-19T07:57:00Z,cancelled_by_rider,9.3,1.5
T329581,R027,2026-09-19T07:57:00Z,completed,1.9,1.0
T398791,R005,2026-09-19T07:57:00Z,completed,4.2,1.0
T646233,R006,2026-09-19T07:57:00Z,cancelled_by_customer,4.9,1.2
T245768,R016,2026-09-19T07:59:00Z,completed,5.3,1.0
T945705,R035,2026-09-19T08:00:00Z,completed,10.4,1.2
T568441,R010,2026-09-19T08:01:00Z,cancelled_by_customer,4.4,1.0
T174450,R026,2026-09-19T08:02:00Z,completed,4.6,1.0
T478629,R001,2026-09-19T08:02:00Z,completed,3.4,1.0
T420452,R008,2026-09-19T08:03:00Z,cancelled_by_customer,7.0,1.5
T297299,R012,2026-09-19T08:04:00Z,completed,7.2,1.0
T154935,R032,2026-09-19T08:06:00Z,completed,2400,1.0
T204522,R031,2026-09-19T08:06:00Z,cancelled_by_customer,3300,1.2
T368944,R013,2026-09-19T08:10:00Z,completed,8.2,1.0
T344062,R028,2026-09-19T08:11:00Z,completed,4.9,1.2
T903657,R003,2026-09-19T08:11:00Z,completed,4.6,1.2
T822501,R033,2026-09-19T08:12:00Z,completed,11.1,1.0
T201825,R022,2026-09-19T08:15:00Z,completed,8.7,1.5
T132232,R011,2026-09-19T08:18:00Z,completed,4.3,1.0
T277676,R021,2026-09-19T08:21:00Z,completed,3.5,1.0
T523109,R019,2026-09-19T08:21:00Z,completed,6.4,1.0
T121056,R034,2026-09-19T08:24:00Z,completed,10.0,1.0
T479998,R7,2026-09-19T08:26:00Z,completed,8.2,1.0
T549603,R039,2026-09-19T08:27:00Z,cancelled_by_customer,7400,1.0
T491733,R030,2026-09-19T08:29:00Z,completed,4.4,1.0
T983573,R027,2026-09-19T08:31:00Z,completed,4.6,1.0
T754589,R012,2026-09-19T08:32:00Z,completed,2.9,1.0
T725406,R008,2026-09-19T08:33:00Z,completed,10.4,1.0
T988971,R004,2026-09-19T08:35:00Z,completed,2.0,1.0
T532961,R005,2026-09-19T08:36:00Z,completed,5.3,1.0
T617867,R015,2026-09-19T08:37:00Z,completed,8.2,1.0
T851089,R028,2026-09-19T08:39:00Z,completed,1.1,1.0
T555821,R032,2026-09-19T08:41:00Z,completed,2900,1.0
T392289,R035,2026-09-19T08:42:00Z,completed,5.6,1.0
T150516,R006,2026-09-19T08:43:00Z,completed,10.3,1.0
T398816,R017,2026-09-19T08:43:00Z,completed,11.1,1.0
T672899,R026,2026-09-19T08:43:00Z,completed,7.4,1.0
T158281,R016,2026-09-19T08:44:00Z,completed,12.0,1.0
T421091,R029,2026-09-19T08:44:00Z,completed,6.2,1.0
T173477,R020,2026-09-19T08:45:00Z,completed,9.8,1.0
T215555,R022,2026-09-19T08:46:00Z,completed,7.5,1.2
T813836,R031,2026-09-19T08:47:00Z,completed,11200,1.0
T180246,R001,2026-09-19T08:48:00Z,completed,6.9,1.0
T518090,R013,2026-09-19T08:53:00Z,completed,5.8,1.0
T515587,R027,2026-09-19T08:57:00Z,completed,9.2,1.0
T256551,R033,2026-09-19T08:59:00Z,completed,7.1,1.0
T149956,R034,2026-09-19T09:00:00Z,completed,2.8,1.0
T481374,R039,2026-09-19T09:01:00Z,completed,800,1.0
T866939,R003,2026-09-19T09:03:00Z,completed,5.7,1.0
T959214,R019,2026-09-19T09:04:00Z,completed,5.3,1.0
T981398,R011,2026-09-19T09:04:00Z,completed,6.1,1.0
T942056,R021,2026-09-19T09:07:00Z,completed,10.4,1.0
T845090,R012,2026-09-19T09:08:00Z,completed,5.2,1.0
T758181,R015,2026-09-19T09:11:00Z,completed,8.3,1.0
T638982,R032,2026-09-19T09:20:00Z,completed,6300,1.0
T217265,R005,2026-09-19T09:23:00Z,completed,1.4,1.0
T921033,R013,2026-09-19T09:23:00Z,completed,6.8,1.2
T100675,R035,2026-09-19T09:24:00Z,completed,7.5,1.0
T531394,R017,2026-09-19T09:27:00Z,completed,5.8,1.0
T317901,R006,2026-09-19T09:31:00Z,completed,8.0,1.0
T226466,R028,2026-09-19T09:32:00Z,completed,6.9,1.0
T594642,R033,2026-09-19T09:37:00Z,completed,10.7,1.0
T942774,R011,2026-09-19T09:37:00Z,completed,4.7,1.0
T535831,R029,2026-09-19T09:38:00Z,completed,5.8,1.0
T407378,R031,2026-09-19T09:39:00Z,completed,1300,1.0
T587244,R012,2026-09-19T09:39:00Z,completed,3.5,1.0
T896700,R020,2026-09-19T09:39:00Z,completed,5.7,1.0
T777561,R027,2026-09-19T09:41:00Z,completed,7.2,1.0
T621755,R015,2026-09-19T09:42:00Z,completed,10.8,1.0
T173581,R003,2026-09-19T09:49:00Z,completed,4.9,1.0
T790417,R005,2026-09-19T09:49:00Z,completed,1.7,1.0
T807565,R013,2026-09-19T09:49:00Z,completed,7.0,1.0
T166255,R017,2026-09-19T09:58:00Z,completed,7.9,1.0
T394630,R021,2026-09-19T09:58:00Z,completed,9.2,1.0
T870006,R028,2026-09-19T10:11:00Z,completed,11.1,1.0
T496187,R035,2026-09-19T10:12:00Z,completed,1.5,1.0
T747170,R033,2026-09-19T10:12:00Z,completed,1.9,1.0
T806535,R029,2026-09-19T10:14:00Z,completed,11.3,1.0
T745453,R027,2026-09-19T10:20:00Z,completed,5.9,1.0
T836333,R031,2026-09-19T10:25:00Z,completed,3900,1.0
T122559,R015,2026-09-19T10:29:00Z,completed,2.8,1.0
T494899,R013,2026-09-19T10:32:00Z,completed,7.4,1.0
T645948,R012,2026-09-19T10:34:00Z,completed,7.9,1.0
T812495,R005,2026-09-19T10:36:00Z,cancelled_by_customer,4.1,1.0
T155228,R003,2026-09-19T10:38:00Z,completed,4.8,1.0
T283053,R029,2026-09-19T10:43:00Z,completed,3.7,1.0
T305836,R017,2026-09-19T10:44:00Z,completed,6.7,1.0
T890335,R021,2026-09-19T10:46:00Z,completed,11.0,1.0
T279570,R028,2026-09-19T10:56:00Z,cancelled_by_rider,8.5,1.0
T611853,R013,2026-09-19T11:01:00Z,completed,8.2,1.0
T950817,R035,2026-09-19T11:03:00Z,completed,4.8,1.0
T568804,R027,2026-09-19T11:05:00Z,completed,5.1,1.0
T701521,R012,2026-09-19T11:05:00Z,completed,8.6,1.0
T548809,R031,2026-09-19T11:08:00Z,completed,2000,1.0
T506038,R005,2026-09-19T11:12:00Z,completed,7.0,1.0
T316920,R003,2026-09-19T11:20:00Z,completed,11.2,1.0
T859083,R021,2026-09-19T11:26:00Z,completed,2.9,1.0
T247748,R028,2026-09-19T11:27:00Z,completed,9.5,1.0
T385190,R031,2026-09-19T11:33:00Z,completed,2600,1.0
T104570,R035,2026-09-19T11:35:00Z,completed,7.8,1.2
T300599,R017,2026-09-19T11:39:00Z,completed,6.3,1.0
T901774,R013,2026-09-19T11:39:00Z,completed,5.8,1.0
T624379,R027,2026-09-19T11:52:00Z,completed,7.0,1.2
T573878,R028,2026-09-19T11:56:00Z,completed,11.2,1.0
T699153,R014,2026-09-19T12:00:00Z,completed,9.6,1.0
T702092,R012,2026-09-19T12:00:00Z,cancelled_by_customer,2.9,1.0
T839822,R035,2026-09-19T12:10:00Z,completed,5.1,1.0
T612867,R031,2026-09-19T12:15:00Z,completed,10200,1.0
T231087,R023,2026-09-19T12:30:00Z,completed,6.9,1.0
T409035,R025,2026-09-19T12:30:00Z,completed,3.5,1.0
T520858,R017,2026-09-19T12:30:00Z,completed,8.7,1.0
T739896,R024,2026-09-19T12:30:00Z,completed,5.1,1.0
T855431,R013,2026-09-19T12:32:00Z,completed,6.1,1.0
T849361,R027,2026-09-19T12:34:00Z,completed,11.1,1.0
T283101,R028,2026-09-19T12:41:00Z,completed,1.0,1.0
T859548,R012,2026-09-19T12:48:00Z,completed,8.3,1.0
T363705,R031,2026-09-19T12:56:00Z,completed,6100,1.0
T413990,R035,2026-09-19T13:01:00Z,completed,9.8,1.0
T227217,R025,2026-09-19T13:03:00Z,completed,2.7,1.0
T529114,R024,2026-09-19T13:03:00Z,completed,6.9,1.0
T682941,R023,2026-09-19T13:03:00Z,completed,2.6,1.0
T395744,R013,2026-09-19T13:13:00Z,completed,10.7,1.0
T103058,R012,2026-09-19T13:22:00Z,completed,1.9,1.0
T319505,R017,2026-09-19T13:24:00Z,completed,11.2,1.0
T741351,R028,2026-09-19T13:24:00Z,completed,3.5,1.0
T592096,R040,2026-09-19T13:30:00Z,cancelled_by_rider,900,1.0
T304263,R024,2026-09-19T13:36:00Z,completed,5.4,1.0
T433282,R025,2026-09-19T13:36:00Z,completed,7.3,1.0
T915475,R023,2026-09-19T13:36:00Z,completed,5.5,1.0
T670886,R014,2026-09-19T13:39:00Z,completed,6.9,1.2
T662703,R035,2026-09-19T13:45:00Z,completed,3.1,1.0
T514386,R031,2026-09-19T13:49:00Z,completed,3200,1.5
T500873,R028,2026-09-19T13:54:00Z,completed,5.1,1.5
T352385,R040,2026-09-19T13:56:00Z,completed,1200,1.0
T138381,R013,2026-09-19T14:02:00Z,completed,9.2,1.5
T870829,R023,2026-09-19T14:09:00Z,completed,2.9,1.0
T890296,R024,2026-09-19T14:09:00Z,completed,5.1,1.0
T948967,R025,2026-09-19T14:09:00Z,completed,1.7,1.0
T657320,R028,2026-09-19T14:21:00Z,completed,2.9,1.5
T326289,R014,2026-09-19T14:25:00Z,completed,10.4,1.0
T360869,R040,2026-09-19T14:32:00Z,cancelled_by_rider,8700,1.0
T234525,R023,2026-09-19T14:42:00Z,completed,4.8,1.0
T629444,R024,2026-09-19T14:42:00Z,completed,3.4,1.0
T738370,R025,2026-09-19T14:42:00Z,completed,7.9,1.0
T926949,R031,2026-09-19T14:44:00Z,completed,1100,1.0
T684932,R014,2026-09-19T14:53:00Z,completed,8.6,1.0
T111961,R025,2026-09-19T15:15:00Z,completed,3.4,1.0
T382032,R023,2026-09-19T15:15:00Z,completed,3.8,1.0
T844552,R024,2026-09-19T15:15:00Z,completed,2.7,1.0
T401354,R040,2026-09-19T15:24:00Z,completed,4200,1.0
T644139,R014,2026-09-19T15:37:00Z,completed,5.7,1.0
T507539,R025,2026-09-19T15:48:00Z,completed,6.3,1.0
T602253,R024,2026-09-19T15:48:00Z,completed,6.3,1.0
T598258,R040,2026-09-19T15:58:00Z,completed,3300,1.0
T308623,R025,2026-09-19T16:21:00Z,completed,3.8,1.0
T803539,R024,2026-09-19T16:21:00Z,completed,1.1,1.0
T503180,R040,2026-09-19T16:27:00Z,completed,7900,1.5
T307386,R014,2026-09-19T16:32:00Z,completed,1.5,1.0
T175609,R025,2026-09-19T16:54:00Z,completed,6.2,1.0
T349851,R040,2026-09-19T17:01:00Z,completed,10200,1.0
T613012,R014,2026-09-19T17:21:00Z,cancelled_by_rider,2.8,1.0
T188005,R025,2026-09-19T17:27:00Z,completed,3.5,1.0
T540137,R040,2026-09-19T17:27:00Z,completed,5600,1.0
T806541,R040,2026-09-19T17:56:00Z,completed,3400,1.0
T729237,R025,2026-09-19T18:00:00Z,completed,2.8,1.0
T993771,R014,2026-09-19T18:07:00Z,completed,1.6,1.0
T484683,R040,2026-09-19T18:35:00Z,completed,4300,1.0
T908338,R023,2026-09-19T18:35:00Z,completed,3.8,1.0
T302402,R014,2026-09-19T18:41:00Z,completed,9.5,1.0
T827257,R025,2026-09-19T18:45:00Z,completed,4.8,1.0
T406526,R023,2026-09-19T19:10:00Z,completed,3.2,1.0
T844920,R025,2026-09-19T19:20:00Z,completed,2.4,1.0
T904081,R040,2026-09-19T19:30:00Z,completed,3700,1.2
T162387,R023,2026-09-19T19:45:00Z,completed,1.9,1.0
T867224,R023,2026-09-19T20:20:00Z,completed,6.0,1.0
T423736,R040,2026-09-19T20:25:00Z,completed,7000,1.0
T828414,R040,2026-09-19T21:16:00Z,completed,7000,1.0
T720517,R040,2026-09-19T22:06:00Z,completed,9300,1.0
T731987,R035,2026-09-20T02:30:00Z,completed,10.2,1.0
T442732,R012,2026-09-20T02:40:00Z,completed,1.0,1.0
T278823,R032,2026-09-20T03:10:00Z,cancelled_by_rider,3400,1.0
T770649,R038,2026-09-20T03:10:00Z,completed,9800,1.0
T149156,R012,2026-09-20T03:15:00Z,completed,4.7,1.0
T405057,R035,2026-09-20T03:18:00Z,completed,2.7,1.0
T126703,R006,2026-09-20T03:20:00Z,cancelled_by_rider,4.1,1.0
T520524,R028,2026-09-20T03:20:00Z,cancelled_by_rider,3.9,1.0
T158438,R027,2026-09-20T03:30:00Z,completed,8.0,1.0
T183298,R008,2026-09-20T03:30:00Z,completed,5.7,1.0
T255709,R033,2026-09-20T03:30:00Z,completed,1.9,1.0
T262307,R001,2026-09-20T03:30:00Z,cancelled_by_rider,10.0,1.0
T458606,R021,2026-09-20T03:30:00Z,completed,1.2,1.0
T495156,R002,2026-09-20T03:30:00Z,completed,5.1,1.0
T516842,R003,2026-09-20T03:30:00Z,completed,2.9,1.0
T931460,R029,2026-09-20T03:30:00Z,completed,7.6,1.0
T944094,R017,2026-09-20T03:30:00Z,completed,1.1,1.0
T996084,R030,2026-09-20T03:30:00Z,completed,4.2,1.0
T630533,R020,2026-09-20T03:40:00Z,completed,10.7,1.2
T986147,R019,2026-09-20T03:40:00Z,completed,1.4,1.0
T270012,R035,2026-09-20T03:46:00Z,completed,8.4,1.0
T579012,R7,2026-09-20T03:50:00Z,completed,1.4,1.0
T810160,R022,2026-09-20T03:50:00Z,completed,9.6,1.0
T114693,R012,2026-09-20T03:54:00Z,completed,1.3,1.0
T450236,R032,2026-09-20T03:54:00Z,completed,2200,1.0
T234998,R006,2026-09-20T03:55:00Z,completed,9.3,1.0
T436137,R033,2026-09-20T04:00:00Z,completed,6.3,1.0
T668380,R039,2026-09-20T04:00:00Z,completed,6500,1.0
T662970,R003,2026-09-20T04:03:00Z,completed,5.1,1.0
T148607,R001,2026-09-20T04:05:00Z,completed,0.9,1.0
T471169,R028,2026-09-20T04:09:00Z,cancelled_by_customer,1.4,1.0
T697078,R029,2026-09-20T04:12:00Z,completed,7.8,1.0
T629629,R008,2026-09-20T04:14:00Z,completed,8.9,1.0
T804136,R030,2026-09-20T04:14:00Z,completed,4.9,1.0
T826439,R007,2026-09-20T04:15:00Z,completed,6.1,1.0
T963021,R035,2026-09-20T04:15:00Z,completed,5.2,1.0
T770101,R020,2026-09-20T04:16:00Z,completed,3.1,1.0
T355993,R002,2026-09-20T04:17:00Z,completed,7.6,1.0
T807656,R021,2026-09-20T04:17:00Z,completed,1.5,1.0
T274075,R017,2026-09-20T04:20:00Z,completed,7.9,1.0
T558048,R010,2026-09-20T04:20:00Z,completed,7.3,1.0
T939650,R027,2026-09-20T04:20:00Z,completed,3.5,1.0
T991210,R006,2026-09-20T04:21:00Z,completed,6.5,1.0
T456760,R019,2026-09-20T04:24:00Z,completed,2.9,1.2
T310191,R009,2026-09-17T08:32:00Z,completed,4.4,1.0
T583638,R022,2026-09-20T04:28:00Z,completed,1.3,1.0
T488777,R038,2026-09-20T04:32:00Z,completed,1200,1.0
T696974,R012,2026-09-20T04:35:00Z,completed,8.3,1.0
T354758,R001,2026-09-20T04:36:00Z,completed,10.5,1.0
T206956,R033,2026-09-20T04:37:00Z,completed,13.0,1.0
T263911,R039,2026-09-20T04:38:00Z,completed,6300,1.2
T533987,R032,2026-09-20T04:44:00Z,cancelled_by_customer,6400,1.0
T975719,R029,2026-09-20T04:47:00Z,completed,1.5,1.0
T781466,R003,2026-09-20T04:49:00Z,completed,4.3,1.0
T270484,R034,2026-09-20T04:50:00Z,completed,3.1,1.0
T533338,R015,2026-09-20T04:50:00Z,completed,2.6,1.0
T580319,R018,2026-09-20T04:50:00Z,completed,8.3,1.0
T568423,R007,2026-09-20T04:51:00Z,completed,11.3,1.0
T306375,R030,2026-09-20T04:52:00Z,completed,2.9,1.0
T605573,R028,2026-09-20T04:55:00Z,completed,10.3,1.0
T797271,R035,2026-09-20T04:58:00Z,completed,4.9,1.0
T274921,R022,2026-09-20T04:59:00Z,completed,3.1,1.0
T766613,R002,2026-09-20T04:59:00Z,completed,2.7,1.0
T351511,R006,2026-09-20T05:00:00Z,completed,7.1,1.0
T435269,R001,2026-09-20T05:01:00Z,completed,9.3,1.0
T476992,R010,2026-09-20T05:01:00Z,completed,8.2,1.0
T987093,R008,2026-09-20T05:02:00Z,completed,3.5,1.0
T123554,R012,2026-09-20T05:03:00Z,completed,5.9,1.0
T472165,R017,2026-09-20T05:04:00Z,completed,13.0,1.0
T177238,R021,2026-09-20T05:06:00Z,completed,7.0,1.0
T247879,R027,2026-09-20T05:08:00Z,completed,5.1,1.0
T967947,R036,2026-09-20T05:10:00Z,completed,7.7,1.0
T155940,R020,2026-09-20T05:11:00Z,completed,2.8,1.0
T819587,R033,2026-09-20T05:14:00Z,completed,7.7,1.0
T629858,R019,2026-09-20T05:18:00Z,completed,2.4,1.0
T754672,R003,2026-09-20T05:19:00Z,completed,4.8,1.0
T940131,R009,2026-09-20T05:20:00Z,completed,2.9,1.0
T290050,R001,2026-09-20T05:26:00Z,completed,9.5,1.0
T514405,R038,2026-09-20T05:26:00Z,completed,7700,1.0
T557968,R015,2026-09-20T05:28:00Z,completed,10.3,1.0
T241958,R030,2026-09-20T05:29:00Z,completed,3.1,1.0
T955709,R016,2026-09-20T05:30:00Z,completed,2.1,1.0
T581722,R039,2026-09-20T05:31:00Z,completed,3700,1.0
T119133,R007,2026-09-20T05:32:00Z,cancelled_by_customer,10.0,1.0
T643766,R029,2026-09-20T05:32:00Z,completed,8.4,1.0
T907626,R034,2026-09-20T05:32:00Z,completed,6.1,1.0
T978384,R032,2026-09-20T05:34:00Z,completed,10800,1.0
T282645,R008,2026-09-20T05:37:00Z,completed,5.6,1.0
T304545,R018,2026-09-20T05:37:00Z,completed,6.7,1.2
T235327,R012,2026-09-20T05:39:00Z,cancelled_by_rider,3.3,1.0
T718168,R036,2026-09-20T05:39:00Z,completed,8.5,1.0
T751499,R028,2026-09-20T05:39:00Z,completed,8.2,1.0
T115964,R002,2026-09-20T05:42:00Z,completed,5.0,1.0
T507318,R006,2026-09-20T05:43:00Z,completed,7.1,1.0
T530011,R021,2026-09-20T05:44:00Z,completed,2.6,1.0
T759277,R022,2026-09-20T05:44:00Z,completed,2.0,1.0
T944341,R017,2026-09-20T05:44:00Z,completed,5.3,1.0
T581355,R005,2026-09-20T05:50:00Z,completed,2.4,1.0
T739587,R010,2026-09-20T05:50:00Z,completed,4.9,1.0
T829615,R027,2026-09-20T05:53:00Z,completed,3.9,1.0
T604357,R033,2026-09-20T05:54:00Z,completed,4.0,1.0
T900905,R034,2026-09-20T05:59:00Z,completed,4.8,1.0
T651118,R037,2026-09-20T06:00:00Z,completed,8.4,1.0
T419148,r19,2026-09-20T06:01:00Z,completed,1.1,1.0
T767606,R032,2026-09-20T06:03:00Z,completed,4600,1.0
T185287,R020,2026-09-20T06:05:00Z,completed,6.2,1.0
T410072,R009,2026-09-20T06:05:00Z,completed,11.4,1.2
T462197,R038,2026-09-20T06:06:00Z,completed,1600,1.0
T218647,R035,2026-09-20T06:07:00Z,completed,10.1,1.0
T661851,R029,2026-09-20T06:07:00Z,completed,4.3,1.0
T727127,R015,2026-09-20T06:07:00Z,completed,10.4,1.0
T598346,R016,2026-09-20T06:09:00Z,completed,1.8,1.0
T612846,R003,2026-09-20T06:09:00Z,completed,6.1,1.0
T992763,R028,2026-09-20T06:09:00Z,completed,4.8,1.0
T495728,R004,2026-09-20T06:10:00Z,completed,9.8,1.0
T535373,R013,2026-09-20T06:10:00Z,completed,6.3,1.0
T274221,R022,2026-09-20T06:12:00Z,completed,4.1,1.0
T382728,R030,2026-09-20T06:14:00Z,completed,8.2,1.0
T631457,R008,2026-09-20T06:15:00Z,completed,5.4,1.0
T830027,R007,2026-09-20T06:16:00Z,completed,8.0,1.0
T351431,R001,2026-09-20T06:18:00Z,completed,4.2,1.0
T288647,R010,2026-09-20T06:20:00Z,cancelled_by_rider,8.8,1.0
T203886,R017,2026-09-20T06:22:00Z,completed,8.4,1.0
T424830,R006,2026-09-20T06:22:00Z,completed,1.4,1.0
T354257,R036,2026-09-20T06:23:00Z,completed,3.0,1.0
T484440,R018,2026-09-20T06:23:00Z,completed,6.6,1.0
T718833,R039,2026-09-20T06:24:00Z,completed,10500,1.0
T207800,R021,2026-09-20T06:26:00Z,completed,4.7,1.0
T531707,R027,2026-09-20T06:27:00Z,completed,3.1,1.0
T811644,R002,2026-09-20T06:28:00Z,completed,5.2,1.0
T521403,R028,2026-09-20T06:36:00Z,cancelled_by_rider,6.2,1.0
T880864,R005,2026-09-20T06:36:00Z,completed,4.6,1.0
T440111,R020,2026-09-20T06:38:00Z,completed,7.2,1.2
T237729,R015,2026-09-20T06:39:00Z,cancelled_by_customer,1.9,1.0
T405792,R016,2026-09-20T06:39:00Z,completed,8.0,1.2
T812130,R033,2026-09-20T06:42:00Z,completed,7.5,1.0
T563650,R032,2026-09-20T06:43:00Z,completed,3000,1.0
T814044,R004,2026-09-20T06:43:00Z,completed,10.1,1.2
T515272,R001,2026-09-20T06:45:00Z,completed,11.2,1.0
T129523,R010,2026-09-20T06:46:00Z,completed,10.4,1.5
T280281,R029,2026-09-20T06:46:00Z,completed,5.9,1.0
T195079,R038,2026-09-20T06:47:00Z,completed,10400,1.2
T886798,R003,2026-09-20T06:48:00Z,completed,8.8,1.0
T190783,R034,2026-09-20T06:49:00Z,completed,10.5,1.0
T259398,r19,2026-09-20T06:51:00Z,completed,5.9,1.2
T664326,R009,2026-09-20T06:51:00Z,completed,2.6,1.0
T799311,R037,2026-09-20T06:51:00Z,completed,3.4,1.0
T964309,R013,2026-09-20T06:51:00Z,cancelled_by_customer,2.1,1.2
T287209,R030,2026-09-20T06:55:00Z,completed,7.4,1.0
T494896,R035,2026-09-20T06:55:00Z,completed,6.5,1.0
T511977,R022,2026-09-20T06:58:00Z,completed,2.9,1.0
T828653,R036,2026-09-20T07:00:00Z,completed,9.4,1.0
T589649,R039,2026-09-20T07:03:00Z,completed,7000,1.5
T350700,R018,2026-09-20T07:04:00Z,completed,10.8,1.0
T806006,R008,2026-09-20T07:04:00Z,completed,6.3,1.0
T300097,R006,2026-09-20T07:07:00Z,completed,4.6,1.0
T340701,R021,2026-09-20T07:07:00Z,completed,3.6,1.0
T972435,R7,2026-09-20T07:07:00Z,completed,10.4,1.2
T119462,R002,2026-09-20T07:08:00Z,completed,6.2,1.0
T897078,R017,2026-09-20T07:08:00Z,completed,2.2,1.0
T751977,R015,2026-09-20T07:09:00Z,completed,10.0,1.0
T993285,R020,2026-09-20T07:13:00Z,completed,8.8,1.0
T273581,R027,2026-09-20T07:14:00Z,completed,1.2,1.0
T215026,R038,2026-09-20T07:16:00Z,completed,3000,1.0
T793533,R028,2026-09-20T07:17:00Z,completed,10.1,1.0
T933714,R010,2026-09-20T07:17:00Z,completed,8.9,1.0
T834044,R029,2026-09-20T07:19:00Z,cancelled_by_customer,2.8,1.0
T308816,R033,2026-09-20T07:23:00Z,completed,3.2,1.0
T633671,R034,2026-09-20T07:26:00Z,completed,11.0,1.0
T926334,R003,2026-09-20T07:27:00Z,completed,6.0,1.5
T357441,R004,2026-09-20T07:30:00Z,completed,6.5,1.2
T624344,R005,2026-09-20T07:31:00Z,completed,3.1,1.0
T347850,R016,2026-09-20T07:32:00Z,completed,4.4,1.2
T874407,R013,2026-09-20T07:34:00Z,completed,7.9,1.0
T985547,R008,2026-09-20T07:34:00Z,completed,4.1,1.0
T152998,R001,2026-09-20T07:35:00Z,cancelled_by_rider,10.5,1.2
T802926,R039,2026-09-20T07:35:00Z,completed,4100,1.5
T178096,R030,2026-09-20T07:36:00Z,completed,3.2,1.0
T997615,R032,2026-09-20T07:37:00Z,completed,4900,1.0
T223774,R037,2026-09-20T07:38:00Z,completed,8.9,1.0
T767398,R036,2026-09-20T07:39:00Z,completed,3.6,1.5
T935528,R009,2026-09-20T07:39:00Z,completed,5.7,1.0
T969747,R020,2026-09-20T07:39:00Z,completed,11.4,1.5
T518145,R022,2026-09-20T07:43:00Z,completed,1.8,1.5
T176205,R035,2026-09-20T07:44:00Z,completed,10.2,1.5
T373899,r19,2026-09-20T07:44:00Z,completed,5.6,1.0
T115377,R027,2026-09-20T07:45:00Z,completed,4.5,1.0
T207157,R038,2026-09-20T07:45:00Z,completed,11400,1.0
T417277,R017,2026-09-20T07:45:00Z,completed,12.0,1.0
T866748,R015,2026-09-20T07:46:00Z,cancelled_by_rider,0.8,1.0
T561091,R7,2026-09-20T07:52:00Z,completed,2.6,1.5
T337672,R002,2026-09-20T07:53:00Z,completed,5.9,1.0
T622860,R021,2026-09-20T07:53:00Z,completed,5.0,1.5
T447873,R018,2026-09-20T07:55:00Z,completed,2.6,1.0
T123926,R016,2026-09-20T08:00:00Z,completed,1.9,1.5
T639686,R006,2026-09-20T08:00:00Z,completed,10.5,1.5
T951355,R004,2026-09-20T08:04:00Z,completed,10.6,1.0
T794204,R029,2026-09-20T08:06:00Z,completed,8.2,1.0
T420855,R010,2026-09-20T08:07:00Z,completed,1.7,1.0
T812830,R028,2026-09-20T08:07:00Z,completed,10.1,1.2
T795007,R033,2026-09-20T08:09:00Z,completed,12.0,1.0
T703266,R038,2026-09-20T08:12:00Z,completed,11100,1.0
T542563,R013,2026-09-20T08:14:00Z,completed,1.7,1.5
T612796,R019,2026-09-20T08:14:00Z,completed,1.5,1.0
T521263,R022,2026-09-20T08:15:00Z,completed,9.0,1.2
T164090,R003,2026-09-20T08:16:00Z,completed,1.2,1.0
T621978,R017,2026-09-20T08:19:00Z,completed,12.0,1.0
T981349,R015,2026-09-20T08:19:00Z,completed,3.8,1.0
T815454,R030,2026-09-20T08:20:00Z,cancelled_by_rider,2.2,1.0
T487915,R036,2026-09-20T08:22:00Z,completed,3.7,1.2
T671868,R037,2026-09-20T08:22:00Z,completed,5.6,1.0
T476609,R005,2026-09-20T08:23:00Z,completed,7.2,1.0
T775109,R008,2026-09-20T08:24:00Z,completed,3.4,1.0
T373804,R021,2026-09-20T08:26:00Z,completed,5.0,1.0
T334735,R002,2026-09-20T08:27:00Z,completed,4.6,1.0
T309401,R009,2026-09-20T08:28:00Z,completed,4.4,1.0
T641136,R007,2026-09-20T08:28:00Z,cancelled_by_customer,3.3,1.0
T335823,R035,2026-09-20T08:29:00Z,completed,7.5,1.0
T381812,R001,2026-09-20T08:29:00Z,completed,3.6,1.0
T604546,R027,2026-09-20T08:29:00Z,completed,10.0,1.2
T248792,R039,2026-09-20T08:30:00Z,completed,10500,1.0
T330675,R004,2026-09-20T08:30:00Z,completed,4.8,1.0
T455409,R020,2026-09-20T08:33:00Z,completed,5.7,1.0
T165906,R028,2026-09-20T08:36:00Z,completed,10.6,1.0
T100838,R006,2026-09-20T08:48:00Z,completed,1.5,1.0
T459161,R034,2026-09-20T08:48:00Z,completed,2.8,1.0
T792671,R038,2026-09-20T08:49:00Z,completed,3900,1.0
T846360,R037,2026-09-20T08:49:00Z,completed,4.7,1.0
T867667,R003,2026-09-20T08:49:00Z,completed,2.1,1.0
T412863,R018,2026-09-20T08:50:00Z,completed,7.7,1.0
T703113,R029,2026-09-20T08:50:00Z,completed,2.4,1.0
T478039,R016,2026-09-20T08:51:00Z,completed,10.9,1.0
T809704,R010,2026-09-20T08:51:00Z,completed,7.8,1.0
T508541,R013,2026-09-20T08:52:00Z,completed,5.8,1.0
T393477,R022,2026-09-20T08:53:00Z,completed,6.5,1.0
T115543,R019,2026-09-20T08:56:00Z,completed,1.7,1.0
T101554,R008,2026-09-20T08:57:00Z,completed,4.2,1.0
T675701,R036,2026-09-20T08:57:00Z,cancelled_by_customer,2.0,1.0
T166236,R015,2026-09-20T08:59:00Z,cancelled_by_rider,9.1,1.0
T106235,R001,2026-09-20T09:00:00Z,cancelled_by_customer,11.3,1.0
T493390,R005,2026-09-20T09:00:00Z,completed,3.2,1.0
T120019,R004,2026-09-20T09:03:00Z,completed,10.8,1.2
T575887,R007,2026-09-20T09:05:00Z,completed,8.2,1.0
T971860,R009,2026-09-20T09:06:00Z,completed,8.8,1.0
T618128,R017,2026-09-20T09:07:00Z,completed,13.0,1.0
T669446,R002,2026-09-20T09:11:00Z,completed,1.4,1.0
T378949,R010,2026-09-20T09:17:00Z,completed,4.8,1.0
T999487,R027,2026-09-20T09:17:00Z,completed,3.3,1.0
T907421,R037,2026-09-20T09:20:00Z,completed,11.2,1.0
T894076,R035,2026-09-20T09:21:00Z,completed,9.0,1.2
T657260,R036,2026-09-20T09:22:00Z,completed,7.2,1.0
T926716,R039,2026-09-20T09:23:00Z,completed,6100,1.0
T199708,R034,2026-09-20T09:29:00Z,completed,8.8,1.0
T761562,R016,2026-09-20T09:34:00Z,completed,6.6,1.0
T118743,R038,2026-09-20T09:37:00Z,completed,1200,1.0
T479832,R029,2026-09-20T09:37:00Z,completed,2.6,1.0
T371698,R018,2026-09-20T09:40:00Z,completed,10.7,1.0
T252921,R008,2026-09-20T09:43:00Z,completed,5.5,1.0
T316320,R013,2026-09-20T09:44:00Z,completed,3.1,1.0
T354073,R009,2026-09-20T09:46:00Z,completed,6.5,1.0
T204153,R039,2026-09-20T09:50:00Z,completed,6700,1.0
T770071,R004,2026-09-20T09:55:00Z,completed,9.8,1.0
T776281,R034,2026-09-20T09:57:00Z,completed,9.7,1.0
T901000,R035,2026-09-20T10:00:00Z,completed,5.2,1.0
T505693,R002,2026-09-20T10:01:00Z,completed,9.0,1.0
T617265,R016,2026-09-20T10:04:00Z,cancelled_by_rider,5.8,1.0
T826948,R010,2026-09-20T10:05:00Z,completed,4.3,1.0
T908856,R009,2026-09-20T10:13:00Z,completed,8.5,1.0
T236189,R036,2026-09-20T10:16:00Z,completed,2.1,1.0
T704280,R018,2026-09-20T10:20:00Z,completed,8.7,1.2
T763694,R039,2026-09-20T10:22:00Z,completed,7200,1.0
T986910,R029,2026-09-20T10:26:00Z,completed,2.9,1.0
T326678,R005,2026-09-20T10:27:00Z,completed,1.4,1.0
T248146,R004,2026-09-20T10:31:00Z,completed,3.7,1.0
T502347,R038,2026-09-20T10:32:00Z,completed,5100,1.0
T340454,R010,2026-09-20T10:34:00Z,completed,3.9,1.0
T665791,R013,2026-09-20T10:34:00Z,completed,10.7,1.0
T474797,R002,2026-09-20T10:46:00Z,completed,1.7,1.0
T483475,R036,2026-09-20T10:46:00Z,completed,10.9,1.0
T897637,R034,2026-09-20T10:51:00Z,completed,3.0,1.0
T796395,R018,2026-09-20T10:53:00Z,completed,8.6,1.0
T120649,R004,2026-09-20T10:59:00Z,completed,7.2,1.0
T454471,R009,2026-09-20T10:59:00Z,completed,2.4,1.0
T641376,R029,2026-09-20T10:59:00Z,completed,5.6,1.0
T847570,R005,2026-09-20T11:01:00Z,completed,10.6,1.0
T528630,R034,2026-09-20T11:18:00Z,completed,1.6,1.0
T616645,R002,2026-09-20T11:23:00Z,completed,6.7,1.0
T596826,R013,2026-09-20T11:28:00Z,completed,9.2,1.0
T152720,R036,2026-09-20T11:31:00Z,completed,11.4,1.0
T564717,R014,2026-09-20T11:40:00Z,completed,5.0,1.0
T570300,R040,2026-09-20T11:40:00Z,completed,6600,1.0
T214460,R009,2026-09-20T11:41:00Z,completed,1.2,1.0
T692516,R018,2026-09-20T11:48:00Z,completed,5.4,1.0
T522005,R002,2026-09-20T11:57:00Z,completed,3.3,1.0
T431724,R013,2026-09-20T11:58:00Z,completed,5.5,1.0
T792545,R036,2026-09-20T12:09:00Z,completed,5.1,1.0
T266442,R005,2026-09-20T12:10:00Z,completed,11.3,1.0
T484344,R040,2026-09-20T12:12:00Z,completed,9000,1.2
T217135,R018,2026-09-20T12:14:00Z,completed,6.5,1.0
T334764,R013,2026-09-20T12:23:00Z,completed,4.2,1.0
T246211,R014,2026-09-20T12:28:00Z,completed,10.0,1.0
T132717,R023,2026-09-20T12:30:00Z,completed,8.0,1.0
T256918,R025,2026-09-20T12:30:00Z,completed,8.3,1.0
T245614,R036,2026-09-20T12:34:00Z,completed,8.0,1.0
T219960,R024,2026-09-20T12:40:00Z,completed,10.5,1.0
T166298,R034,2026-09-20T12:41:00Z,completed,2.0,1.0
T711449,R040,2026-09-20T13:00:00Z,completed,10300,1.0
T164293,R005,2026-09-20T13:02:00Z,completed,10.7,1.0
T267301,R025,2026-09-20T13:03:00Z,completed,5.8,1.0
T640558,R023,2026-09-20T13:03:00Z,completed,4.0,1.0
T409330,R024,2026-09-20T13:19:00Z,completed,10.5,1.0
T948291,R036,2026-09-20T13:21:00Z,completed,4.6,1.0
T782225,R014,2026-09-20T13:29:00Z,completed,3.9,1.0
T776568,R012,2026-09-13T06:27:00Z,completed,5.0,1.0
T431604,R025,2026-09-20T13:36:00Z,completed,1.9,1.0
T706276,R023,2026-09-20T13:36:00Z,completed,5.7,1.0
T117093,R005,2026-09-20T13:44:00Z,completed,8.4,1.0
T258993,R040,2026-09-20T13:45:00Z,completed,9100,1.2
T300274,R024,2026-09-20T14:01:00Z,completed,3.9,1.5
T377332,R014,2026-09-20T14:01:00Z,completed,9.3,1.0
T362331,R036,2026-09-20T14:06:00Z,completed,9.6,1.0
T493896,R025,2026-09-20T14:09:00Z,completed,5.8,1.0
T762159,R023,2026-09-20T14:09:00Z,completed,8.4,1.0
T169401,R005,2026-09-20T14:11:00Z,completed,4.9,1.5
T790593,R040,2026-09-20T14:22:00Z,completed,5800,1.0
T740541,R014,2026-09-20T14:40:00Z,completed,10.3,1.0
T187498,R023,2026-09-20T14:42:00Z,completed,3.5,1.0
T298955,R025,2026-09-20T14:42:00Z,completed,3.0,1.0
T997182,R024,2026-09-20T14:50:00Z,completed,7.6,1.0
T106349,R014,2026-09-20T15:05:00Z,completed,4.4,1.0
T138921,R025,2026-09-20T15:15:00Z,completed,5.8,1.0
T328556,R023,2026-09-20T15:15:00Z,completed,8.7,1.0
T561176,R040,2026-09-20T15:15:00Z,cancelled_by_rider,1800,1.0
T531232,R024,2026-09-20T15:32:00Z,completed,10.0,1.0
T813664,R014,2026-09-20T15:45:00Z,completed,7.6,1.5
T535099,R023,2026-09-20T15:48:00Z,completed,4.6,1.0
T947932,R040,2026-09-20T15:54:00Z,completed,7700,1.0
T502970,R024,2026-09-20T16:09:00Z,completed,8.3,1.2
T468069,R040,2026-09-20T16:21:00Z,completed,7600,1.2
T940346,R023,2026-09-20T16:21:00Z,completed,4.6,1.0
T486818,R024,2026-09-20T16:39:00Z,completed,9.7,1.0
T594376,R014,2026-09-20T16:39:00Z,completed,1.8,1.0
T777108,R040,2026-09-20T17:13:00Z,completed,10200,1.0
T981836,R014,2026-09-20T17:27:00Z,completed,9.1,1.0
T333700,R040,2026-09-20T17:43:00Z,completed,10900,1.0
T795785,R014,2026-09-20T18:09:00Z,completed,9.7,1.0
T945916,R040,2026-09-20T18:19:00Z,completed,10000,1.0
T897100,R025,2026-09-20T18:39:00Z,completed,10.2,1.0
T386474,R014,2026-09-20T18:58:00Z,completed,3.5,1.0
T230752,R040,2026-09-20T19:10:00Z,completed,8200,1.0
T247209,R014,2026-09-20T19:31:00Z,completed,8.2,1.0
T814542,R040,2026-09-20T20:03:00Z,cancelled_by_rider,6200,1.0
T219196,R040,2026-09-20T20:43:00Z,completed,4800,1.0
T395692,R040,2026-09-20T21:30:00Z,completed,5100,1.0
T500027,R031,2026-09-21T02:30:00Z,completed,5400,1.0
T368213,R017,2026-09-21T02:40:00Z,completed,7.5,1.0
T896950,R011,2026-09-21T02:40:00Z,completed,8.0,1.0
T850954,R017,2026-09-21T03:06:00Z,completed,7.4,1.0
T285740,R012,2026-09-21T03:10:00Z,completed,2.2,1.0
T824328,R011,2026-09-21T03:14:00Z,completed,4.1,1.0
T826528,R031,2026-09-21T03:14:00Z,completed,2900,1.0
T321368,R004,2026-09-21T03:30:00Z,completed,7.1,1.0
T577602,R035,2026-09-21T03:30:00Z,completed,5.2,1.0
T673516,R006,2026-09-21T03:30:00Z,completed,8.4,1.0
T815383,R005,2026-09-21T03:30:00Z,completed,1.6,1.0
T936237,R027,2026-09-21T03:30:00Z,cancelled_by_rider,2.6,1.0
T961811,R028,2026-09-21T03:30:00Z,completed,6.7,1.0
T551155,R013,2026-09-21T03:40:00Z,completed,9.6,1.2
T586234,R039,2026-09-21T03:40:00Z,completed,3600,1.0
T690012,R017,2026-09-21T03:40:00Z,completed,6.2,1.0
T342369,R036,2026-09-21T03:50:00Z,completed,7.5,1.0
T631612,R034,2026-09-21T04:00:00Z,completed,9.0,1.0
T952761,R028,2026-09-21T04:02:00Z,completed,2.6,1.0
T418235,R035,2026-09-21T04:05:00Z,completed,4.8,1.0
T132013,R017,2026-09-21T04:07:00Z,completed,4.2,1.0
T561440,R031,2026-09-21T04:09:00Z,completed,5200,1.0
T713034,R011,2026-09-21T04:09:00Z,completed,4.3,1.0
T198100,R026,2026-09-21T04:10:00Z,cancelled_by_rider,0.9,1.0
T238629,R020,2026-09-21T04:10:00Z,completed,6.1,1.0
T593114,R006,2026-09-21T04:10:00Z,completed,6.7,1.0
T759145,R027,2026-09-21T04:10:00Z,completed,1.6,1.0
T858230,R018,2026-09-21T04:10:00Z,completed,4.0,1.0
T802235,R005,2026-09-21T04:12:00Z,completed,1.1,1.0
T894063,R039,2026-09-21T04:13:00Z,cancelled_by_rider,3600,1.0
T376458,R004,2026-09-21T04:15:00Z,completed,5.3,1.0
T146469,R013,2026-09-21T04:17:00Z,completed,5.3,1.0
T940011,R036,2026-09-21T04:17:00Z,completed,10.6,1.0
T216917,R030,2026-09-21T04:20:00Z,cancelled_by_customer,8.2,1.0
T356327,R022,2026-09-21T04:20:00Z,completed,1.1,1.0
T668035,R034,2026-09-21T04:25:00Z,completed,8.0,1.0
T949125,R012,2026-09-21T04:27:00Z,completed,6.4,1.0
T410765,R032,2026-09-21T04:30:00Z,completed,2900,1.0
T412727,R031,2026-09-21T04:34:00Z,completed,11200,1.0
T980582,R035,2026-09-21T04:36:00Z,completed,6.0,1.5
T458961,R018,2026-09-21T04:40:00Z,completed,4.2,1.0
T830886,R011,2026-09-21T04:44:00Z,completed,7.1,1.0
T175967,R039,2026-09-21T04:45:00Z,completed,7600,1.0
T621300,R005,2026-09-21T04:49:00Z,completed,8.4,1.0
T855052,R022,2026-09-21T04:49:00Z,completed,2.1,1.0
T331257,R028,2026-09-21T04:51:00Z,completed,1.9,1.0
T115545,R017,2026-09-15T09:17:00Z,completed,3.7,1.0
T374647,R017,2026-09-21T04:52:00Z,completed,9.8,1.0
T928778,R036,2026-09-21T04:53:00Z,completed,8.6,1.0
T878064,R034,2026-09-21T04:54:00Z,completed,4.5,1.0
T938064,R012,2026-09-21T04:54:00Z,completed,3.3,1.0
T988850,R013,2026-09-21T04:56:00Z,completed,4.5,1.0
T543874,R030,2026-09-21T04:59:00Z,completed,7.4,1.0
T566181,R006,2026-09-21T04:59:00Z,completed,8.8,1.0
T431883,R004,2026-09-21T05:00:00Z,completed,2.2,1.0
T467045,R027,2026-09-21T05:00:00Z,completed,6.1,1.0
T266273,R020,2026-09-21T05:05:00Z,completed,9.0,1.0
T578814,R031,2026-09-21T05:05:00Z,completed,11000,1.0
T628684,R026,2026-09-21T05:05:00Z,cancelled_by_customer,7.2,1.0
T347653,R035,2026-09-21T05:06:00Z,completed,5.1,1.0
T724914,R018,2026-09-21T05:06:00Z,completed,11.0,1.0
T144498,R016,2026-09-21T05:10:00Z,completed,0.8,1.0
T350342,R002,2026-09-21T05:10:00Z,completed,9.1,1.0
T857727,R029,2026-09-21T05:10:00Z,completed,7.5,1.0
T202656,R011,2026-09-21T05:15:00Z,completed,7.0,1.0
T730660,R022,2026-09-21T05:20:00Z,completed,5.1,1.0
T281890,R005,2026-09-21T05:22:00Z,completed,3.2,1.0
T682776,R032,2026-09-21T05:22:00Z,cancelled_by_rider,1000,1.0
T847499,R028,2026-09-21T05:26:00Z,completed,1.0,1.0
T478580,R034,2026-09-21T05:27:00Z,completed,8.8,1.0
T199330,R006,2026-09-21T05:29:00Z,completed,5.8,1.0
T821750,R012,2026-09-21T05:30:00Z,completed,5.1,1.0
T297757,R017,2026-09-21T05:31:00Z,completed,9.3,1.0
T368131,R036,2026-09-21T05:31:00Z,completed,7.9,1.0
T370188,R020,2026-09-21T05:31:00Z,completed,2.8,1.0
T438775,R013,2026-09-21T05:31:00Z,completed,3.0,1.2
T320460,R030,2026-09-21T05:32:00Z,completed,1.9,1.0
T250042,R026,2026-09-21T05:33:00Z,completed,5.3,1.0
T615120,R031,2026-09-21T05:34:00Z,completed,3900,1.0
T370806,R039,2026-09-21T05:35:00Z,cancelled_by_rider,3700,1.0
T901467,R018,2026-09-21T05:39:00Z,cancelled_by_customer,7.3,1.0
T195181,R027,2026-09-21T05:40:00Z,completed,8.8,1.0
T742028,R004,2026-09-21T05:48:00Z,completed,2.3,1.0
T242123,R032,2026-09-21T05:49:00Z,completed,6000,1.0
T598556,R011,2026-09-21T05:50:00Z,completed,3.0,1.0
T670658,R019,2026-09-21T05:50:00Z,completed,2.3,1.0
T783602,R038,2026-09-21T05:50:00Z,completed,5000,1.0
T198395,R035,2026-09-21T05:51:00Z,completed,5.8,1.0
T335141,R005,2026-09-21T05:52:00Z,completed,1.9,1.0
T390600,R029,2026-09-21T05:57:00Z,completed,6.0,1.0
T679591,R016,2026-09-21T05:58:00Z,completed,3.5,1.0
T738100,R008,2026-09-21T06:00:00Z,completed,4.7,1.2
T756642,R006,2026-09-21T06:01:00Z,completed,7.2,1.0
T619331,R002,2026-09-21T06:05:00Z,completed,4.5,1.0
T301247,R018,2026-09-21T06:07:00Z,completed,2.9,1.0
T932423,R028,2026-09-21T06:07:00Z,completed,2.4,1.0
T963530,R013,2026-09-21T06:09:00Z,completed,10.6,1.0
T316830,R010,2026-09-21T06:10:00Z,cancelled_by_customer,6.9,1.0
T175084,R012,2026-09-21T06:13:00Z,cancelled_by_rider,4.7,1.0
T120715,R027,2026-09-21T06:15:00Z,completed,1.7,1.0
T396189,R022,2026-09-21T06:15:00Z,completed,2.5,1.0
T712853,R034,2026-09-21T06:15:00Z,completed,8.2,1.0
T719914,R026,2026-09-21T06:15:00Z,completed,10.6,1.0
T689475,R036,2026-09-21T06:16:00Z,completed,9.9,1.0
T472189,R035,2026-09-21T06:21:00Z,completed,7.1,1.0
T491958,R038,2026-09-21T06:22:00Z,completed,9700,1.0
T721009,R011,2026-09-21T06:22:00Z,completed,2.8,1.0
T599541,R030,2026-09-21T06:23:00Z,completed,7.8,1.0
T778040,R031,2026-09-21T06:24:00Z,completed,5000,1.0
T697567,R017,2026-09-21T06:26:00Z,completed,5.3,1.0
T783319,R039,2026-09-21T06:27:00Z,completed,8300,1.0
T681635,R005,2026-09-21T06:31:00Z,completed,2.5,1.0
T783674,R019,2026-09-21T06:31:00Z,completed,8.4,1.0
T440996,R029,2026-09-21T06:33:00Z,completed,1.7,1.0
T508024,R020,2026-09-21T06:34:00Z,completed,10.3,1.0
T688065,R018,2026-09-21T06:34:00Z,completed,7.6,1.0
T693647,R004,2026-09-21T06:36:00Z,completed,1.7,1.0
T140600,R016,2026-09-21T06:37:00Z,completed,6.6,1.0
T275213,R008,2026-09-21T06:38:00Z,completed,9.8,1.0
T947516,R032,2026-09-21T06:38:00Z,completed,6800,1.0
T127668,R006,2026-09-21T06:39:00Z,completed,4.9,1.0
T292499,R028,2026-09-21T06:47:00Z,completed,3.5,1.0
T570062,R011,2026-09-21T06:50:00Z,completed,2.9,1.5
T922300,R031,2026-09-21T06:50:00Z,completed,1600,1.2
T317217,R002,2026-09-21T06:51:00Z,completed,9.5,1.0
T640466,R012,2026-09-21T06:54:00Z,completed,11.0,1.0
T971403,R027,2026-09-21T06:54:00Z,completed,5.3,1.0
T954668,R022,2026-09-21T06:57:00Z,completed,1.3,1.2
T527043,R030,2026-09-21T06:58:00Z,completed,2.7,1.0
T972260,R036,2026-09-21T06:58:00Z,completed,10.7,1.2
T145213,R013,2026-09-21T07:00:00Z,completed,7.4,1.0
T724816,R010,2026-09-21T07:00:00Z,completed,3.7,1.5
T597192,R034,2026-09-21T07:02:00Z,completed,10.5,1.0
T492433,R020,2026-09-21T07:05:00Z,completed,4.0,1.0
T567909,R035,2026-09-21T07:09:00Z,completed,6.5,1.0
T488952,R026,2026-09-21T07:10:00Z,completed,1.4,1.0
T705016,R038,2026-09-21T07:11:00Z,completed,10000,1.0
T547576,R005,2026-09-21T07:13:00Z,completed,1.5,1.0
T642759,R008,2026-09-21T07:14:00Z,completed,6.4,1.0
T790818,R017,2026-09-21T07:14:00Z,completed,2.4,1.5
T911573,R032,2026-09-21T07:14:00Z,completed,6500,1.0
T461429,R029,2026-09-21T07:16:00Z,completed,3.0,1.0
T717663,R004,2026-09-21T07:18:00Z,completed,1.5,1.0
T129030,R039,2026-09-21T07:19:00Z,completed,8300,1.2
T636928,r19,2026-09-21T07:22:00Z,completed,9.0,1.0
T237365,R018,2026-09-21T07:23:00Z,completed,5.9,1.0
T849302,R028,2026-09-21T07:24:00Z,cancelled_by_rider,3.3,1.0
T506086,R010,2026-09-21T07:26:00Z,completed,3.8,1.0
T440620,R012,2026-09-21T07:28:00Z,completed,1.6,1.0
T763999,R002,2026-09-21T07:28:00Z,completed,5.1,1.5
T307338,R006,2026-09-21T07:29:00Z,completed,5.6,1.0
T942224,R013,2026-09-21T07:29:00Z,completed,5.2,1.2
T703700,R016,2026-09-21T07:32:00Z,cancelled_by_rider,8.6,1.5
T630684,R030,2026-09-21T07:33:00Z,completed,10.5,1.0
T932025,R027,2026-09-21T07:33:00Z,completed,5.5,1.0
T863854,R026,2026-09-21T07:37:00Z,cancelled_by_rider,8.6,1.0
T632568,R011,2026-09-21T07:38:00Z,completed,5.2,1.0
T330633,R034,2026-09-21T07:39:00Z,completed,8.4,1.0
T696153,R036,2026-09-21T07:39:00Z,completed,8.8,1.5
T327429,R031,2026-09-21T07:40:00Z,cancelled_by_rider,9900,1.2
T190717,R020,2026-09-21T07:41:00Z,completed,3.1,1.0
T560302,R038,2026-09-21T07:41:00Z,completed,9500,1.2
T557838,R022,2026-09-21T07:42:00Z,completed,7.5,1.2
T729833,R005,2026-09-21T07:43:00Z,completed,5.4,1.0
T119912,R035,2026-09-21T07:46:00Z,completed,7.6,1.0
T543179,R039,2026-09-21T07:47:00Z,completed,10000,1.2
T716812,R002,2026-09-21T07:56:00Z,completed,4.5,1.5
T211730,R032,2026-09-21T07:58:00Z,completed,5300,1.0
T461641,R016,2026-09-21T08:01:00Z,completed,5.8,1.0
T540697,R029,2026-09-21T08:03:00Z,completed,11.2,1.5
T723799,R004,2026-09-21T08:06:00Z,completed,5.5,1.0
T538556,R008,2026-09-21T08:07:00Z,completed,9.4,1.5
T933222,R010,2026-09-21T08:07:00Z,completed,2.6,1.0
T135175,r19,2026-09-21T08:08:00Z,completed,6.6,1.0
T474289,R028,2026-09-21T08:10:00Z,completed,3.7,1.0
T667126,R020,2026-09-21T08:13:00Z,completed,2.1,1.0
T360551,R006,2026-09-21T08:14:00Z,completed,5.5,1.0
T377860,R022,2026-09-21T08:17:00Z,completed,8.4,1.0
T106397,R018,2026-09-21T08:18:00Z,completed,6.7,1.2
T731372,R031,2026-09-21T08:19:00Z,completed,11400,1.0
T223281,R012,2026-09-21T08:20:00Z,completed,11.1,1.2
T853826,R035,2026-09-21T08:21:00Z,completed,4.1,1.0
T465066,R013,2026-09-21T08:22:00Z,completed,6.1,1.2
T212602,R027,2026-09-21T08:23:00Z,completed,2.1,1.0
T508700,R005,2026-09-21T08:24:00Z,completed,2.4,1.0
T660351,R030,2026-09-21T08:24:00Z,completed,3.4,1.0
T253698,R034,2026-09-21T08:25:00Z,completed,9.6,1.0
T542469,R026,2026-09-21T08:26:00Z,completed,4.4,1.0
T516861,R038,2026-09-21T08:30:00Z,completed,3300,1.0
T606912,R029,2026-09-21T08:30:00Z,completed,2.7,1.0
T290385,R016,2026-09-21T08:31:00Z,completed,3.0,1.2
T373104,R032,2026-09-21T08:37:00Z,completed,7800,1.0
T183570,R010,2026-09-21T08:39:00Z,completed,2.9,1.0
T141627,R002,2026-09-21T08:42:00Z,completed,10.7,1.0
T807886,R006,2026-09-21T08:46:00Z,completed,2.3,1.0
T172521,R031,2026-09-21T08:47:00Z,completed,6400,1.0
T905990,R028,2026-09-21T08:51:00Z,completed,7.1,1.0
T914802,R004,2026-09-21T08:51:00Z,completed,3.2,1.0
T121134,R012,2026-09-21T08:54:00Z,completed,11.3,1.0
T131053,R019,2026-09-21T08:54:00Z,completed,6.1,1.0
T464814,R034,2026-09-21T08:55:00Z,completed,1.1,1.0
T669174,R029,2026-09-21T08:55:00Z,completed,2.4,1.0
T205336,R018,2026-09-21T08:56:00Z,completed,1.3,1.0
T325847,R038,2026-09-21T08:56:00Z,completed,4800,1.0
T554184,R008,2026-09-21T08:56:00Z,completed,6.0,1.0
T695930,R016,2026-09-21T08:56:00Z,completed,11.5,1.0
T454306,R005,2026-09-21T09:04:00Z,completed,4.4,1.0
T246233,R010,2026-09-21T09:05:00Z,cancelled_by_customer,4.2,1.0
T324440,R022,2026-09-21T09:05:00Z,completed,0.9,1.0
T164614,R020,2026-09-21T09:07:00Z,completed,6.7,1.0
T174463,R032,2026-09-21T09:08:00Z,completed,3800,1.0
T204279,R002,2026-09-21T09:12:00Z,completed,7.2,1.0
T410158,R013,2026-09-21T09:15:00Z,completed,9.9,1.0
T937871,R038,2026-09-21T09:22:00Z,completed,10300,1.0
T181624,R006,2026-09-21T09:31:00Z,completed,8.6,1.0
T860900,R008,2026-09-21T09:31:00Z,completed,5.9,1.0
T678552,R029,2026-09-21T09:34:00Z,completed,1.0,1.0
T503268,R016,2026-09-21T09:35:00Z,completed,5.0,1.0
T425839,R019,2026-09-21T09:36:00Z,completed,7.8,1.0
T253744,R005,2026-09-21T09:37:00Z,completed,2.6,1.0
T607040,R010,2026-09-21T09:38:00Z,completed,11.4,1.0
T904486,R020,2026-09-21T09:38:00Z,completed,1.3,1.0
T688316,R004,2026-09-21T09:39:00Z,completed,8.0,1.5
T708236,R012,2026-09-21T09:40:00Z,completed,3.1,1.0
T333450,R002,2026-09-21T09:45:00Z,completed,8.7,1.0
T461933,R018,2026-09-21T09:45:00Z,completed,4.2,1.0
T531054,R013,2026-09-21T09:47:00Z,completed,7.4,1.0
T225056,R022,2026-09-21T09:51:00Z,completed,6.9,1.0
T145930,R038,2026-09-21T09:54:00Z,completed,1100,1.0
T153434,R032,2026-09-21T09:54:00Z,completed,4200,1.0
T507100,R008,2026-09-21T10:05:00Z,cancelled_by_customer,2.7,1.0
T592867,R029,2026-09-21T10:07:00Z,completed,3.2,1.0
T784434,R005,2026-09-21T10:08:00Z,completed,7.4,1.0
T218759,R031,2026-09-12T08:31:00Z,completed,3.7,1.0
T148475,R006,2026-09-21T10:13:00Z,completed,1.9,1.0
T667164,R004,2026-09-18T07:32:00Z,completed,7.7,1.0
T322039,R012,2026-09-21T10:14:00Z,completed,1.4,1.0
T736023,R018,2026-09-21T10:17:00Z,completed,2.2,1.0
T105621,R016,2026-09-21T10:18:00Z,completed,11.0,1.0
T876992,R020,2026-09-21T10:18:00Z,completed,6.3,1.0
T477520,R002,2026-09-21T10:23:00Z,completed,10.2,1.0
T657538,R022,2026-09-21T10:24:00Z,completed,2.7,1.0
T797859,R019,2026-09-21T10:30:00Z,completed,7.3,1.0
T392715,R013,2026-09-21T10:36:00Z,completed,4.6,1.0
T859165,R005,2026-09-21T10:38:00Z,completed,6.2,1.0
T314026,R038,2026-09-21T10:40:00Z,completed,4200,1.0
T515341,R016,2026-09-21T10:45:00Z,completed,4.7,1.0
T612665,R006,2026-09-21T10:46:00Z,completed,1.2,1.0
T678916,R032,2026-09-21T10:46:00Z,completed,10200,1.0
T169798,R008,2026-09-21T10:48:00Z,completed,2.9,1.0
T722840,R029,2026-09-21T10:48:00Z,completed,9.2,1.0
T758398,R020,2026-09-21T11:02:00Z,completed,9.0,1.0
T435119,R019,2026-09-21T11:09:00Z,completed,9.0,1.0
T256419,R002,2026-09-21T11:11:00Z,completed,3.8,1.0
T261419,R032,2026-09-21T11:11:00Z,completed,4800,1.0
T460011,R029,2026-09-21T11:14:00Z,completed,1.6,1.0
T939007,R013,2026-09-21T11:15:00Z,completed,10.7,1.0
T198663,R008,2026-09-21T11:20:00Z,completed,0.9,1.0
T734847,R038,2026-09-21T11:32:00Z,completed,8800,1.0
T480462,r19,2026-09-21T11:35:00Z,completed,5.4,1.0
T425641,R008,2026-09-21T11:49:00Z,cancelled_by_rider,1.3,1.0
T240310,R040,2026-09-21T11:50:00Z,completed,2300,1.0
T210592,R029,2026-09-21T11:52:00Z,completed,9.7,1.0
T545987,R013,2026-09-21T11:56:00Z,completed,2.2,1.0
T922656,R032,2026-09-21T12:00:00Z,completed,5300,1.0
T808683,R002,2026-09-21T12:02:00Z,cancelled_by_customer,5.3,1.0
T369308,R019,2026-09-21T12:11:00Z,completed,7.5,1.0
T168887,R038,2026-09-21T12:12:00Z,completed,8500,1.0
T362283,R029,2026-09-21T12:24:00Z,cancelled_by_customer,6.3,1.0
T572379,R040,2026-09-21T12:25:00Z,completed,3800,1.0
T542083,R023,2026-09-21T12:30:00Z,completed,8.8,1.0
T665214,R008,2026-09-21T12:31:00Z,completed,7.5,1.0
T861670,R038,2026-09-21T12:42:00Z,completed,2000,1.0
T924925,R019,2026-09-21T12:51:00Z,completed,5.4,1.0
T101509,R032,2026-09-21T12:52:00Z,completed,3200,1.2
T949706,R029,2026-09-21T12:55:00Z,completed,8.8,1.0
T144680,R023,2026-09-21T13:03:00Z,completed,4.1,1.0
T456787,R014,2026-09-21T13:10:00Z,completed,7.9,1.0
T480490,R008,2026-09-21T13:11:00Z,completed,1.2,1.0
T665705,R040,2026-09-21T13:19:00Z,completed,4500,1.0
T401157,R032,2026-09-21T13:33:00Z,completed,9500,1.0
T161631,R023,2026-09-21T13:36:00Z,completed,2.8,1.0
T604036,R029,2026-09-21T13:47:00Z,completed,2.4,1.0
T172436,R014,2026-09-21T13:49:00Z,completed,6.9,1.2
T952993,R008,2026-09-21T13:57:00Z,completed,9.3,1.0
T186768,R023,2026-09-21T14:09:00Z,completed,5.6,1.0
T314217,R040,2026-09-21T14:09:00Z,completed,5700,1.0
T231126,R032,2026-09-21T14:22:00Z,completed,5000,1.5
T406401,R014,2026-09-21T14:38:00Z,completed,8.7,1.0
T244925,R023,2026-09-21T14:42:00Z,completed,8.2,1.0
T858169,R008,2026-09-21T14:52:00Z,completed,5.5,1.0
T893386,R040,2026-09-21T15:04:00Z,completed,1500,1.2
T702046,R023,2026-09-21T15:15:00Z,completed,3.1,1.0
T145600,R014,2026-09-21T15:32:00Z,completed,9.1,1.0
T145659,R040,2026-09-21T15:47:00Z,completed,1400,1.0
T727349,R023,2026-09-21T15:48:00Z,completed,3.9,1.0
T151936,R014,2026-09-21T16:06:00Z,completed,3.2,1.5
T981471,R023,2026-09-21T16:21:00Z,completed,9.0,1.0
T164731,R040,2026-09-21T16:26:00Z,completed,5900,1.0
T501004,R014,2026-09-21T16:53:00Z,completed,2.7,1.0
T993951,R014,2026-09-21T17:27:00Z,completed,3.6,1.0
T734522,R014,2026-09-21T18:18:00Z,completed,6.2,1.0
T510307,R023,2026-09-21T18:37:00Z,completed,10.3,1.0
T823998,R014,2026-09-21T18:47:00Z,completed,11.4,1.0
T899849,R023,2026-09-21T19:10:00Z,completed,10.1,1.0
T570148,R014,2026-09-21T19:38:00Z,cancelled_by_rider,2.2,1.0
T610271,R023,2026-09-21T19:57:00Z,completed,8.4,1.0
T802198,R014,2026-09-21T20:30:00Z,completed,11.2,1.0
T604016,R023,2026-09-21T20:49:00Z,completed,7.4,1.0
T704409,R014,2026-09-21T21:04:00Z,completed,3.9,1.0
T674817,R023,2026-09-21T21:44:00Z,completed,7.3,1.0
T396808,R023,2026-09-21T22:15:00Z,completed,1.5,1.0
T992356,R023,2026-09-21T23:06:00Z,completed,7.8,1.0
